code,name_vi,category,Năng lượng,Chất đạm,Chất đạm_unit,Chất béo (Fat),Chất béo (Fat)_unit,Chất bột đường,Chất bột đường_unit,Retinol,Retinol_unit,Vitamin A (RAE),Vitamin A (RAE)_unit,Beta-carotene,Beta-carotene_unit,Vitamin C,Vitamin C_unit,Canxi,Canxi_unit,Sắt,Sắt_unit,Natri,Natri_unit,Kali,Kali_unit,Kẽm,Kẽm_unit,Nước,Nước_unit,Tryptophan,Tryptophan_unit,Threonine,Threonine_unit,Isoleucine,Isoleucine_unit,Leucine,Leucine_unit,Lysine,Lysine_unit,Methionine,Methionine_unit,Cystine,Cystine_unit,Phenylalanine,Phenylalanine_unit,Tyrosine,Tyrosine_unit,Valine,Valine_unit,Arginine,Arginine_unit,Histidine,Histidine_unit,Alanine,Alanine_unit,Axit Aspartic,Axit Aspartic_unit,Axit Glutamic,Axit Glutamic_unit,Glycine,Glycine_unit,Proline,Proline_unit,Serine,Serine_unit,Axit béo bão hòa tổng số,Axit béo bão hòa tổng số_unit,C16:0,C16:0_unit,C18:0,C18:0_unit,Axit béo không bão hòa đơn tổng số,Axit béo không bão hòa đơn tổng số_unit,C18:1 c,C18:1 c_unit,Axit béo không bão hòa đa tổng số,Axit béo không bão hòa đa tổng số_unit,"C 18:2, cis, n-6 (Linoleic Acid)","C 18:2, cis, n-6 (Linoleic Acid)_unit","C 18:3, cis, n-3 (Alpha-Linolenic Acid)","C 18:3, cis, n-3 (Alpha-Linolenic Acid)_unit","Sugars, total","Sugars, total_unit",Tro,Tro_unit,Magie,Magie_unit,Photpho,Photpho_unit,Đồng,Đồng_unit,Mangan,Mangan_unit,Selen,Selen_unit,Vitamin D (D2 + D3),Vitamin D (D2 + D3)_unit,Vitamin E,Vitamin E_unit,Vitamin B1 (Thiamin),Vitamin B1 (Thiamin)_unit,Vitamin B2 (Riboflavin),Vitamin B2 (Riboflavin)_unit,Vitamin B3 (Niacin),Vitamin B3 (Niacin)_unit,Vitamin B5 (axit pantothenic),Vitamin B5 (axit pantothenic)_unit,Vitamin B6,Vitamin B6_unit,Vitamin B9 (Folate),Vitamin B9 (Folate)_unit,"Folate, food","Folate, food_unit",Vitamin K1 (Phylloquinone),Vitamin K1 (Phylloquinone)_unit,C16:1 c,C16:1 c_unit,C20:4 n-6,C20:4 n-6_unit,Lycopene,Lycopene_unit,Lutein + zeaxanthin,Lutein + zeaxanthin_unit,Chất xơ,Chất xơ_unit,Cholesterol,Cholesterol_unit,C18:1 undifferentiated,C18:1 undifferentiated_unit,Vitamin B12,Vitamin B12_unit,C4:0,C4:0_unit,C6:0,C6:0_unit,C8:0,C8:0_unit,C10:0,C10:0_unit,C12:0,C12:0_unit,C14:0,C14:0_unit,C16:1 undifferentiated,C16:1 undifferentiated_unit,C18:2 undifferentiated,C18:2 undifferentiated_unit,C18:3 undifferentiated,C18:3 undifferentiated_unit,F,F_unit,Vitamin D3 (Cholecalciferol),Vitamin D3 (Cholecalciferol)_unit,"Tocopherol, alpha","Tocopherol, alpha_unit","Folate, DFE","Folate, DFE_unit","Choline, total","Choline, total_unit",C20:0,C20:0_unit,C22:0,C22:0_unit,"Fatty acids, total trans","Fatty acids, total trans_unit"
10001,Sữa bò tươi,Sữa và sản phẩm chế biến,74.0,3.9,g,4.4,g,4.8,g,50.0,mcg,51.83,mcg,22.0,mcg,1.0,mg,111.33,mg,0.09,mg,352.54,mg,132.67,mg,0.37,mg,86.2,g,50.0,mg,190.0,mg,250.0,mg,460.0,mg,320.0,mg,90.0,mg,28.0,mg,180.0,mg,137.0,mg,240.0,mg,170.0,mg,100.0,mg,95.0,mg,221.0,mg,640.0,mg,57.0,mg,297.0,mg,167.0,mg,1.87,g,0.83,g,0.37,g,0.81,g,0.81,g,0.2,g,0.12,g,0.08,g,5.26,g,0.7,g,14.84,mg,88.14,mg,0.02,mg,0.0,mg,1.11,mcg,1.0,mcg,0.06,mg,0.05,mg,0.19,mg,0.1,mg,0.36,mg,0.04,mg,5.0,mcg,5.0,mcg,0.2,mcg,,,,,,,,,,,,,,,,,,,,,,,,,,,,,,,,,,,,,,,,,,,,,,,,,,
10002,Sữa dê tươi,Sữa và sản phẩm chế biến,69.0,3.5,g,4.1,g,4.5,g,50.0,mcg,51.67,mcg,20.0,mcg,3.0,mg,147.0,mg,0.1,mg,50.0,mg,204.0,mg,0.3,mg,87.2,g,42.0,mg,161.0,mg,159.0,mg,313.0,mg,249.0,mg,80.0,mg,85.0,mg,191.0,mg,212.0,mg,207.0,mg,101.0,mg,85.0,mg,106.0,mg,244.0,mg,636.0,mg,58.0,mg,350.0,mg,170.0,mg,2.67,g,0.91,g,0.44,g,1.11,g,0.98,g,0.15,g,0.11,g,0.04,g,4.45,g,0.7,g,14.0,mg,126.0,mg,0.05,mg,0.02,mg,1.4,mcg,0.3,mcg,0.07,mg,0.04,mg,0.18,mg,0.3,mg,0.31,mg,0.05,mg,1.0,mcg,1.0,mcg,0.3,mcg,0.08,g,,,,,,,,,,,,,,,,,,,,,,,,,,,,,,,,,,,,,,,,,,,,,,,,
10003,Sữa mẹ (sữa người),Sữa và sản phẩm chế biến,61.0,1.5,g,3.0,g,7.0,g,90.0,mcg,90.08,mcg,1.0,mcg,6.0,mg,34.0,mg,0.1,mg,15.0,mg,41.0,mg,0.4,mg,88.3,g,30.0,mg,70.0,mg,110.0,mg,150.0,mg,110.0,mg,40.0,mg,26.0,mg,90.0,mg,82.0,mg,130.0,mg,60.0,mg,59.0,mg,58.0,mg,130.0,mg,264.0,mg,34.0,mg,137.0,mg,60.0,mg,1.38,g,0.63,g,0.2,g,1.14,g,1.01,g,0.34,g,0.26,g,0.04,g,6.89,g,0.2,g,2.0,mg,15.0,mg,0.01,mg,0.01,mg,1.8,mcg,0.1,mcg,0.08,mg,0.01,mg,0.04,mg,0.1,mg,0.22,mg,0.01,mg,5.0,mcg,5.0,mcg,0.3,mcg,0.09,g,0.02,g,3.0,mcg,1.0,mcg,,,,,,,,,,,,,,,,,,,,,,,,,,,,,,,,,,,,,,,,,,
10004,Sữa chua,Sữa và sản phẩm chế biến,61.0,3.3,g,3.7,g,3.6,g,25.0,mcg,25.92,mcg,11.0,mcg,0.7,mg,120.0,mg,0.1,mg,46.0,mg,155.0,mg,0.59,mg,88.7,g,56.0,mg,181.0,mg,228.0,mg,388.0,mg,360.0,mg,107.0,mg,39.0,mg,199.0,mg,192.0,mg,298.0,mg,135.0,mg,109.0,mg,134.0,mg,310.0,mg,898.0,mg,80.0,mg,417.0,mg,234.0,mg,2.1,g,0.89,g,0.32,g,0.89,g,0.74,g,0.09,g,0.07,g,0.03,g,4.66,g,0.7,g,12.0,mg,95.0,mg,0.01,mg,0.0,mg,2.2,mcg,,,,,0.04,mg,0.2,mg,0.1,mg,0.39,mg,0.03,mg,7.0,mcg,7.0,mcg,,,0.07,g,,,,,,,,,,,,,,,,,,,,,,,,,,,,,,,,,,,,,,,,,,,,,,,,
10005,Sữa chua vớt béo,Sữa và sản phẩm chế biến,26.0,3.4,g,,,3.1,g,4.0,mcg,4.0,mcg,,,1.35,mg,143.0,mg,0.06,mg,68.98,mg,173.21,mg,0.58,mg,92.8,g,,,,,,,,,,,,,,,,,,,,,,,,,,,,,,,,,,,,,,,,,,,,,,,,,,,,,14.97,g,0.7,g,20.44,mg,109.0,mg,0.11,mg,,,3.58,mcg,,,,,0.04,mg,0.2,mg,0.1,mg,,,0.05,mg,12.0,mcg,12.0,mcg,,,,,,,,,,,,,,,,,,,,,,,,,,,,,,,,,,,,,,,,,,,,,,,,,,,,
10006,Sữa bột toàn phần,Sữa và sản phẩm chế biến,494.0,27.0,g,26.0,g,38.0,g,318.33,mcg,321.91,mcg,43.0,mcg,10.0,mg,939.0,mg,0.47,mg,371.0,mg,1330.0,mg,3.34,mg,3.5,g,381.0,mg,1231.0,mg,1301.0,mg,2541.0,mg,2230.0,mg,699.0,mg,243.0,mg,1291.0,mg,1366.0,mg,1615.0,mg,942.0,mg,772.0,mg,1031.0,mg,1909.0,mg,5697.0,mg,524.0,mg,2471.0,mg,132.0,mg,16.74,g,7.52,g,2.85,g,7.92,g,6.19,g,0.67,g,0.46,g,0.2,g,38.42,g,5.5,g,85.0,mg,790.0,mg,0.08,mg,0.04,mg,16.3,mcg,7.8,mcg,0.48,mg,0.24,mg,1.31,mg,0.7,mg,2.27,mg,0.3,mg,37.0,mcg,37.0,mcg,1.8,mcg,1.2,g,,,,,,,,,,,,,,,,,,,,,,,,,,,,,,,,,,,,,,,,,,,,,,,,
10007,Sữa bột tách béo,Sữa và sản phẩm chế biến,357.0,35.0,g,1.0,g,52.0,g,6.0,mcg,6.08,mcg,1.0,mcg,6.0,mg,1246.0,mg,0.45,mg,535.0,mg,1794.0,mg,4.08,mg,4.0,g,441.0,mg,1542.0,mg,2278.0,mg,3177.0,mg,3047.0,mg,1243.0,mg,131.0,mg,1700.0,mg,1559.0,mg,2310.0,mg,1025.0,mg,877.0,mg,,,,,,,,,,,,,0.5,g,0.24,g,0.09,g,0.2,g,0.17,g,0.03,g,0.02,g,0.01,g,51.48,g,8.0,g,110.0,mg,980.0,mg,0.04,mg,0.02,mg,27.3,mcg,8.3,mcg,,,0.42,mg,0.6,mg,1.2,mg,3.57,mg,0.36,mg,50.0,mcg,50.0,mcg,0.1,mcg,0.02,g,,,,,,,,,,,,,,,,,,,,,,,,,,,,,,,,,,,,,,,,,,,,,,,,
10008,Sữa đặc có đường Việt Nam,Sữa và sản phẩm chế biến,336.0,8.1,g,8.8,g,56.0,g,58.0,mcg,62.17,mcg,50.0,mcg,,,307.0,mg,0.6,mg,,,,,,,25.4,g,101.0,mg,353.0,mg,392.0,mg,698.0,mg,536.0,mg,194.0,mg,68.0,mg,401.0,mg,383.0,mg,494.0,mg,263.0,mg,206.0,mg,272.0,mg,648.0,mg,1518.0,mg,185.0,mg,728.0,mg,428.0,mg,,,,,,,,,,,,,,,,,,,1.7,g,,,219.0,mg,,,,,,,,,,,0.06,mg,0.3,mg,0.2,mg,,,,,,,,,,,,,,,,,,,,,,,,,,,,,,,,,,,,,,,,,,,,,,,,,,,,,,,,,,,,
10009,Phó mát,Sữa và sản phẩm chế biến,380.0,25.5,g,30.9,g,,,275.0,mcg,284.83,mcg,118.0,mcg,0.5,mg,760.0,mg,0.5,mg,621.0,mg,98.0,mg,3.11,mg,38.9,g,369.0,mg,943.0,mg,1138.0,mg,2076.0,mg,1883.0,mg,596.0,mg,141.0,mg,1286.0,mg,1385.0,mg,1618.0,mg,808.0,mg,683.0,mg,734.0,mg,1691.0,mg,5631.0,mg,469.0,mg,2612.0,mg,1401.0,mg,19.67,g,9.14,g,3.74,g,8.76,g,7.37,g,0.88,g,0.54,g,0.34,g,0.52,g,4.7,g,28.0,mg,424.0,mg,0.03,mg,0.01,mg,13.9,mcg,0.3,mcg,0.29,mg,0.1,mg,0.51,mg,0.1,mg,0.41,mg,0.07,mg,18.0,mcg,18.0,mcg,2.8,mcg,0.94,g,,,,,,,,,,,,,,,,,,,,,,,,,,,,,,,,,,,,,,,,,,,,,,,,
1001,"Gạo, trắng, nếp cái, sống",Ngũ cốc và sản phẩm chế biến,348.0,8.6,g,1.5,g,75.1,g,,,,,,,,,32.0,mg,1.2,mg,3.0,mg,282.0,mg,2.2,mg,14.0,g,,,177.0,mg,222.0,mg,531.0,mg,207.0,mg,66.0,mg,96.0,mg,229.0,mg,111.0,mg,317.0,mg,435.0,mg,133.0,mg,347.0,mg,443.0,mg,1210.0,mg,281.0,mg,376.0,mg,309.0,mg,,,,,,,,,,,,,,,,,,,0.8,g,17.0,mg,98.0,mg,0.28,mg,1.1,mg,,,,,,,0.14,mg,0.06,mg,2.4,mg,,,,,,,,,,,,,,,,,,,0.6,g,,,,,,,,,,,,,,,,,,,,,,,,,,,,,,,,,,,,,,,,
10015,"Sữa, bò, tiệt trùng, có đường, toàn phần, trắng ",Sữa và sản phẩm chế biến,85.0,3.9,g,4.4,g,7.34,g,,,51.83,mcg,22.0,mcg,1.0,mg,120.0,mg,0.1,mg,380.0,mg,143.0,mg,0.4,mg,84.65,g,0.05,mg,0.19,mg,0.25,mg,0.46,mg,0.32,mg,0.09,mg,0.03,mg,0.18,mg,0.14,mg,0.24,mg,0.17,mg,0.1,mg,0.1,mg,0.22,mg,0.64,mg,0.06,mg,0.3,mg,0.17,mg,1.87,g,0.83,g,0.37,g,0.81,g,,,0.2,g,0.12,g,0.08,g,6.01,g,0.7,g,16.0,mg,95.0,mg,0.02,mg,0.0,mg,1.2,mcg,1.0,mcg,0.06,mg,0.05,mg,0.19,mg,0.1,mg,0.36,mg,0.04,mg,5.0,mcg,,,0.2,mcg,,,,,,,50.0,mcg,,,42.0,mg,0.81,g,0.44,mcg,,,,,,,,,,,,,,,,,,,,,,,,,,,,,,,,,,
1002,"Gạo, trắng, nếp thường, sống",Ngũ cốc và sản phẩm chế biến,350.0,8.4,g,1.6,g,75.4,g,,,,,,,,,16.0,mg,1.2,mg,3.0,mg,282.0,mg,2.2,mg,13.9,g,79.0,mg,244.0,mg,294.0,mg,563.0,mg,246.0,mg,160.0,mg,140.0,mg,364.0,mg,228.0,mg,416.0,mg,568.0,mg,160.0,mg,395.0,mg,640.0,mg,1328.0,mg,310.0,mg,321.0,mg,358.0,mg,0.11,g,0.09,g,0.01,g,0.2,g,0.2,g,0.2,g,0.19,g,0.01,g,,,0.7,g,17.0,mg,130.0,mg,0.28,mg,1.1,mg,15.1,mcg,,,,,0.16,mg,0.06,mg,2.4,mg,0.28,mg,0.11,mg,7.0,mcg,7.0,mcg,,,0.0,g,,,,,,,0.5,g,,,,,,,,,,,,,,,,,,,,,,,,,,,,,,,,,,,,,,,,
1003,"Gạo, trắng, tẻ, giã tay, sống",Ngũ cốc và sản phẩm chế biến,347.0,8.1,g,1.3,g,75.7,g,,,,,,,,,36.0,mg,0.2,mg,5.0,mg,202.0,mg,1.9,mg,14.0,g,78.95,mg,241.97,mg,292.22,mg,559.82,mg,245.05,mg,158.92,mg,138.42,mg,361.94,mg,226.59,mg,413.2,mg,564.95,mg,158.92,mg,392.7,mg,636.72,mg,1320.61,mg,308.62,mg,318.87,mg,355.78,mg,0.35,g,0.32,g,0.02,g,0.41,g,0.4,g,0.35,g,0.29,g,0.06,g,,,0.9,g,52.0,mg,108.0,mg,0.36,mg,1.5,mg,38.8,mcg,,,,,0.12,mg,0.04,mg,1.9,mg,,,,,,,,,,,0.0,g,,,,,,,0.7,g,,,,,,,,,,,,,,,,,,,,,,,,,,,,,,,,,,,,,,,,
10031,"Sữa chua, nước/uống, có đường",Sữa và sản phẩm chế biến,62.0,3.47,g,3.25,g,4.66,g,,,27.0,mcg,5.0,mcg,0.5,mg,121.0,mg,0.05,mg,46.0,mg,155.0,mg,0.59,mg,87.9,g,0.02,mg,0.14,mg,0.19,mg,0.35,mg,0.31,mg,0.1,mg,0.03,mg,0.19,mg,0.18,mg,0.29,mg,0.1,mg,0.09,mg,0.15,mg,0.28,mg,0.68,mg,0.08,mg,0.41,mg,0.22,mg,2.1,g,0.89,g,0.32,g,0.89,g,,,0.09,g,,,,,4.66,g,0.72,g,12.0,mg,95.0,mg,0.01,mg,0.0,mg,2.2,mcg,0.1,mcg,,,0.03,mg,0.14,mg,0.08,mg,0.39,mg,0.03,mg,7.0,mcg,7.0,mcg,0.2,mcg,,,,,,,27.0,mcg,,,13.0,mg,0.74,g,0.37,mcg,0.1,g,0.07,g,0.04,g,0.09,g,0.11,g,0.34,g,0.07,g,0.07,g,0.03,g,12.0,mcg,0.1,mcg,0.06,mg,7.0,mcg,15.2,mg,,,,,,
10035,"Sữa chua, đặc, có đường",Sữa và sản phẩm chế biến,65.0,3.3,g,3.7,g,4.66,g,,,25.92,mcg,11.0,mcg,0.7,mg,120.0,mg,0.1,mg,46.0,mg,155.0,mg,0.59,mg,87.64,g,0.06,mg,0.18,mg,0.23,mg,0.39,mg,0.36,mg,0.11,mg,0.04,mg,0.2,mg,0.19,mg,0.3,mg,0.14,mg,0.11,mg,0.13,mg,0.31,mg,0.9,mg,0.08,mg,0.42,mg,0.23,mg,2.1,g,0.89,g,0.32,g,0.89,g,,,0.09,g,0.07,g,0.03,g,4.66,g,0.7,g,12.0,mg,95.0,mg,0.01,mg,0.0,mg,2.2,mcg,,,,,0.04,mg,0.2,mg,0.1,mg,0.39,mg,0.03,mg,7.0,mcg,,,,,,,,,,,25.0,mcg,,,13.0,mg,0.74,g,0.37,mcg,,,,,,,,,,,,,0.07,g,,,,,,,,,,,,,,,,,,,,
10036,"Sữa chua, đặc, không đường",Sữa và sản phẩm chế biến,61.0,3.3,g,3.7,g,3.6,g,,,25.92,mcg,11.0,mcg,0.7,mg,120.0,mg,0.1,mg,46.0,mg,155.0,mg,0.59,mg,88.7,g,0.06,mg,0.18,mg,0.23,mg,0.39,mg,0.36,mg,0.11,mg,0.04,mg,0.2,mg,0.19,mg,0.3,mg,0.14,mg,0.11,mg,0.13,mg,0.31,mg,0.9,mg,0.08,mg,0.42,mg,0.23,mg,2.1,g,0.89,g,0.32,g,0.89,g,,,0.09,g,0.07,g,0.03,g,3.24,g,0.7,g,12.0,mg,95.0,mg,0.01,mg,0.0,mg,2.2,mcg,,,,,0.04,mg,0.2,mg,0.1,mg,0.39,mg,0.03,mg,7.0,mcg,,,,,,,,,,,25.0,mcg,,,13.0,mg,0.74,g,0.37,mcg,,,,,,,,,,,,,0.07,g,,,,,,,,,,,,,,,,,,,,
1004,"Gạo, trắng, tẻ, xát máy, sống",Ngũ cốc và sản phẩm chế biến,346.0,7.9,g,1.0,g,76.3,g,,,,,,,,,30.0,mg,1.3,mg,5.0,mg,241.0,mg,1.5,mg,14.0,g,77.0,mg,236.0,mg,285.0,mg,546.0,mg,239.0,mg,155.0,mg,135.0,mg,353.0,mg,221.0,mg,403.0,mg,551.0,mg,155.0,mg,383.0,mg,621.0,mg,1288.0,mg,301.0,mg,311.0,mg,347.0,mg,0.16,g,0.14,g,0.01,g,0.18,g,0.18,g,0.16,g,0.13,g,0.03,g,,,0.8,g,14.0,mg,104.0,mg,0.23,mg,0.9,mg,31.8,mcg,,,,,0.1,mg,0.03,mg,1.6,mg,1.34,mg,0.15,mg,9.0,mcg,9.0,mcg,,,0.0,g,,,,,,,0.4,g,,,,,,,,,,,,,,,,,,,,,,,,,,,,,,,,,,,,,,,,
10047,"Sữa đặc có đường, Việt Nam",Sữa và sản phẩm chế biến,328.0,7.91,g,8.7,g,54.4,g,,,74.0,mcg,,,2.6,mg,284.0,mg,0.19,mg,127.0,mg,371.0,mg,0.94,mg,27.16,g,0.11,mg,0.36,mg,0.48,mg,0.78,mg,0.63,mg,0.2,mg,0.07,mg,0.38,mg,0.38,mg,0.53,mg,0.29,mg,0.21,mg,0.27,mg,0.6,mg,1.66,mg,0.17,mg,0.77,mg,0.43,mg,5.49,g,2.4,g,1.21,g,2.43,g,,,0.34,g,,,,,54.4,g,1.83,g,26.0,mg,253.0,mg,0.02,mg,0.01,mg,14.8,mcg,0.2,mcg,,,0.09,mg,0.42,mg,0.21,mg,0.75,mg,0.05,mg,11.0,mcg,11.0,mcg,0.6,mcg,,,,,,,73.0,mcg,,,34.0,mg,2.19,g,0.44,mcg,0.28,g,0.17,g,0.1,g,0.07,g,0.18,g,0.78,g,0.14,g,0.22,g,0.12,g,,,0.2,mcg,0.16,mg,11.0,mcg,89.1,mg,,,,,,
10048,Sữa hộp Milo,Sữa và sản phẩm chế biến,55.0,0.92,g,0.55,g,11.54,g,,,,,,,,,21.0,mg,0.17,mg,73.0,mg,99.0,mg,0.21,mg,86.34,g,,mg,,mg,,mg,,mg,,mg,,mg,,mg,,mg,,mg,,mg,,mg,,mg,,mg,,mg,,mg,,mg,,mg,,mg,0.33,g,0.15,g,0.16,g,0.18,g,,,0.02,g,,,,,9.03,g,0.65,g,12.0,mg,43.0,mg,0.05,mg,0.04,mg,0.7,mcg,,,,,0.01,mg,0.08,mg,0.08,mg,0.12,mg,0.02,mg,1.0,mcg,1.0,mcg,,,,,,,,,,,,,,,0.18,g,,,0.0,g,,,,,0.0,g,,,0.0,g,0.0,g,0.02,g,,,,,,,0.03,mg,1.0,mcg,4.6,mg,0.0,g,0.0,g,0.1,g
1005,"Gạo, tẻ, chưa xát (gạo lứt), sống",Ngũ cốc và sản phẩm chế biến,359.0,7.5,g,2.68,g,76.18,g,,,,,,,,,16.0,mg,2.8,mg,5.0,mg,202.0,mg,1.9,mg,12.37,g,96.0,mg,275.0,mg,318.0,mg,620.0,mg,286.0,mg,169.0,mg,91.0,mg,387.0,mg,281.0,mg,440.0,mg,569.0,mg,190.0,mg,437.0,mg,702.0,mg,1528.0,mg,369.0,mg,352.0,mg,388.0,mg,0.54,g,0.46,g,0.05,g,0.97,g,0.96,g,0.96,g,0.92,g,0.04,g,,,1.27,g,52.0,mg,246.0,mg,0.36,mg,1.5,mg,38.8,mcg,,,,,0.34,mg,0.07,mg,5.0,mg,1.5,mg,0.62,mg,20.0,mcg,20.0,mcg,,,0.01,g,,,,,,,3.4,g,,,,,,,,,,,,,,,,,,,,,,,,,,,,,,,,,,,,,,,,
1006,"Kê, hạt, sống",Ngũ cốc và sản phẩm chế biến,345.0,7.0,g,3.0,g,72.4,g,,,5.0,mcg,60.0,mcg,,,22.0,mg,2.7,mg,7.0,mg,249.0,mg,1.5,mg,14.0,g,119.0,mg,353.0,mg,465.0,mg,1400.0,mg,212.0,mg,221.0,mg,212.0,mg,580.0,mg,340.0,mg,578.0,mg,382.0,mg,236.0,mg,986.0,mg,726.0,mg,2396.0,mg,287.0,mg,877.0,mg,644.0,mg,0.51,g,0.38,g,0.11,g,0.55,g,0.53,g,1.52,g,1.43,g,0.08,g,,,3.6,g,430.0,mg,290.0,mg,0.44,mg,1.7,mg,2.7,mcg,,,0.05,mg,0.4,mg,0.09,mg,1.6,mg,0.85,mg,0.38,mg,85.0,mcg,85.0,mcg,0.9,mcg,0.01,g,,,,,,,3.4,g,,,,,,,,,,,,,,,,,,,,,,,,,,,,,,,,,,,,,,,,
1007,"Ngô, cả bắp, tươi",Ngũ cốc và sản phẩm chế biến,200.0,4.1,g,2.3,g,40.8,g,,,20.0,mcg,240.0,mcg,12.0,mg,20.0,mg,1.5,mg,3.0,mg,306.0,mg,1.4,mg,52.0,g,24.0,mg,140.0,mg,140.0,mg,470.0,mg,100.0,mg,71.0,mg,59.0,mg,190.0,mg,140.0,mg,180.0,mg,150.0,mg,100.0,mg,280.0,mg,240.0,mg,760.0,mg,140.0,mg,330.0,mg,190.0,mg,0.28,g,0.24,g,0.04,g,0.52,g,0.52,g,0.89,g,0.86,g,0.03,g,1.7,g,0.8,g,39.0,mg,187.0,mg,0.24,mg,0.35,mg,4.0,mcg,,,0.8,mg,0.15,mg,0.08,mg,1.8,mg,0.54,mg,0.16,mg,33.0,mcg,33.0,mcg,,,,,,,,,,,1.2,g,,,,,,,,,,,,,,,,,,,,,,,,,,,,,,,,,,,,,,,,
1007014,"Ngô tươi, tẻ, nướng",Ngũ cốc và sản phẩm chế biến,274.0,5.62,g,3.15,g,55.89,g,,,27.4,mcg,328.77,mcg,16.44,mg,27.4,mg,2.05,mg,4.11,mg,419.18,mg,1.92,mg,34.25,g,0.03,mg,0.19,mg,0.19,mg,0.64,mg,0.14,mg,0.1,mg,0.08,mg,0.26,mg,0.19,mg,0.25,mg,0.21,mg,0.14,mg,0.38,mg,0.33,mg,1.04,mg,0.19,mg,0.45,mg,0.26,mg,0.38,g,0.33,g,0.05,g,0.71,g,,g,1.22,g,1.18,g,0.04,g,2.33,g,1.1,g,53.42,mg,256.16,mg,0.33,mg,0.48,mg,5.48,mcg,,mcg,1.1,mg,0.15,mg,0.09,mg,2.34,mg,0.55,mg,0.16,mg,22.6,mcg,,mcg,,,,g,,,,mcg,,,1.64,g,,,0.71,g,,,,g,,g,,g,,g,,g,,g,,,,g,,g,,mcg,,mcg,,mg,,mcg,,mg,,,,,,g
1008,"Ngô, vàng, hạt, khô",Ngũ cốc và sản phẩm chế biến,362.0,8.6,g,4.7,g,71.4,g,,,10.71,mcg,97.0,mcg,,,30.0,mg,2.3,mg,35.0,mg,287.0,mg,2.21,mg,14.0,g,67.0,mg,354.0,mg,337.0,mg,1155.0,mg,265.0,mg,197.0,mg,170.0,mg,463.0,mg,383.0,mg,477.0,mg,470.0,mg,287.0,mg,705.0,mg,655.0,mg,1768.0,mg,386.0,mg,822.0,mg,447.0,mg,0.67,g,0.57,g,0.08,g,1.25,g,1.25,g,2.16,g,2.1,g,0.07,g,0.64,g,1.3,g,127.0,mg,190.0,mg,0.31,mg,0.49,mg,15.5,mcg,,,0.49,mg,0.28,mg,0.11,mg,2.0,mg,0.42,mg,0.62,mg,19.0,mcg,19.0,mcg,0.3,mcg,0.0,g,,,,,1355.0,mcg,2.0,g,,,,,,,,,,,,,,,,,,,,,,,,,,,,,,,,,,,,,,,,
1009,"Bánh bao, nhân thịt",Ngũ cốc và sản phẩm chế biến,276.0,10.4,g,10.8,g,34.2,g,,,,,,,,,19.0,mg,1.5,mg,,,,,,,43.2,g,,,,,,,,,,,,,,,,,,,,,,,,,,,,,,,,,,,,,,,,,,,,,,,,,,,,,,,1.4,g,,,88.0,mg,,,,,,,,,,,0.1,mg,0.04,mg,1.0,mg,,,,,,,,,,,,,,,,,,,0.5,g,,,,,,,,,,,,,,,,,,,,,,,,,,,,,,,,,,,,,,,,
1010,Bánh đa nem,Ngũ cốc và sản phẩm chế biến,335.0,4.0,g,0.2,g,79.4,g,,,,,,,,,20.0,mg,0.3,mg,,,,,,,15.0,g,,,,,,,,,,,,,,,,,,,,,,,,,,,,,,,,,,,,,,,,,,,,,,,,,,,,,,,1.4,g,,,65.0,mg,,,,,,,,,,,,,,,,,,,,,,,,,,,,,,,,,,,0.5,g,,,,,,,,,,,,,,,,,,,,,,,,,,,,,,,,,,,,,,,,
1011,Bánh đúc,Ngũ cốc và sản phẩm chế biến,52.0,0.9,g,0.3,g,11.4,g,,,,,,,,,50.0,mg,0.4,mg,,,,,,,86.8,g,,,,,,,,,,,,,,,,,,,,,,,,,,,,,,,,,,,,,,,,,,,,,,,,,,,,,,,0.6,g,,,19.0,mg,,,,,,,,,,,,,,,,,,,,,,,,,,,,,,,,,,,0.1,g,,,,,,,,,,,,,,,,,,,,,,,,,,,,,,,,,,,,,,,,
1012,Bánh mỳ ,Ngũ cốc và sản phẩm chế biến,250.0,7.9,g,0.8,g,52.8,g,,,,,,,,,28.0,mg,2.0,mg,,,,,,,37.2,g,66.0,mg,216.0,mg,294.0,mg,460.0,mg,163.0,mg,133.0,mg,188.0,mg,314.0,mg,208.0,mg,366.0,mg,294.0,mg,133.0,mg,280.0,mg,392.0,mg,1924.0,mg,331.0,mg,732.0,mg,345.0,mg,,,,,,,,,,,,,,,,,,,1.3,g,,,164.0,mg,,,,,,,,,,,0.1,mg,0.07,mg,0.7,mg,,,,,,,,,,,,,,,,,,,0.2,g,,,,,,,,,,,,,,,,,,,,,,,,,,,,,,,,,,,,,,,,
1013,Bánh phở,Ngũ cốc và sản phẩm chế biến,146.0,3.2,g,0.9,g,31.2,g,,,,,,,,,16.0,mg,0.3,mg,3.0,mg,15.0,mg,,,64.3,g,,,,,,,,,,,,,,,,,,,,,,,,,,,,,,,,,,,,,,,,,,,,,,,,,,,,,,,0.4,g,,,64.0,mg,,,,,,,,,,,0.01,mg,0.01,mg,0.2,mg,,,,,,,,,,,,,,,,,,,,,,,,,,,,,,,,,,,,,,,,,,,,,,,,,,,,,,,,,,,,
1014,Bánh quẩy,Ngũ cốc và sản phẩm chế biến,200.0,3.7,g,6.8,g,30.8,g,,,,,,,,,,,,,,,,,,,57.6,g,,,,,,,,,,,,,,,,,,,,,,,,,,,,,,,,,,,,,,,,,,,,,,,,,,,,,,,1.1,g,,,,,,,,,,,,,,,,,,,,,,,,,,,,,,,,,,,,,,,0.7,g,,,,,,,,,,,,,,,,,,,,,,,,,,,,,,,,,,,,,,,,
1015,Bỏng ngô,Ngũ cốc và sản phẩm chế biến,386.0,8.6,g,1.6,g,84.2,g,,,,,,,,,3.0,mg,0.6,mg,346.0,mg,609.0,mg,,,3.0,g,61.0,mg,310.0,mg,316.0,mg,1081.0,mg,230.0,mg,166.0,mg,134.0,mg,421.0,mg,330.0,mg,418.0,mg,362.0,mg,235.0,mg,650.0,mg,541.0,mg,1634.0,mg,319.0,mg,771.0,mg,429.0,mg,,,,,,,,,,,,,,,,,,,2.6,g,334.0,mg,47.0,mg,,,,,,,,,,,0.02,mg,0.03,mg,0.6,mg,,,,,,,,,,,,,,,,,,,3.4,g,,,,,,,,,,,,,,,,,,,,,,,,,,,,,,,,,,,,,,,,
1016,"Bột gạo, gạo nếp thường",Ngũ cốc và sản phẩm chế biến,365.0,8.2,g,1.6,g,79.4,g,,,,,,,,,12.0,mg,0.8,mg,3.12,mg,293.07,mg,2.29,mg,10.0,g,77.12,mg,238.19,mg,287.0,mg,549.6,mg,240.14,mg,156.19,mg,136.67,mg,355.33,mg,222.57,mg,406.1,mg,554.48,mg,156.19,mg,385.6,mg,624.76,mg,1296.38,mg,302.62,mg,313.36,mg,349.48,mg,0.11,g,0.09,g,0.01,g,0.2,g,0.19,g,0.19,g,0.18,g,0.01,g,,,0.8,g,17.67,mg,148.0,mg,0.29,mg,1.14,mg,15.69,mcg,,,,,0.1,mg,0.02,mg,1.7,mg,0.3,mg,0.11,mg,7.27,mcg,7.27,mcg,,,0.0,g,,,,,,,0.6,g,,,,,,,,,,,,,,,,,,,,,,,,,,,,,,,,,,,,,,,,
1017,"Bột gạo, gạo tẻ",Ngũ cốc và sản phẩm chế biến,360.0,6.6,g,0.4,g,82.6,g,,,,,,,,,24.0,mg,1.9,mg,,,76.0,mg,0.8,mg,10.0,g,72.0,mg,210.0,mg,244.0,mg,488.0,mg,207.0,mg,144.0,mg,107.0,mg,317.0,mg,314.0,mg,348.0,mg,516.0,mg,149.0,mg,332.0,mg,549.0,mg,1097.0,mg,267.0,mg,278.0,mg,310.0,mg,0.11,g,0.1,g,0.01,g,0.12,g,0.12,g,0.11,g,0.09,g,0.02,g,,,0.4,g,35.0,mg,135.0,mg,0.13,mg,1.2,mg,15.1,mcg,,,0.11,mg,0.08,mg,0.05,mg,2.1,mg,0.82,mg,0.44,mg,4.0,mcg,4.0,mcg,,,0.0,g,,,,,,,0.4,g,,,,,,,,,,,,,,,,,,,,,,,,,,,,,,,,,,,,,,,,
1018,"Bột mì, trắng ",Ngũ cốc và sản phẩm chế biến,347.0,11.0,g,1.1,g,73.2,g,,,,,,,,,29.0,mg,2.0,mg,4.0,mg,186.0,mg,2.5,mg,14.0,g,110.0,mg,380.0,mg,380.0,mg,780.0,mg,340.0,mg,140.0,mg,265.0,mg,630.0,mg,142.0,mg,520.0,mg,320.0,mg,170.0,mg,278.0,mg,329.0,mg,3480.0,mg,341.0,mg,1254.0,mg,449.0,mg,0.14,g,0.12,g,0.01,g,0.1,g,0.1,g,0.34,g,0.32,g,0.02,g,,,0.7,g,173.0,mg,132.0,mg,0.02,mg,2.0,mg,28.0,mcg,,,0.82,mg,0.18,mg,0.13,mg,1.0,mg,1.01,mg,0.34,mg,44.0,mcg,44.0,mcg,1.9,mcg,0.01,g,0.0,g,,,,,0.3,g,,,,,,,,,,,,,,,,,,,,,,,,,,,,,,,,,,,,,,,,
1019,"Bột ngô, ngô vàng",Ngũ cốc và sản phẩm chế biến,367.0,8.3,g,4.0,g,74.5,g,,,10.71,mcg,97.0,mcg,,,15.0,mg,2.1,mg,5.0,mg,315.0,mg,1.73,mg,12.0,g,49.0,mg,261.0,mg,248.0,mg,850.0,mg,195.0,mg,145.0,mg,125.0,mg,340.0,mg,282.0,mg,351.0,mg,345.0,mg,211.0,mg,518.0,mg,482.0,mg,1300.0,mg,284.0,mg,605.0,mg,329.0,mg,0.54,g,0.46,g,0.06,g,1.02,g,1.02,g,1.76,g,1.71,g,0.05,g,,,1.2,g,93.0,mg,170.0,mg,0.23,mg,0.46,mg,15.4,mcg,,,0.42,mg,0.17,mg,0.08,mg,1.9,mg,0.66,mg,0.37,mg,25.0,mcg,25.0,mcg,0.3,mcg,0.0,g,,,,,1355.0,mcg,1.5,g,,,,,,,,,,,,,,,,,,,,,,,,,,,,,,,,,,,,,,,,
1020,"Bún, tươi",Ngũ cốc và sản phẩm chế biến,116.0,1.7,g,0.9,g,25.3,g,,,,,,,,,12.0,mg,0.2,mg,,,,,,,72.0,g,,,,,,,,,,,,,,,,,,,,,,,,,,,,,,,,,,,,,,,,,,,,,,,,,,,,,,,0.1,g,,,32.0,mg,,,,,,,,,,,0.04,mg,0.01,mg,0.08,mg,,,,,,,,,,,,,,,,,,,0.5,g,,,,,,,,,,,,,,,,,,,,,,,,,,,,,,,,,,,,,,,,
1021,"Cốm, tươi",Ngũ cốc và sản phẩm chế biến,307.0,4.4,g,1.7,g,68.3,g,,,,,,,,,24.0,mg,1.0,mg,,,,,,,24.4,g,,,,,,,,,,,,,,,,,,,,,,,,,,,,,,,,,,,,,,,,,,,,,,,,,,,,,,,1.2,g,,,143.0,mg,,,,,,,,,,,,,,,,,,,,,,,,,,,,,,,,,,,0.6,g,,,,,,,,,,,,,,,,,,,,,,,,,,,,,,,,,,,,,,,,
1022,"Mỳ sợi, khô",Ngũ cốc và sản phẩm chế biến,350.0,11.0,g,0.9,g,74.5,g,,,,,,,,,34.0,mg,1.5,mg,,,,,,,13.0,g,150.0,mg,490.0,mg,667.0,mg,1036.0,mg,432.0,mg,320.0,mg,,,702.0,mg,,,808.0,mg,679.0,mg,300.0,mg,,,,,,,,,,,,,,,,,,,,,,,,,,,,,,,0.6,g,,,97.0,mg,,,,,,,,,,,0.1,mg,0.04,mg,1.1,mg,,,,,13.0,mcg,13.0,mcg,,,,,,,,,,,0.3,g,,,,,,,,,,,,,,,,,,,,,,,,,,,,,,,,,,,,,,,,
1023,"Ngô, cả bắp, nếp, luộc",Ngũ cốc và sản phẩm chế biến,172.0,3.9,g,2.2,g,34.1,g,,,,,,,,,18.0,mg,0.8,mg,,,,,,,59.0,g,,,,,,,,,,,,,,,,,,,,,,,,,,,,,,,,,,,,,,,,,,,,,,,,,,,,,,,0.8,g,,,146.0,mg,,,,,,,,,,,,,,,,,,,,,,,,,,,,,,,,,,,1.2,g,,,,,,,,,,,,,,,,,,,,,,,,,,,,,,,,,,,,,,,,
1024002,Xôi nếp cẩm,Ngũ cốc và sản phẩm chế biến,235.0,5.59,g,1.71,g,49.21,g,,,,mcg,23.68,mcg,,,13.82,mg,2.3,mg,1.32,mg,53.95,mg,,mg,42.57,g,,mg,,mg,,mg,,mg,,mg,,mg,,mg,,mg,,mg,,mg,,mg,,mg,,mg,,mg,,mg,,mg,,mg,,mg,,g,,g,,g,,g,,g,,g,,g,,g,,g,0.92,g,,mg,141.45,mg,,mg,,mg,,mcg,,mcg,,mg,0.15,mg,0.04,mg,0.79,mg,,mg,,mg,,mcg,,mcg,,mcg,,g,,g,,mcg,,,3.22,g,,mg,,g,,mcg,,g,,g,,g,,g,,g,,g,,g,,g,,g,,mcg,,mcg,,mg,,mcg,,mg,,g,,g,,g
1027014,"Ngô tươi, nếp, nướng",Ngũ cốc và sản phẩm chế biến,274.0,5.62,g,3.15,g,55.89,g,,,27.4,mcg,328.77,mcg,16.44,mg,27.4,mg,2.05,mg,4.11,mg,419.18,mg,1.92,mg,34.25,g,0.03,mg,0.19,mg,0.19,mg,0.64,mg,0.14,mg,0.1,mg,0.08,mg,0.26,mg,0.19,mg,0.25,mg,0.21,mg,0.14,mg,0.38,mg,0.33,mg,1.04,mg,0.19,mg,0.45,mg,0.26,mg,0.38,g,0.33,g,0.05,g,0.71,g,,g,1.22,g,1.18,g,0.04,g,2.33,g,1.1,g,53.42,mg,256.16,mg,0.33,mg,0.48,mg,5.48,mcg,,mcg,1.1,mg,0.15,mg,0.09,mg,2.34,mg,0.55,mg,0.16,mg,22.6,mcg,,mcg,,,,g,,,,mcg,,,1.64,g,,,0.71,g,,,,g,,g,,g,,g,,g,,g,,,,g,,g,,mcg,,mcg,,mg,,mcg,,mg,,,,,,g
1032,"Bánh mì, vuông, ngọt",Ngũ cốc và sản phẩm chế biến,384.0,7.89,g,15.79,g,52.63,g,,,,,,,,,,,2.84,mg,276.0,mg,,,,,,,,mg,,mg,,mg,,mg,,mg,,mg,,mg,,mg,,mg,,mg,,mg,,mg,,mg,,mg,,mg,,mg,,mg,,mg,7.89,g,,,,,,,,,,,,,,,18.42,g,,,,,,,,mg,,,,,,,,,,,,,,,,,,,,,,,,,,,,,,,,,2.6,g,39.0,mg,,,,,,,,,,,,,,,,,,,,,,,,,,,,,,,,,,,,,,
1038,Bánh bao chay,Ngũ cốc và sản phẩm chế biến,221.0,6.1,g,0.5,g,48.0,g,,,,,,,,,19.0,mg,1.5,mg,,,,,,,44.0,g,,mg,,mg,,mg,,mg,,mg,,mg,,mg,,mg,,mg,,mg,,mg,,mg,,mg,,mg,,mg,,mg,,mg,,mg,,,,,,,,,,,,,,,,,,,1.4,g,,,88.0,mg,,mg,,,,,,,,,0.1,mg,0.04,mg,1.0,mg,,,,,,,,,,,,,,,,,,,0.5,g,,,,,,,,,,,,,,,,,,,,,,,,,,,,,,,,,,,,,,,,
1041,"Bánh đa (đỏ, trắng)",Ngũ cốc và sản phẩm chế biến,347.0,5.28,g,,,81.41,g,,,,,,,,,37.29,mg,0.62,mg,,,,,,,13.0,g,,mg,,mg,,mg,,mg,,mg,,mg,,mg,,mg,,mg,,mg,,mg,,mg,,mg,,mg,,mg,,mg,,mg,,mg,,,,,,,,,,,,,,,,,,,0.31,g,,,99.43,mg,,mg,,,,,,,,,0.12,mg,0.03,mg,0.25,mg,,,,,,,,,,,,,,,,,,,1.55,g,,,,,,,,,,,,,,,,,,,,,,,,,,,,,,,,,,,,,,,,
1041002,"Bánh đa (đỏ, trắng), luộc",Ngũ cốc và sản phẩm chế biến,97.0,1.48,g,,,22.8,g,,,,,,,,,10.44,mg,0.17,mg,,mg,,mg,,mg,75.63,g,,mg,,mg,,mg,,mg,,mg,,mg,,mg,,mg,,mg,,mg,,mg,,mg,,mg,,mg,,mg,,mg,,mg,,mg,,g,,g,,g,,g,,g,,g,,g,,g,,g,0.09,g,,mg,27.85,mg,,mg,,mg,,mcg,,mcg,,mg,0.02,mg,0.01,mg,0.04,mg,,mg,,mg,,mcg,,mcg,,mcg,,g,,g,,,,,0.44,g,,mg,,g,,mcg,,g,,g,,g,,g,,g,,g,,g,,g,,g,,mcg,,mcg,,mg,,mcg,,mg,,g,,g,,g
1043,"Mỳ  ăn liền, lúa mì ",Ngũ cốc và sản phẩm chế biến,364.0,6.7,g,5.9,g,70.9,g,,,,,,,,,16.0,mg,1.0,mg,2593.0,mg,83.0,mg,,,7.4,g,,mg,,mg,,mg,,mg,,mg,,mg,,mg,,mg,,mg,,mg,,mg,,mg,,mg,,mg,,mg,,mg,,mg,,mg,,,,,,,,,,,,,,,,,,,9.1,g,,,,,,mg,,,,,,,,,,,,,,,,,,,,,,,,,,,,,,,,,2.0,g,,,,,,,,,,,,,,,,,,,,,,,,,,,,,,,,,,,,,,,,
1043002,"Mỳ ăn liền, lúa mì, luộc",Ngũ cốc và sản phẩm chế biến,102.0,1.88,g,1.65,g,19.86,g,,,,mcg,,mcg,,mg,4.48,mg,0.28,mg,726.33,mg,23.25,mg,,mg,74.06,g,,mg,,mg,,mg,,mg,,mg,,mg,,mg,,mg,,mg,,mg,,mg,,mg,,mg,,mg,,mg,,mg,,mg,,mg,,g,,g,,g,,g,,g,,g,,g,,g,,g,2.55,g,,mg,,mg,,mg,,mg,,mcg,,mcg,,mg,,mg,,mg,,mg,,mg,,mg,,mcg,,mcg,,,,g,,g,,mcg,,mcg,0.56,g,,mg,,g,,mcg,,g,,g,,g,,g,,g,,g,,g,,g,,g,,mcg,,mcg,,mg,,mcg,,mg,,g,,g,,g
1045,Sợi mỳ Quảng,Ngũ cốc và sản phẩm chế biến,1.0,5.32,g,0.27,g,82.23,g,,,,,,,,,,,,,,,,,,,,,,,,,,,,,,,,,,,,,,,,,,,,,,,,,,,,,,,,,,,,,,,,,,,,,,,,,,,,,,,,,,,,,,,,,,,,,,,,,,,,,,,,,,,,,,,,,,,,,,,,,,,,,,,,,,,,,,,,,,,,,,,,,,,,,,,,,,,,
1046002,"Nui, luộc",Ngũ cốc và sản phẩm chế biến,371.0,13.0,g,1.51,g,74.7,g,,,,,,,,,21.0,mg,1.3,mg,6.0,mg,223.0,mg,1.41,mg,9.9,g,,mg,,mg,,mg,,mg,,mg,,mg,,mg,,mg,,mg,,mg,,mg,,mg,,mg,,mg,,mg,,mg,,mg,,mg,,,,,,,,,,,,,,,,,,,,,,,,,,mg,,,,,,,,,,,,,,,,,,,,,,,,,,,,,,,,,3.2,g,,,,,,,,,,,,,,,,,,,,,,,,,,,,,,,,,,,,,,,,
11001,Chuối nước đường,Đồ hộp,63.0,0.5,g,,,15.2,g,,,,,,,9.0,mg,12.0,mg,0.6,mg,,,,,,,83.9,g,,,,,,,,,,,,,,,,,,,,,,,,,,,,,,,,,,,,,,,,,,,,,,,,,,,,,,,0.4,g,,,160.0,mg,,,,,,,,,,,,,,,,,,,,,,,,,,,,,,,,,,,1.3,g,,,,,,,,,,,,,,,,,,,,,,,,,,,,,,,,,,,,,,,,
11002,Dưa chuột hộp,Đồ hộp,19.0,0.3,g,0.14,g,4.16,g,,,6.5,mcg,55.0,mcg,2.0,mg,12.0,mg,0.3,mg,154.38,mg,2.94,mg,0.0,mg,95.0,g,3.0,mg,9.0,mg,10.0,mg,14.0,mg,14.0,mg,3.0,mg,2.0,mg,9.0,mg,6.0,mg,11.0,mg,21.0,mg,5.0,mg,11.0,mg,20.0,mg,95.0,mg,12.0,mg,8.0,mg,10.0,mg,0.05,g,0.04,g,0.01,g,0.0,g,0.0,g,0.08,g,0.04,g,0.05,g,1.06,g,0.4,g,0.51,mg,16.0,mg,0.01,mg,0.0,mg,,,,,0.06,mg,0.02,mg,0.03,mg,0.1,mg,0.04,mg,0.01,mg,1.0,mcg,1.0,mcg,13.0,mcg,,,,,,,29.0,mcg,0.7,g,,,,,,,,,,,,,,,,,,,,,,,,,,,,,,,,,,,,,,,,
11003,Dứa hộp,Đồ hộp,57.0,0.3,g,0.06,g,13.84,g,,,1.92,mcg,23.0,mcg,14.0,mg,20.0,mg,0.3,mg,1.0,mg,105.0,mg,0.12,mg,85.6,g,5.0,mg,9.0,mg,9.0,mg,14.0,mg,16.0,mg,9.0,mg,1.0,mg,9.0,mg,9.0,mg,12.0,mg,12.0,mg,8.0,mg,18.0,mg,82.0,mg,41.0,mg,14.0,mg,9.0,mg,19.0,mg,0.01,g,0.01,g,0.0,g,0.01,g,0.01,g,0.04,g,0.02,g,0.02,g,12.65,g,0.2,g,16.0,mg,12.0,mg,0.1,mg,1.1,mg,0.4,mcg,,,0.01,mg,0.06,mg,0.01,mg,0.2,mg,0.1,mg,0.07,mg,5.0,mcg,5.0,mcg,0.3,mcg,0.0,g,,,,,,,0.2,g,,,,,,,,,,,,,,,,,,,,,,,,,,,,,,,,,,,,,,,,
11004,Lạc chao dầu,Đồ hộp,680.0,25.7,g,59.5,g,10.3,g,,,,,,,,,,,,,,,,,,,1.8,g,,,,,,,,,,,,,,,,,,,,,,,,,,,,,,,,,,,,,,,,,,,,,,,,,,,,,,,2.7,g,,,,,,,,,,,,,,,,,,,,,,,,,,,,,,,,,,,,,,,,,,,,,,,,,,,,,,,,,,,,,,,,,,,,,,,,,,,,,,,,
11005,Mắc coọc nước đường,Đồ hộp,58.0,0.2,g,,,14.4,g,,,,,,,14.0,mg,20.0,mg,0.4,mg,,,,,,,85.1,g,,,,,,,,,,,,,,,,,,,,,,,,,,,,,,,,,,,,,,,,,,,,,,,,,,,,,,,0.3,g,,,16.0,mg,,,,,,,,,,,,,,,,,,,,,,,,,,,,,,,,,,,0.7,g,,,,,,,,,,,,,,,,,,,,,,,,,,,,,,,,,,,,,,,,
11006,Mận nước đường,Đồ hộp,62.0,0.3,g,0.1,g,14.9,g,,,11.54,mcg,127.0,mcg,0.4,mg,16.0,mg,0.86,mg,20.0,mg,93.0,mg,0.08,mg,84.5,g,,,8.0,mg,7.0,mg,10.0,mg,8.0,mg,3.0,mg,2.0,mg,8.0,mg,3.0,mg,9.0,mg,6.0,mg,6.0,mg,14.0,mg,116.0,mg,17.0,mg,6.0,mg,16.0,mg,9.0,mg,0.01,g,0.01,g,0.0,g,0.07,g,0.07,g,0.02,g,0.02,g,,,15.35,g,0.2,g,5.0,mg,15.0,mg,0.04,mg,0.03,mg,,,,,0.18,mg,0.02,mg,0.04,mg,0.3,mg,0.07,mg,0.03,mg,3.0,mcg,3.0,mcg,4.3,mcg,0.0,g,,,,,49.0,mcg,1.8,g,,,,,,,,,,,,,,,,,,,,,,,,,,,,,,,,,,,,,,,,
11007,Mứt bí ngô,Đồ hộp,201.0,0.5,g,,,49.8,g,,,,,,,,,32.0,mg,,,,,,,,,49.4,g,,,,,,,,,,,,,,,,,,,,,,,,,,,,,,,,,,,,,,,,,,,,,,,,,,,,,,,0.3,g,,,92.0,mg,,,,,,,,,,,,,,,,,,,,,,,,,,,,,,,,,,,0.7,g,,,,,,,,,,,,,,,,,,,,,,,,,,,,,,,,,,,,,,,,
11008,Mứt cam có vỏ,Đồ hộp,227.0,0.4,g,,,56.4,g,,,4.17,mcg,50.0,mcg,,,28.0,mg,0.26,mg,,,,,,,42.8,g,,,,,,,,,,,,,,,,,,,,,,,,,,,,,,,,,,,,,,,,,,,,,,,,,,,,,,,0.4,g,,,22.0,mg,,,,,,,,,,,0.03,mg,0.01,mg,0.03,mg,,,,,,,,,,,,,,,,,,,2.2,g,,,,,,,,,,,,,,,,,,,,,,,,,,,,,,,,,,,,,,,,
11009,Mứt chuối,Đồ hộp,224.0,0.7,g,,,55.2,g,,,,,,,,,28.0,mg,0.3,mg,,,,,,,43.8,g,,,,,,,,,,,,,,,,,,,,,,,,,,,,,,,,,,,,,,,,,,,,,,,,,,,,,,,0.3,g,,,28.0,mg,,,,,,,,,,,,,,,,,,,,,,,,,,,,,,,,,,,1.3,g,,,,,,,,,,,,,,,,,,,,,,,,,,,,,,,,,,,,,,,,
11010,Mứt dứa,Đồ hộp,210.0,0.5,g,,,51.9,g,,,1.67,mcg,20.0,mcg,13.0,mg,20.0,mg,0.3,mg,,,,,,,47.2,g,,,,,,,,,,,,,,,,,,,,,,,,,,,,,,,,,,,,,,,,,,,,,,,,,,,,,,,0.4,g,,,16.0,mg,,,,,,,,,,,0.09,mg,0.05,mg,0.3,mg,,,,,,,,,,,,,,,,,,,0.4,g,,,,,,,,,,,,,,,,,,,,,,,,,,,,,,,,,,,,,,,,
11011,Mứt đu đủ,Đồ hộp,186.0,0.4,g,,,46.1,g,,,,,,,,,24.0,mg,,,,,,,,,53.2,g,,,,,,,,,,,,,,,,,,,,,,,,,,,,,,,,,,,,,,,,,,,,,,,,,,,,,,,0.3,g,,,30.0,mg,,,,,,,,,,,,,,,,,,,,,,,,,,,,,,,,,,,2.0,g,,,,,,,,,,,,,,,,,,,,,,,,,,,,,,,,,,,,,,,,
11012,Nhãn nước đường,Đồ hộp,66.0,0.5,g,,,16.0,g,,,,,,,32.0,mg,12.0,mg,0.3,mg,,,,,,,83.3,g,,,,,,,,,,,,,,,,,,,,,,,,,,,,,,,,,,,,,,,,,,,,,,,,,,,,,,,0.2,g,,,230.0,mg,,,,,,,,,,,,,0.04,mg,0.1,mg,,,,,,,,,,,,,,,,,,,1.0,g,,,,,,,,,,,,,,,,,,,,,,,,,,,,,,,,,,,,,,,,
11013,Nước dứa hộp,Đồ hộp,41.0,0.3,g,0.06,g,9.74,g,,,0.25,mcg,3.0,mcg,41.0,mg,32.0,mg,0.3,mg,2.0,mg,130.0,mg,0.11,mg,89.6,g,,,,,,,,,,,,,,,,,,,,,,,,,,,,,,,,,,,,,0.01,g,0.01,g,0.0,g,0.01,g,0.01,g,0.04,g,0.02,g,0.02,g,9.98,g,0.3,g,12.0,mg,12.0,mg,0.07,mg,0.5,mg,0.1,mcg,,,0.02,mg,0.04,mg,0.01,mg,0.2,mg,0.06,mg,0.1,mg,18.0,mcg,18.0,mcg,0.3,mcg,0.0,g,,,,,,,0.4,g,,,,,,,,,,,,,,,,,,,,,,,,,,,,,,,,,,,,,,,,
11014,Vải nước đường,Đồ hộp,65.0,0.4,g,,,15.8,g,,,,,,,10.0,mg,8.0,mg,0.6,mg,,,,,,,83.6,g,,,,,,,,,,,,,,,,,,,,,,,,,,,,,,,,,,,,,,,,,,,,,,,,,,,,,,,0.2,g,,,160.0,mg,,,,,,,,,,,,,0.04,mg,0.1,mg,,,,,,,,,,,,,,,,,,,1.1,g,,,,,,,,,,,,,,,,,,,,,,,,,,,,,,,,,,,,,,,,
11015,Cá thu hộp,Đồ hộp,207.0,24.8,g,12.0,g,,,,,,,,,,,50.0,mg,1.6,mg,,,,,,,57.5,g,,,,,,,,,,,,,,,,,,,,,,,,,,,,,,,,,,,,,,,,,,,,,,,,,,,,,,,5.7,g,,,260.0,mg,,,,,,,,,,,0.02,mg,0.1,mg,6.5,mg,,,,,,,,,,,,,,,,,,,,,,,,,,,,,,,,,,,,,,,,,,,,,,,,,,,,,,,,,,,,
11016,Cá trích hộp,Đồ hộp,233.0,22.3,g,14.4,g,3.5,g,28.0,mcg,28.0,mcg,,,,,86.0,mg,2.3,mg,,,,,,,56.7,g,227.0,mg,845.0,mg,1013.0,mg,1539.0,mg,1539.0,mg,587.0,mg,217.0,mg,697.0,mg,656.0,mg,1204.0,mg,1141.0,mg,414.0,mg,1202.0,mg,1854.0,mg,2778.0,mg,1202.0,mg,1162.0,mg,1042.0,mg,,,,,,,,,,,,,,,,,,,3.1,g,,,437.0,mg,,,,,,,,,,,0.02,mg,0.12,mg,2.49,mg,,,,,,,,,,,,,,,,,,,,,,,,,,,,,,,,,,,,,,,,,,,,,,,,,,,,,,,,,,,,
11017,Thịt bò hộp,Đồ hộp,251.0,16.4,g,20.6,g,,,,,,,,,,,13.0,mg,2.9,mg,,,,,,,61.4,g,,,,,,,,,,,,,,,,,,,,,,,,,,,,,,,,,,,,,,,3.3,g,2.7,g,,,,,,,0.7,g,0.22,g,,,1.6,g,,,250.0,mg,,,,,,,,,,,,,0.23,mg,2.5,mg,,,,,,,,,,,,,,,,,,,,,,,,,,,,,,,,,,,,,,,,,,,,,,,,,,,,,,,,,,,,
11018,Thịt gà hộp,Đồ hộp,273.0,17.0,g,22.8,g,,,520.0,mcg,520.0,mcg,,,,,108.0,mg,2.8,mg,,,,,,,59.0,g,,,,,,,,,,,,,,,,,,,,,,,,,,,,,,,,,,,,,,,,,,,,,,,,,,,,,,,1.2,g,,,138.0,mg,,,,,,,,,,,0.09,mg,0.37,mg,2.41,mg,,,,,,,,,,,,,,,,,,,,,,,,,,,,,,,,,,,,,,,,,,,,,,,,,,,,,,,,,,,,
11019,Thịt lợn hộp,Đồ hộp,344.0,17.3,g,29.3,g,2.7,g,,,,,,,,,9.0,mg,1.2,mg,,,,,,,49.0,g,,,,,,,,,,,,,,,,,,,,,,,,,,,,,,,,,,,,,,,2.1,g,0.45,g,,,,,,,3.94,g,0.43,g,,,1.7,g,,,200.0,mg,,,,,,,,,,,0.19,mg,0.21,mg,3.2,mg,,,,,,,,,,,,,,,,,,,,,,,,,,,,,,,,,,,,,,,,,,,,,,,,,,,,,,,,,,,,
11020,"Thịt lợn, thịt bò xay hộp",Đồ hộp,244.0,16.0,g,20.0,g,,,8.0,mcg,8.0,mcg,,,0.8,mg,8.0,mg,2.1,mg,,,,,,,62.8,g,,,,,,,,,,,,,,,,,,,,,,,,,,,,,,,,,,,,,,,,,,,,,,,,,,,,,,,1.2,g,,,120.0,mg,,,,,,,,,,,0.26,mg,0.19,mg,5.5,mg,,,,,,,,,,,,,,,,,,,,,,,,,,,,,,,,,,,,,,,,,,,,,,,,,,,,,,,,,,,,
11021,Thịt vịt hầm,Đồ hộp,224.0,19.6,g,16.2,g,,,,,,,,,,,,,,,,,,,,,59.9,g,,,,,,,,,,,,,,,,,,,,,,,,,,,,,,,,,,,,,,,,,,,,,,,,,,,,,,,4.3,g,,,,,,,,,,,,,,,,,,,,,,,,,,,,,,,,,,,,,,,,,,,,,,,,,,,,,,,,,,,,,,,,,,,,,,,,,,,,,,,,
11022,Cá ngừ hộp,Đồ hộp,85.0,19.0,g,0.94,g,0.08,g,17.0,mcg,,,,,,,18.0,mg,1.67,mg,219.0,mg,176.0,mg,0.66,mg,79.0,g,,,,,,,,,,,,,,,,,,,,,,,,,,,,,,,,,,,,,,,,,,,,,,,,,,,,,,,,,,,,,,,,,,,,,,,,,,,,,,,,,,,,,,,,,,,,,,,,,36.0,mg,,,,,,,,,,,,,,,,,,,,,,,,,,,,,,,,,,,,,,
11023,Cá nục hộp,Đồ hộp,233.0,22.3,g,14.4,g,3.5,g,28.0,mcg,28.0,mcg,,,,,86.0,mg,2.3,mg,,,,,,,56.7,g,227.0,mg,845.0,mg,1013.0,mg,1539.0,mg,1539.0,mg,587.0,mg,217.0,mg,697.0,mg,656.0,mg,1204.0,mg,1141.0,mg,414.0,mg,1202.0,mg,1854.0,mg,2778.0,mg,1202.0,mg,1162.0,mg,1042.0,mg,,,,,,,,,,,,,,,,,,,3.1,g,,,437.0,mg,,,,,,,,,,,0.02,mg,0.12,mg,2.49,mg,,,,,,,,,,,,,,,,,,,,,,,,,,,,,,,,,,,,,,,,,,,,,,,,,,,,,,,,,,,,
12001,Bánh bích cốt,"Đồ ngọt (đường, bánh, mứt, kẹo)",349.0,12.3,g,1.3,g,72.1,g,86.17,mcg,87.25,mcg,13.0,mcg,,,39.0,mg,2.7,mg,,,,,,,12.0,g,,,,,,,,,,,,,,,,,,,,,,,,,,,,,,,,,,,,,,,,,,,,,,,,,,,,,,,2.3,g,,,231.0,mg,,,,,,,,,,,0.36,mg,0.18,mg,0.2,mg,,,,,,,,,,,,,,,,,,,0.8,g,,,,,,,,,,,,,,,,,,,,,,,,,,,,,,,,,,,,,,,,
12002,Bánh bích quy,"Đồ ngọt (đường, bánh, mứt, kẹo)",378.0,8.8,g,4.5,g,75.6,g,19.0,mcg,25.25,mcg,75.0,mcg,,,75.2,mg,3.6,mg,,,,,,,10.4,g,,,,,,,,,,,,,,,,,,,,,,,,,,,,,,,,,,,,,,,0.72,g,0.52,g,,,,,,,1.63,g,0.24,g,,,0.7,g,,,78.9,mg,,,,,,,,,,,0.4,mg,0.26,mg,0.7,mg,,,,,,,,,,,,,,,,,,,0.5,g,,,,,,,,,,,,,,,,,,,,,,,,,,,,,,,,,,,,,,,,
12003,Bánh chả,"Đồ ngọt (đường, bánh, mứt, kẹo)",399.0,3.4,g,6.6,g,81.5,g,,,0.42,mcg,5.0,mcg,,,41.7,mg,1.9,mg,,,,,,,8.0,g,,,,,,,,,,,,,,,,,,,,,,,,,,,,,,,,,,,,,,,,,,,,,,,,,,,,,,,0.5,g,,,29.4,mg,,,,,,,,,,,0.04,mg,0.07,mg,0.4,mg,,,,,,,,,,,,,,,,,,,1.0,g,,,,,,,,,,,,,,,,,,,,,,,,,,,,,,,,,,,,,,,,
12004,Bánh con cá,"Đồ ngọt (đường, bánh, mứt, kẹo)",369.0,7.5,g,2.2,g,79.8,g,,,0.42,mcg,5.0,mcg,,,54.0,mg,2.9,mg,,,,,,,10.0,g,,,,,,,,,,,,,,,,,,,,,,,,,,,,,,,,,,,,,,,,,,,,,,,,,,,,,,,0.5,g,,,98.9,mg,,,,,,,,,,,0.13,mg,0.13,mg,0.9,mg,,,,,,,,,,,,,,,,,,,0.2,g,,,,,,,,,,,,,,,,,,,,,,,,,,,,,,,,,,,,,,,,
12005,Bánh đậu xanh,"Đồ ngọt (đường, bánh, mứt, kẹo)",420.0,15.6,g,11.5,g,63.5,g,,,8.75,mcg,105.0,mcg,,,111.0,mg,3.4,mg,,,,,,,6.8,g,,,,,,,,,,,,,,,,,,,,,,,,,,,,,,,,,,,,,,,,,,,,,,,,,,,,,,,2.6,g,,,272.8,mg,,,,,,,,,,,0.2,mg,0.15,mg,6.6,mg,,,,,,,,,,,,,,,,,,,1.1,g,,,,,,,,,,,,,,,,,,,,,,,,,,,,,,,,,,,,,,,,
12006,Bánh kem xốp,"Đồ ngọt (đường, bánh, mứt, kẹo)",506.0,8.3,g,24.0,g,64.2,g,84.0,mcg,84.0,mcg,,,,,86.0,mg,0.8,mg,,,,,,,1.9,g,,,,,,,,,,,,,,,,,,,,,,,,,,,,,,,,,,,,,,,0.12,g,0.05,g,,,,,,,0.01,g,0.01,g,,,1.6,g,,,125.0,mg,,,,,,,,,,,0.12,mg,0.31,mg,0.57,mg,,,,,,,,,,,,,,,,,,,3.5,g,,,,,,,,,,,,,,,,,,,,,,,,,,,,,,,,,,,,,,,,
12007,Bánh khảo chay,"Đồ ngọt (đường, bánh, mứt, kẹo)",377.0,3.2,g,0.3,g,90.4,g,,,,,,,,,2.1,mg,0.1,mg,,,,,,,5.8,g,,,,,,,,,,,,,,,,,,,,,,,,,,,,,,,,,,,,,,,,,,,,,,,,,,,,,,,0.3,g,,,0.9,mg,,,,,,,,,,,0.04,mg,,,,,,,,,,,,,,,,,,,,,,,0.2,g,,,,,,,,,,,,,,,,,,,,,,,,,,,,,,,,,,,,,,,,
12008,Bánh quế,"Đồ ngọt (đường, bánh, mứt, kẹo)",436.0,8.3,g,10.7,g,76.7,g,12.0,mcg,18.25,mcg,75.0,mcg,,,33.1,mg,2.0,mg,,,,,,,3.6,g,,,,,,,,,,,,,,,,,,,,,,,,,,,,,,,,,,,,,,,,,,,,,,,,,,,,,,,0.7,g,,,115.2,mg,,,,,,,,,,,0.04,mg,1.9,mg,0.7,mg,,,,,,,,,,,,,,,,,,,0.3,g,,,,,,,,,,,,,,,,,,,,,,,,,,,,,,,,,,,,,,,,
12009,Bánh sô cô la,"Đồ ngọt (đường, bánh, mứt, kẹo)",449.0,3.9,g,17.6,g,68.8,g,13.0,mcg,13.83,mcg,10.0,mcg,,,58.0,mg,3.7,mg,,,,,,,8.5,g,,,,,,,,,,,,,,,,,,,,,,,,,,,,,,,,,,,,,,,,,,,,,,,,,,,,,,,1.2,g,,,142.0,mg,,,,,,,,,,,0.04,mg,0.17,mg,0.39,mg,,,,,,,,,,,,,,,,,,,,,,,,,,,,,,,,,,,,,,,,,,,,,,,,,,,,,,,,,,,,
12010,Bánh thỏi sô cô la,"Đồ ngọt (đường, bánh, mứt, kẹo)",543.0,4.9,g,30.4,g,62.5,g,,,0.17,mcg,2.0,mcg,,,280.0,mg,1.5,mg,,,,,,,0.8,g,,,,,,,,,,,,,,,,,,,,,,,,,,,,,,,,,,,,,,,,,,,,,,,,,,,,,,,1.4,g,,,280.0,mg,,,,,,,,,,,0.03,mg,0.01,mg,0.59,mg,,,,,,,,,,,,,,,,,,,,,,,,,,,,,,,,,,,,,,,,,,,,,,,,,,,,,,,,,,,,
12011,Bánh trứng nhện,"Đồ ngọt (đường, bánh, mứt, kẹo)",369.0,9.6,g,3.7,g,74.4,g,17.0,mcg,25.75,mcg,105.0,mcg,,,76.4,mg,3.9,mg,,,,,,,11.6,g,,,,,,,,,,,,,,,,,,,,,,,,,,,,,,,,,,,,,,,,,,,,,,,,,,,,,,,0.7,g,,,140.4,mg,,,,,,,,,,,0.15,mg,0.36,mg,0.9,mg,,,,,,,,,,,,,,,,,,,0.2,g,,,,,,,,,,,,,,,,,,,,,,,,,,,,,,,,,,,,,,,,
12012,Bột ca cao,"Đồ ngọt (đường, bánh, mứt, kẹo)",423.0,23.3,g,17.0,g,44.2,g,,,,,,,,,128.0,mg,13.86,mg,21.0,mg,1524.0,mg,6.81,mg,9.4,g,293.0,mg,776.0,mg,760.0,mg,1189.0,mg,983.0,mg,202.0,mg,239.0,mg,941.0,mg,735.0,mg,1177.0,mg,1111.0,mg,339.0,mg,904.0,mg,1953.0,mg,2948.0,mg,879.0,mg,838.0,mg,846.0,mg,8.07,g,3.69,g,4.25,g,4.57,g,4.57,g,0.44,g,0.44,g,,,1.75,g,6.1,g,499.0,mg,734.0,mg,3.79,mg,3.84,mg,14.3,mcg,,,0.1,mg,0.08,mg,0.24,mg,2.19,mg,0.25,mg,0.12,mg,32.0,mcg,32.0,mcg,2.5,mcg,,,,,,,38.0,mcg,4.6,g,,,,,,,,,,,,,,,,,,,,,,,,,,,,,,,,,,,,,,,,
12013,Đường cát,"Đồ ngọt (đường, bánh, mứt, kẹo)",383.0,1.1,g,,,94.6,g,,,,,,,,,83.0,mg,0.71,mg,39.0,mg,346.0,mg,0.18,mg,2.4,g,,,,,,,,,,,,,,,,,,,,,,,,,,,,,,,,,,,,,,,,,,,,,,,,,,,,,96.21,g,1.9,g,29.0,mg,72.0,mg,0.3,mg,0.32,mg,1.2,mcg,,,,,0.05,mg,0.1,mg,0.3,mg,0.11,mg,0.03,mg,1.0,mcg,1.0,mcg,,,,,,,,,,,,,,,,,,,,,,,,,,,,,,,,,,,,,,,,,,,,,,,,,,,,
12014,Đường kính,"Đồ ngọt (đường, bánh, mứt, kẹo)",397.0,,,,,99.3,g,,,,,,,,,0.4,mg,0.06,mg,,,2.0,mg,,,0.5,g,,,,,,,,,,,,,,,,,,,,,,,,,,,,,,,,,,,,,,,,,,,,,,,,,,,,,,,0.2,g,,,0.1,mg,,,,,0.6,mcg,,,,,,,0.02,mg,,,,,,,,,,,,,,,,,,,,,,,,,,,,,,,,,,,,,,,,,,,,,,,,,,,,,,,,,,,,,,
12015,Kẹo bơ cứng,"Đồ ngọt (đường, bánh, mứt, kẹo)",448.0,2.1,g,17.2,g,71.1,g,,,,,,,,,64.0,mg,0.76,mg,,,,,,,8.8,g,,,,,,,,,,,,,,,,,,,,,,,,,,,,,,,,,,,,,,,,,,,,,,,,,,,,,,,0.8,g,,,64.0,mg,,,,,,,,,,,,,,,0.4,mg,,,,,,,,,,,,,,,,,,,,,,,,,,,,,,,,,,,,,,,,,,,,,,,,,,,,,,,,,,,,
12016,Kẹo cà phê,"Đồ ngọt (đường, bánh, mứt, kẹo)",378.0,,,1.3,g,91.5,g,,,,,,,,,,,,,,,,,,,6.6,g,,,,,,,,,,,,,,,,,,,,,,,,,,,,,,,,,,,,,,,,,,,,,,,,,,,,,,,0.6,g,,,,,,,,,,,,,,,,,,,,,,,,,,,,,,,,,,,,,,,,,,,,,,,,,,,,,,,,,,,,,,,,,,,,,,,,,,,,,,,,
12017,Kẹo cam chanh,"Đồ ngọt (đường, bánh, mứt, kẹo)",378.0,,,0.5,g,93.4,g,,,,,,,,,23.0,mg,1.4,mg,,,,,,,5.4,g,,,,,,,,,,,,,,,,,,,,,,,,,,,,,,,,,,,,,,,,,,,,,,,,,,,,,,,0.7,g,,,12.0,mg,,,,,,,,,,,,,,,,,,,,,,,,,,,,,,,,,,,0.3,g,,,,,,,,,,,,,,,,,,,,,,,,,,,,,,,,,,,,,,,,
12018,Kẹo dừa mềm,"Đồ ngọt (đường, bánh, mứt, kẹo)",425.0,0.6,g,12.2,g,78.1,g,,,,,,,,,15.6,mg,0.4,mg,,,,,,,8.5,g,,,,,,,,,,,,,,,,,,,,,,,,,,,,,,,,,,,,,,,,,,,,,,,,,,,,,,,0.6,g,,,6.6,mg,,,,,,,,,,,,,,,,,,,,,,,,,,,,,,,,,,,2.5,g,,,,,,,,,,,,,,,,,,,,,,,,,,,,,,,,,,,,,,,,
12019,Kẹo dứa mềm,"Đồ ngọt (đường, bánh, mứt, kẹo)",425.0,0.6,g,12.2,g,78.1,g,,,,,,,,,15.6,mg,0.4,mg,,,,,,,8.5,g,,,,,,,,,,,,,,,,,,,,,,,,,,,,,,,,,,,,,,,,,,,,,,,,,,,,,,,0.6,g,,,6.6,mg,,,,,,,,,,,,,,,,,,,,,,,,,,,,,,,,,,,2.5,g,,,,,,,,,,,,,,,,,,,,,,,,,,,,,,,,,,,,,,,,
12020,Kẹo lạc,"Đồ ngọt (đường, bánh, mứt, kẹo)",458.0,10.3,g,16.5,g,67.0,g,,,,,,,,,,,,,,,,,,,5.0,g,,,,,,,,,,,,,,,,,,,,,,,,,,,,,,,,,,,,,,,,,,,,,,,,,,,,,,,1.2,g,,,,,,,,,,,,,,,,,,,,,,,,,,,,,,,,,,,,,,,2.2,g,,,,,,,,,,,,,,,,,,,,,,,,,,,,,,,,,,,,,,,,
12021,Kẹo Pastille (kẹo ngậm bạc hà),"Đồ ngọt (đường, bánh, mứt, kẹo)",356.0,5.2,g,,,83.8,g,,,,,,,,,96.0,mg,1.6,mg,,,,,,,10.2,g,,,,,,,,,,,,,,,,,,,,,,,,,,,,,,,,,,,,,,,,,,,,,,,,,,,,,,,0.8,g,,,18.0,mg,,,,,,,,,,,,,,,,,,,,,,,,,,,,,,,,,,,,,,,,,,,,,,,,,,,,,,,,,,,,,,,,,,,,,,,,,,,,
12022,Kẹo sô cô la,"Đồ ngọt (đường, bánh, mứt, kẹo)",393.0,1.6,g,4.6,g,86.3,g,,,,,,,,,,,,,,,,,,,6.8,g,,,,,,,,,,,,,,,,,,,,,,,,,,,,,,,,,,,,,,,4.44,g,5.15,g,,,,,,,0.55,g,0.05,g,,,0.7,g,,,,,,,,,,,,,,,,,,,,,,,,,,,,,,,,,,,,,,,1.2,g,,,,,,,,,,,,,,,,,,,,,,,,,,,,,,,,,,,,,,,,
12023,Kẹo sữa,"Đồ ngọt (đường, bánh, mứt, kẹo)",390.0,2.9,g,5.2,g,83.0,g,,,,,,,,,,,,,,,,,,,8.4,g,,,,,,,,,,,,,,,,,,,,,,,,,,,,,,,,,,,,,,,8.61,g,0.99,g,,,,,,,0.11,g,,,,,0.5,g,,,,,,,,,,,,,,,,,,,,,,,,,,,,,,,,,,,,,,,,,,,,,,,,,,,,,,,,,,,,,,,,,,,,,,,,,,,,,,,,
12024,Kẹo vừng viên,"Đồ ngọt (đường, bánh, mứt, kẹo)",424.0,2.8,g,6.9,g,87.6,g,,,,,,,,,,,,,,,,,,,1.7,g,,,,,,,,,,,,,,,,,,,,,,,,,,,,,,,,,,,,,,,0.24,g,1.75,g,,,,,,,2.51,g,0.49,g,,,1.0,g,,,,,,,,,,,,,,,0.05,mg,0.02,mg,,,,,,,,,,,,,,,,,,,,,1.7,g,,,,,,,,,,,,,,,,,,,,,,,,,,,,,,,,,,,,,,,,
12025,Mạch nha,"Đồ ngọt (đường, bánh, mứt, kẹo)",331.0,0.2,g,,,82.5,g,,,,,,,,,,,,,,,,,,,15.0,g,,,,,,,,,,,,,,,,,,,,,,,,,,,,,,,,,,,,,,,,,,,,,,,,,,,,,,,2.3,g,,,,,,,,,,,,,,,,,0.1,mg,0.2,mg,,,,,,,,,,,,,,,,,,,,,,,,,,,,,,,,,,,,,,,,,,,,,,,,,,,,,,,,,,,,
12026,Mật ong,"Đồ ngọt (đường, bánh, mứt, kẹo)",327.0,0.4,g,,,81.3,g,,,,,,,4.0,mg,5.0,mg,0.9,mg,4.0,mg,52.0,mg,0.22,mg,18.0,g,4.0,mg,4.0,mg,8.0,mg,10.0,mg,8.0,mg,1.0,mg,3.0,mg,11.0,mg,8.0,mg,9.0,mg,5.0,mg,1.0,mg,6.0,mg,27.0,mg,18.0,mg,7.0,mg,90.0,mg,6.0,mg,,,,,,,,,,,,,,,,,82.12,g,0.3,g,2.0,mg,16.0,mg,0.04,mg,0.08,mg,0.8,mcg,,,,,,,0.04,mg,0.2,mg,0.07,mg,0.02,mg,2.0,mcg,2.0,mcg,,,,,,,,,,,,,,,,,,,,,,,,,,,,,,,,,,,,,,,,,,,,,,,,,,,,
12027,Mứt lạc,"Đồ ngọt (đường, bánh, mứt, kẹo)",433.0,5.4,g,8.6,g,83.6,g,,,,,,,,,,,,,,,,,,,1.8,g,,,,,,,,,,,,,,,,,,,,,,,,,,,,,,,,,,,,,,,,,,,,,,,,,,,,,,,0.6,g,,,,,,,,,,,,,,,0.16,mg,0.03,mg,3.0,mg,,,,,,,,,,,,,,,,,,,0.7,g,,,,,,,,,,,,,,,,,,,,,,,,,,,,,,,,,,,,,,,,
12044,Bánh chocopie,"Đồ ngọt (đường, bánh, mứt, kẹo)",435.3,5.51,g,16.53,g,66.12,g,,,,,,,,,,,,,303.03,mg,,,,,,,,,,,,,,,,,,,,,,,,,,,,,,,,,,,,,,,,,,,,,,,,,,,,,,,,,,,33.06,g,,,,,,,,,,,,,,,,,,,,,,,,,,,,,,,,,,,,,,,,,,,,,,,,,,,,,,,,,,,,,,,,,,,,,,,,,,,,,,,,,,
12053,Bánh sữa,"Đồ ngọt (đường, bánh, mứt, kẹo)",427.0,10.32,g,11.35,g,70.95,g,,,,,,,,,,,,,,,,,,,,,,,,,,,,,,,,,,,,,,,,,,,,,,,,,,,,,,,,,,,,,,,,,,,,,,,,,,,,,,,,,,,,,,,,,,,,,,,,,,,,,,,,,,,,,,,,,,,,,,,,,,,,,,,,,,,,,,,,,,,,,,,,,,,,,,,,,,,,
12063,Thạch POKE hương trái cây ,"Đồ ngọt (đường, bánh, mứt, kẹo)",253.0,,,,,63.16,g,,,,,,,,,,,,,,,,,,,,,,mg,,mg,,mg,,mg,,mg,,mg,,mg,,mg,,mg,,mg,,mg,,mg,,mg,,mg,,mg,,mg,,mg,,mg,,,,,,,,,,,,,,,,,63.16,g,,,,,,,,,,,,,,,,,,,,,,,,,,,,,,,,,,,,,,,,,,,,,,,,,,,,,,,,,,,,,,,,,,,,,,,,,,,,,,,,,,
12066,"Bim bim, gạo, mặn","Đồ ngọt (đường, bánh, mứt, kẹo)",458.0,5.0,g,27.5,g,47.5,g,,,,,,,,,125.0,mg,4.05,mg,185.0,mg,,,,,,,,,,,,,,,,,,,,,,,,,,,,,,,,,,,,,,,,,,,,,,,,,,,,,,,,,,,,,,,,,,,,,,,,,,,,,,,,,,,,,,,,,,,,,,,,,,,,,2.5,g,18.0,mg,,,,,,,,,,,,,,,,,,,,,,,,,,,,,,,,,,,,,,
12072,Đậu phộng da cá,"Đồ ngọt (đường, bánh, mứt, kẹo)",540.0,13.33,g,33.33,g,46.67,g,,,,,,,,,,,,,,,,,,,,,,,,,,,,,,,,,,,,,,,,,,,,,,,,,,,,,,,,,,,,,,,,,,,,,,,,,17.0,g,2.5,g,185.0,mg,420.0,mg,0.42,mg,1.6,mg,,,,,8.33,mg,0.33,mg,0.09,mg,12.0,mg,1.33,mg,0.28,mg,48.0,mcg,,,,,,,,,,,,,,,,,,,,,,,,,,,,,,,,,,,,,,,,,,,,,,,,,,,,,,
12073,Kem ngô,"Đồ ngọt (đường, bánh, mứt, kẹo)",199.0,3.2,g,8.4,g,27.6,g,96.0,mcg,96.0,mcg,,,,,120.0,mg,0.21,mg,60.0,mg,188.0,mg,0.34,mg,60.0,g,,,,,,,,,,,,,,,,,,,,,,,,,,,,,,,,,,,,,,,,,,,,,,,,,,,,,,,,,,,,,,,,,,,,,,,,,,,,,,,,,,,,,,,,,,,,,,,0.9,g,,,,,,,,,,,,,,,,,,,,,,,,,,,,,,,,,,,,,,,,
12077,Kem que Merino Cacao - Sô cô la,"Đồ ngọt (đường, bánh, mứt, kẹo)",227.0,3.8,g,11.0,g,28.2,g,128.0,mcg,19.0,mcg,,,,,109.0,mg,0.93,mg,76.0,mg,249.0,mg,0.58,mg,55.7,g,,,,,,,,,,,,,,,,,,,,,,,,,,,,,,,,,,,,,,,,,,,,,,,,,,,,,,,,,,,,,,,,,,,,,,,,,,,,,,,,,,,,,,,,,,,,,,,1.2,g,,,,,,,,,,,,,,,,,,,,,,,,,,,,,,,,,,,,,,,,
12078,Kem đậu xanh,"Đồ ngọt (đường, bánh, mứt, kẹo)",227.0,3.8,g,11.0,g,28.2,g,128.0,mcg,19.0,mcg,,,,,109.0,mg,0.93,mg,76.0,mg,249.0,mg,0.58,mg,55.7,g,,,,,,,,,,,,,,,,,,,,,,,,,,,,,,,,,,,,,,,,,,,,,,,,,,,,,,,,,,,,,,,,,,,,,,,,,,,,,,,,,,,,,,,,,,,,,,,1.2,g,,,,,,,,,,,,,,,,,,,,,,,,,,,,,,,,,,,,,,,,
12079,Kem tươi,"Đồ ngọt (đường, bánh, mứt, kẹo)",1.0,335.0,g,2.4,g,35.5,g,,,,,,,,,,,27.0,mg,,,,,,,,,,,,,,,,,,,,,,,,,,,,,,,,,,,,,,,,,,,,,,,,,,,,,,,,,,,,,,,,,,,,,,,,,,,,,,,,,,,,,,,,,,,,,,,,,,,,,,,3.1,g,,,,,,,,,,,,,,,,,,,,,,,,,,,,,,,,,,,,,,,,
12084,Bánh bông lan,"Đồ ngọt (đường, bánh, mứt, kẹo)",489.0,5.1,g,29.5,g,50.8,g,,,,,,,,,,,,,206.0,mg,,,,,,,,,,,,,,,,,,,,,,,,,,,,,,,,,,,,,,,,,,,,,,,,,,,,,,,,,,,28.6,g,,,,,,,,,,,,,,,,,,,,,,,,,,,,,,,,,,,,,,,,,,,,,,,,,,,,,,,,,,,,,,,,,,,,,,,,,,,,,,,,,,
12085,Bánh gấu,"Đồ ngọt (đường, bánh, mứt, kẹo)",475.7,5.41,g,21.62,g,64.86,g,,,,,,,,,,,,,229.73,mg,,,,,,,,,,,,,,,,,,,,,,,,,,,,,,,,,,,,,,,,,,,,,,,,,,,,,,,,,,,,,,,,,,,,,,,,,,,,,,,,,,,,,,,,,,,,,,,,,,,,,,,,,,,,,,,,,,,,,,,,,,,,,,,,,,,,,,,,,,,,,,
12086,Bánh ngũ cốc cao năng lượng,"Đồ ngọt (đường, bánh, mứt, kẹo)",500.0,14.1,g,31.9,g,39.1,g,,,,,,,,,,,,,,,,,,,,,,,,,,,,,,,,,,,,,,,,,,,,,,,,,,,,,,,,,,,,,,,,,,,,,,,,,,,,,,,,,,,,,,,,,,,,,,,,,,,,,,,,,,,,,,,,,,,,,,,,,,,,,,,,,,,,,,,,,,,,,,,,,,,,,,,,,,,,
12087,Bánh quy tròn nhân kem Ritz,"Đồ ngọt (đường, bánh, mứt, kẹo)",507.0,6.9,g,28.3,g,56.3,g,,,,,,,,,,,,,,,,,,,,,,,,,,,,,,,,,,,,,,,,,,,,,,,,,,,,,,,,,,,,,,,,,,,,,,,,,,,,,,,,,,,,,,,,,,,,,,,,,,,,,,,,,,,,,,,,,,,,,,,,,,,,,,,,,,,,,,,,,,,,,,,,,,,,,,,,,,,,
12088,Bánh trứng Custas,"Đồ ngọt (đường, bánh, mứt, kẹo)",434.0,4.26,g,25.53,g,46.81,g,,,,,,,,,212.77,mg,1.7,mg,148.94,mg,,,,,,,,,,,,,,,,,,,,,,,,,,,,,,,,,,,,,,,,,,,,,,,,,,,,,,,,,,,21.0,g,,,,,,,,,,,,,,,,,,,,,,,,,,,,,,,,,,,,,,,,,,,,,,,,,,,,,,,,,,,,,,,,,,,,,,,,,,,,,,,,,,
12089,Bánh gối,"Đồ ngọt (đường, bánh, mứt, kẹo)",318.0,3.7,g,9.1,g,55.42,g,,,,,,,,,18.0,mg,,,,,,,,,31.6,g,,,,,,,,,,,,,,,,,,,,,,,,,,,,,,,,,,,,,,,,,,,,,,,,,,,,,,,,,,,,,,,,,,,,,,,,,,,,,,,,,,,,,,,,,,,,,,,0.18,g,,,,,,,,,,,,,,,,,,,,,,,,,,,,,,,,,,,,,,,,
12090,Bánh rán nhân đỗ,"Đồ ngọt (đường, bánh, mứt, kẹo)",318.0,3.7,g,9.1,g,55.42,g,,,,,,,,,18.0,mg,,,,,,,,,31.6,g,,,,,,,,,,,,,,,,,,,,,,,,,,,,,,,,,,,,,,,,,,,,,,,,,,,,,35.4,g,,,,,,,,,,,,,,,,,,,,,,,,,,,,,,,,,,,,,,,,,0.18,g,,,,,,,,,,,,,,,,,,,,,,,,,,,,,,,,,,,,,,,,
12091,Bánh tiêu,"Đồ ngọt (đường, bánh, mứt, kẹo)",318.0,3.7,g,9.1,g,55.42,g,,,,,,,,,18.0,mg,,,,,,,,,31.6,g,,,,,,,,,,,,,,,,,,,,,,,,,,,,,,,,,,,,,,,,,,,,,,,,,,,,,35.4,g,,,,,,,,,,,,,,,,,,,,,,,,,,,,,,,,,,,,,,,,,0.18,g,,,,,,,,,,,,,,,,,,,,,,,,,,,,,,,,,,,,,,,,
13001,Cary bột,"Gia vị, nước chấm",318.0,8.2,g,7.3,g,54.9,g,,,31.67,mcg,380.0,mcg,,,906.0,mg,,,,,,,,,10.0,g,,,,,,,,,,,,,,,,,,,,,,,,,,,,,,,,,,,,,,,,,,,,,,,,,,,,,,,19.6,g,,,421.0,mg,,,,,,,,,,,0.03,mg,0.4,mg,2.3,mg,,,,,,,,,,,,,,,,,,,8.9,g,,,,,,,,,,,,,,,,,,,,,,,,,,,,,,,,,,,,,,,,
13002,Gừng khô (bột),"Gia vị, nước chấm",346.0,7.6,g,2.9,g,74.5,g,,,7.33,mcg,88.0,mcg,7.0,mg,180.0,mg,11.52,mg,32.0,mg,1343.0,mg,4.72,mg,10.2,g,63.0,mg,187.0,mg,266.0,mg,387.0,mg,299.0,mg,67.0,mg,42.0,mg,236.0,mg,102.0,mg,382.0,mg,226.0,mg,158.0,mg,163.0,mg,1090.0,mg,848.0,mg,226.0,mg,216.0,mg,236.0,mg,1.78,g,0.39,g,0.16,g,0.33,g,0.24,g,0.64,g,0.48,g,0.15,g,3.4,g,4.8,g,184.0,mg,148.0,mg,0.48,mg,26.5,mg,38.5,mcg,,,18.02,mg,0.16,mg,0.27,mg,8.4,mg,,,0.84,mg,39.0,mcg,39.0,mcg,0.8,mcg,0.02,g,,,,,,,12.5,g,,,,,,,,,,,,,,,,,,,,,,,,,,,,,,,,,,,,,,,,
13003,Gừng tươi,"Gia vị, nước chấm",41.0,0.4,g,0.51,g,8.59,g,,,,,,,5.3,mg,60.0,mg,2.5,mg,7.0,mg,316.0,mg,0.34,mg,90.0,g,12.0,mg,36.0,mg,51.0,mg,74.0,mg,57.0,mg,13.0,mg,8.0,mg,45.0,mg,20.0,mg,73.0,mg,43.0,mg,30.0,mg,31.0,mg,208.0,mg,162.0,mg,43.0,mg,41.0,mg,45.0,mg,0.2,g,0.12,g,0.02,g,0.15,g,0.12,g,0.15,g,0.12,g,0.03,g,1.7,g,0.5,g,43.0,mg,8.0,mg,0.23,mg,0.23,mg,0.7,mcg,,,0.26,mg,0.04,mg,0.04,mg,0.7,mg,0.2,mg,0.16,mg,11.0,mcg,11.0,mcg,0.1,mcg,0.02,g,,,,,,,3.3,g,,,,,,,,,,,,,,,,,,,,,,,,,,,,,,,,,,,,,,,,
13004,Hạt tiêu,"Gia vị, nước chấm",365.0,7.0,g,7.4,g,67.6,g,,,15.0,mcg,156.0,mcg,,,732.0,mg,4.6,mg,44.0,mg,1259.0,mg,0.3,mg,13.5,g,,,,,,,,,,,,,,,,,,,,,,,,,,,,,,,,,,,,,0.98,g,0.9,g,,,1.01,g,1.01,g,1.13,g,0.97,g,0.16,g,0.64,g,4.5,g,19.0,mg,44.0,mg,0.1,mg,0.1,mg,0.7,mcg,,,0.72,mg,0.05,mg,0.06,mg,2.6,mg,,,0.34,mg,10.0,mcg,10.0,mcg,163.7,mcg,,,,,6.0,mcg,205.0,mcg,33.5,g,,,,,,,,,,,,,,,,,,,,,,,,,,,,,,,,,,,,,,,,
13005,Muối,"Gia vị, nước chấm",1.0,,,,,,,,,,,,,,,150.0,mg,0.81,mg,38758.0,mg,4.0,mg,,,1.0,g,,,,,,,,,,,,,,,,,,,,,,,,,,,,,,,,,,,,,,,,,,,,,,,,,,,,,,,99.0,g,,,70.0,mg,,,,,,,,,,,,,,,,,,,,,,,,,,,,,,,,,,,,,,,,,,,,,,,,,,,,,,,,,,,,,,,,,,,,,,,,,,,,
13006,"Nghệ khô, bột","Gia vị, nước chấm",380.0,7.83,g,9.88,g,64.91,g,,,,,,,25.9,mg,146.0,mg,18.6,mg,38.0,mg,2525.0,mg,4.35,mg,11.36,g,,,,,,,,,,,,,,,,,,,,,,,,,,,,,,,,,,,,,3.12,g,1.69,g,0.23,g,1.66,g,1.66,g,2.18,g,1.69,g,0.48,g,3.21,g,6.02,g,193.0,mg,284.0,mg,0.6,mg,7.83,mg,4.5,mcg,,,3.1,mg,0.03,mg,0.12,mg,2.3,mg,,,1.8,mg,39.0,mcg,39.0,mcg,13.4,mcg,,,,,,,,,21.1,g,,,,,,,,,,,,,,,,,,,,,,,,,,,,,,,,,,,,,,,,
13007,Nghệ tươi,"Gia vị, nước chấm",51.0,1.1,g,0.3,g,11.0,g,,,,,,,7.0,mg,12.0,mg,,,5.36,mg,356.08,mg,0.61,mg,86.7,g,,,,,,,,,,,,,,,,,,,,,,,,,,,,,,,,,,,,,0.44,g,0.24,g,0.03,g,0.23,g,0.23,g,0.31,g,0.24,g,0.07,g,,,0.9,g,27.22,mg,22.0,mg,0.09,mg,1.1,mg,0.63,mcg,,,0.44,mg,0.0,mg,0.02,mg,0.32,mg,,,0.25,mg,5.5,mcg,5.5,mcg,1.89,mcg,,,,,,,,,6.5,g,,,,,,,,,,,,,,,,,,,,,,,,,,,,,,,,,,,,,,,,
13008,ớt khô bột,"Gia vị, nước chấm",322.0,15.6,g,4.2,g,55.4,g,,,703.5,mcg,8442.0,mcg,,,85.0,mg,17.0,mg,,,,,,,12.0,g,,,,,,,,,,,,,,,,,,,,,,,,,,,,,,,,,,,,,,,,,,,,,,,,,,,,,,,12.8,g,,,380.0,mg,,,,,,,,,,,0.61,mg,0.9,mg,8.1,mg,,,,,,,,,,,,,,,,,,,23.6,g,,,,,,,,,,,,,,,,,,,,,,,,,,,,,,,,,,,,,,,,
13009,Riềng,"Gia vị, nước chấm",26.0,0.3,g,,,6.2,g,,,,,,,,,24.0,mg,,,,,,,,,91.7,g,,,,,,,,,,,,,,,,,,,,,,,,,,,,,,,,,,,,,,,,,,,,,,,,,,,,,,,1.8,g,,,28.0,mg,,,,,,,,,,,,,,,,,,,,,,,,,,,,,,,,,,,3.7,g,,,,,,,,,,,,,,,,,,,,,,,,,,,,,,,,,,,,,,,,
13010,Magi,"Gia vị, nước chấm",65.0,10.0,g,0.1,g,6.1,g,,,,,,,,,20.0,mg,2.38,mg,5586.0,mg,212.0,mg,0.43,mg,66.0,g,181.0,mg,407.0,mg,487.0,mg,735.0,mg,731.0,mg,167.0,mg,107.0,mg,534.0,mg,342.0,mg,524.0,mg,405.0,mg,215.0,mg,536.0,mg,882.0,mg,2411.0,mg,435.0,mg,806.0,mg,483.0,mg,0.01,g,0.01,g,0.0,g,0.02,g,0.02,g,0.04,g,0.04,g,0.01,g,1.7,g,17.8,g,40.0,mg,130.0,mg,0.14,mg,0.5,mg,0.8,mcg,,,,,0.06,mg,0.15,mg,3.95,mg,0.38,mg,0.2,mg,18.0,mcg,18.0,mcg,,,,,,,,,,,,,,,,,,,,,,,,,,,,,,,,,,,,,,,,,,,,,,,,,,,,
13011,Mắm tôm đặc,"Gia vị, nước chấm",73.0,14.8,g,1.5,g,,,,,,,,,,,646.0,mg,,,4054.0,mg,333.0,mg,,,48.0,g,,,,,,,,,,,,,,,,,,,,,,,,,,,,,,,,,,,,,,,,,,,,,,,,,,,,,,,35.7,g,321.0,mg,,,,,,,,,,,,,,,,,,,,,,,,,,,,,,,,,,,,,,,,,,,,,,,,,,,,,,,,,,,,,,,,,,,,,,,,,,,,,,
13012,Mắm tôm loãng,"Gia vị, nước chấm",44.0,7.0,g,0.8,g,2.1,g,,,,,,,,,645.0,mg,,,,,,,,,68.6,g,,,,,,,,,,,,,,,,,,,,,,,,,,,,,,,,,,,,,,,,,,,,,,,,,,,,,,,21.5,g,,,225.6,mg,,,,,,,,,,,,,,,,,,,,,,,,,,,,,,,,,,,,,,,,,,,,,,,,,,,,,,,,,,,,,,,,,,,,,,,,,,,,
13013,Mắm tép chua,"Gia vị, nước chấm",68.0,8.7,g,1.2,g,5.5,g,,,,,,,,,586.0,mg,,,1087.0,mg,104.0,mg,,,55.5,g,,,,,,,,,,,,,,,,,,,,,,,,,,,,,,,,,,,,,,,,,,,,,,,,,,,,,,,29.1,g,121.0,mg,,,,,,,,,,,,,,,,,,,,,,,,,,,,,,,,,,,,,,,,,,,,,,,,,,,,,,,,,,,,,,,,,,,,,,,,,,,,,,
13014,Nước mắm cá (loại đặc biệt),"Gia vị, nước chấm",60.0,15.0,g,,,,,,,,,,,,,386.7,mg,2.7,mg,,,,,,,60.0,g,,,,,,,,,,,,,,,,,,,,,,,,,,,,,,,,,,,,,,,,,,,,,,,,,,,,,,,25.0,g,,,246.7,mg,,,,,,,,,,,0.09,mg,0.86,mg,,,,,,,,,,,,,,,,,,,,,,,,,,,,,,,,,,,,,,,,,,,,,,,,,,,,,,,,,,,,,,
13015,Nước mắm loại I,"Gia vị, nước chấm",28.0,7.1,g,,,,,,,,,,,,,386.7,mg,2.7,mg,,,,,,,67.9,g,,,,,,,,,,,,,,,,,,,,,,,,,,,,,,,,,,,,,,,,,,,,,,,,,,,,,,,25.0,g,,,246.7,mg,,,,,,,,,,,0.03,mg,0.27,mg,,,,,,,,,,,,,,,,,,,,,,,,,,,,,,,,,,,,,,,,,,,,,,,,,,,,,,,,,,,,,,
13016,Nước mắm loại II,"Gia vị, nước chấm",21.0,5.2,g,,,,,,,,,,,,,313.8,mg,1.9,mg,,,,,,,66.8,g,,,,,,,,,,,,,,,,,,,,,,,,,,,,,,,,,,,,,,,,,,,,,,,,,,,,,,,28.0,g,,,116.1,mg,,,,,,,,,,,,,,,,,,,,,,,,,,,,,,,,,,,,,,,,,,,,,,,,,,,,,,,,,,,,,,,,,,,,,,,,,,,,
13017,Nước mắm cá,"Gia vị, nước chấm",35.0,5.06,g,0.01,g,3.64,g,4.0,mcg,4.0,mcg,,,0.5,mg,43.0,mg,0.78,mg,7720.0,mg,288.0,mg,0.2,mg,71.07,g,,,,,,,,,,,,,,,,,,,,,,,,,,,,,,,,,,,,,0.0,g,0.0,g,0.0,g,0.0,g,0.0,g,0.0,g,,,,,,,20.22,g,175.0,mg,7.0,mg,0.05,mg,0.23,mg,9.1,mcg,,,,,0.01,mg,0.06,mg,2.31,mg,0.12,mg,0.4,mg,51.0,mcg,51.0,mcg,,,0.0,g,,,,,,,,,,,,,,,,,,,,,,,,,,,,,,,,,,,,,,,,,,,,,,,,
13018,Nước mắm cô,"Gia vị, nước chấm",131.0,32.8,g,,,,,,,,,,,,,,,,,,,,,,,20.2,g,,,,,,,,,,,,,,,,,,,,,,,,,,,,,,,,,,,,,,,,,,,,,,,,,,,,,,,47.0,g,,,,,,,,,,,,,,,,,,,,,,,,,,,,,,,,,,,,,,,,,,,,,,,,,,,,,,,,,,,,,,,,,,,,,,,,,,,,,,,,
13019,Tương ngô,"Gia vị, nước chấm",75.0,3.9,g,0.1,g,14.5,g,,,,,,,,,,,,,,,,,,,70.3,g,,,,,,,,,,,,,,,,,,,,,,,,,,,,,,,,,,,,,,,,,,,,,,,,,,,,,,,11.2,g,,,,,,,,,,,,,,,,,,,,,,,,,,,,,,,,,,,,,,,,,,,,,,,,,,,,,,,,,,,,,,,,,,,,,,,,,,,,,,,,
13020,Tương nếp,"Gia vị, nước chấm",86.0,4.3,g,0.7,g,15.7,g,,,,,,,,,,,,,,,,,,,68.3,g,,,,,,,,,,,,,,,,,,,,,,,,,,,,,,,,,,,,,,,,,,,,,,,,,,,,,,,11.0,g,,,,,,,,,,,,,,,,,,,,,,,,,,,,,,,,,,,,,,,,,,,,,,,,,,,,,,,,,,,,,,,,,,,,,,,,,,,,,,,,
13021,Tương ớt,"Gia vị, nước chấm",41.0,0.5,g,0.5,g,8.5,g,,,22.92,mcg,257.0,mcg,30.0,mg,9.0,mg,0.5,mg,25.0,mg,564.0,mg,0.15,mg,84.0,g,,,,,,,,,,,,,,,,,,,,,,,,,,,,,,,,,,,,,0.08,g,0.07,g,0.01,g,0.41,g,0.4,g,0.07,g,0.07,g,0.0,g,2.55,g,6.5,g,12.0,mg,16.0,mg,0.09,mg,,,0.2,mcg,,,0.36,mg,0.01,mg,0.09,mg,0.6,mg,,,0.14,mg,11.0,mcg,11.0,mcg,6.7,mcg,0.01,g,,,,,341.0,mcg,0.9,g,,,,,,,,,,,,,,,,,,,,,,,,,,,,,,,,,,,,,,,,
13022,Xì dầu,"Gia vị, nước chấm",55.0,6.3,g,0.04,g,7.46,g,,,,,,,,,19.0,mg,1.93,mg,5637.0,mg,217.0,mg,0.52,mg,70.8,g,90.0,mg,254.0,mg,297.0,mg,503.0,mg,357.0,mg,91.0,mg,110.0,mg,330.0,mg,228.0,mg,311.0,mg,433.0,mg,163.0,mg,276.0,mg,674.0,mg,1479.0,mg,278.0,mg,461.0,mg,363.0,mg,0.01,g,0.0,g,0.0,g,0.01,g,0.01,g,0.02,g,0.02,g,0.0,g,1.7,g,15.4,g,43.0,mg,125.0,mg,0.1,mg,0.42,mg,0.5,mcg,,,,,0.03,mg,0.17,mg,2.2,mg,0.3,mg,0.15,mg,14.0,mcg,14.0,mcg,,,,,,,,,,,0.8,g,,,,,,,,,,,,,,,,,,,,,,,,,,,,,,,,,,,,,,,,
13023,Sốt mayonnaise,"Gia vị, nước chấm",701.0,,,77.8,g,0.1,g,,,,,,,,,5.25,mg,0.17,mg,364.48,mg,10.5,mg,0.1,mg,21.7,g,,,,,,,,,,,,,,,,,,,,,,,,,,,,,,,,,,,,,10.78,g,7.36,g,1.95,g,18.03,g,18.03,g,45.54,g,40.57,g,4.97,g,0.3,g,0.4,g,0.75,mg,18.75,mg,,,,,1.2,mcg,,,11.79,mg,0.01,mg,0.06,mg,0.01,mg,,,0.01,mg,,,,,24.7,mcg,,,,,,,,,,,,,,,,,,,,,,,,,,,,,,,,,,,,,,,,,,,,,,,,,,
13024,Sả,"Gia vị, nước chấm",1.0,0.8,g,1.0,g,16.5,g,,,2.0,mcg,18.0,mcg,1.0,mg,31.0,mg,2.0,mg,7.0,mg,242.0,mg,0.5,mg,,,,,,,,,,,,,,,,,,,,,,,,,,,,,,,,,,,,,,,,,,,,,,,,,,,,,,,,,1.5,g,,,30.0,mg,0.7,mg,,,,,,,,,0.05,mg,0.04,mg,1.1,mg,,,,,,,,,,,,,,,,,,,,,,,,,,,,,,,,,,,,,,,,,,,,,,,,,,,,,,,,,,,,
13025,Bột canh,"Gia vị, nước chấm",62.2,1.05,g,,,14.5,g,,,,,,,,,,,,,,,,,,,,,,,,,,,,,,,,,,,,,,,,,,,,,,,,,,,,,,,,,,,,,,,,,,,,,,,,,,,,,,,,,,,,,,,,,,,,,,,,,,,,,,,,,,,,,,,,,,,,,,,,,,,,,,,,,,,,,,,,,,,,,,,,,,,,,,,,,,,,
13026,Bột nêm,"Gia vị, nước chấm",188.0,12.73,g,1.82,g,30.18,g,,,,,,,,,,,,,21818.18,mg,,,,,,,,,,,,,,,,,,,,,,,,,,,,,,,,,,,,,,,,,,,,,,,,,,,,,,,,,,,13.45,g,,,,,,,,,,,,,,,,,,,,,,,,,,,,,,,,,,,,,,,,,0.36,g,,,,,,,,,,,,,,,,,,,,,,,,,,,,,,,,,,,,,,,,
13027,Dầu hào,"Gia vị, nước chấm",73.0,2.9,g,0.3,g,14.7,g,,,6.0,mcg,,,7.0,mg,17.0,mg,1.1,mg,3379.0,mg,74.0,mg,,,71.1,g,,mg,,mg,,mg,,mg,,mg,,mg,,mg,,mg,,mg,,mg,,mg,,mg,,mg,,mg,,mg,,mg,,mg,,mg,,,,,,,,,,,,,,,,,,,11.0,g,,,32.0,mg,,mg,,,,,,,,,0.01,mg,0.04,mg,0.4,mg,,,,,,,,,,,,,,,,,6.0,mcg,,,,,,,,,,,,,,,,,,,,,,,,,,,,,,,,,,,,,,,,,,
13028,Gia vị,"Gia vị, nước chấm",62.2,1.05,g,,,14.5,g,,,,,,,,,,,,,,,,,,,,,,,,,,,,,,,,,,,,,,,,,,,,,,,,,,,,,,,,,,,,,,,,,,,,,,,,,,,,,,,,,,,,,,,,,,,,,,,,,,,,,,,,,,,,,,,,,,,,,,,,,,,,,,,,,,,,,,,,,,,,,,,,,,,,,,,,,,,,
13029,Mỳ chính,"Gia vị, nước chấm",282.0,,,,,,,,,,,,,,,21.2,mg,0.4,mg,12300.0,mg,0.8,mg,,,0.2,g,,,,,,,,,,,,,,,,,,,,,,,,,,,,,,,,,,,,,,,,,,,,,,,,,,,,,,,,,,,,,,,,,,,,,,,,,,,,,,,,,,,,,,,,,,,,,,,,,,,,,,,,,,,,,,,,,,,,,,,,,,,,,,,,,,,,,,,,
13030,Ngũ vị hương,"Gia vị, nước chấm",1.0,,,,,,,,,,,,,,,,,,,,,,,,,,,,mg,,mg,,mg,,mg,,mg,,mg,,mg,,mg,,mg,,mg,,mg,,mg,,mg,,mg,,mg,,mg,,mg,,mg,,,,,,,,,,,,,,,,,,,,,,,,,,mg,,,,,,,,,,,,,,,,,,,,,,,,,,,,,,,,,,,,,,,,,,,,,,,,,,,,,,,,,,,,,,,,,,,,,,,,,,
13031,Nước hàng,"Gia vị, nước chấm",1.0,,,,,,,,,,,,,,,,,,,,,,,,,,,,mg,,mg,,mg,,mg,,mg,,mg,,mg,,mg,,mg,,mg,,mg,,mg,,mg,,mg,,mg,,mg,,mg,,mg,,,,,,,,,,,,,,,,,,,,,,,,,,mg,,,,,,,,,,,,,,,,,,,,,,,,,,,,,,,,,,,,,,,,,,,,,,,,,,,,,,,,,,,,,,,,,,,,,,,,,,
13032,Nước sốt cà chua,"Gia vị, nước chấm",1.0,1.1,g,0.1,g,27.4,g,,,,,316.0,mcg,4.1,mg,15.0,mg,0.35,mg,907.0,mg,281.0,mg,0.17,mg,,,,,,,,,,,,,,,,,,,,,,,,,,,,,,,,,,,,,,,,,,,,,,,,,,,,,,,21.27,g,,,,,,,0.09,mg,,,0.7,mcg,,,,,0.01,mg,0.17,mg,1.43,mg,,,0.16,mg,9.0,mcg,9.0,mcg,,,,,,,,,,,0.3,g,,,,,,,,,,,,,,,,,,,,,,,,,,,,,1.46,mg,9.0,mcg,12.5,mg,,,,,,
13034,Giấm ăn,"Gia vị, nước chấm",21.0,,,,,0.93,g,,,,,,,,,7.0,mg,0.2,mg,5.0,mg,73.0,mg,0.04,mg,93.81,g,,mg,,mg,,mg,,mg,,mg,,mg,,mg,,mg,,mg,,mg,,mg,,mg,,mg,,mg,,mg,,mg,,mg,,mg,,,,,,,,,,,,,,,,,0.4,g,,,,,,,,,,,,,,,,,,,,,,,,,,,,,,,,,,,,,,,,,,,,,,,,,,,,,,,,,,,,,,,,,,,,,,,,,,,,,,,,,,
13039,Ớt tươi,"Gia vị, nước chấm",18.0,1.4,g,0.2,g,2.6,g,,,,,53.0,mcg,250.0,mg,10.0,mg,0.5,mg,9.0,mg,183.0,mg,0.2,mg,92.0,g,,mg,,mg,,mg,,mg,,mg,,mg,,mg,,mg,,mg,,mg,,mg,,mg,,mg,,mg,,mg,,mg,,mg,,mg,,,,,,,,,,,,,,,,,,,0.6,g,,,37.0,mg,0.07,mg,,,,,,,,,0.22,mg,,,,,,,,,,,,,,,,,,,,,,,,,,,,,,,,,,,,,,,,,,,,,,,,,,,,,,,,,,,,,,,,
13044,Mù tạt,"Gia vị, nước chấm",69.0,4.25,g,3.38,g,5.3,g,,,,,31.0,mcg,0.4,mg,63.0,mg,1.59,mg,1100.0,mg,150.0,mg,0.64,mg,83.7,g,,,,,,,,,,,,,,,,,,,,,,,,,,,,,,,,,,,,,,,,,,,,,,,,,,,,,,,,,,,,,,,,,,,,,,,,,,,,,,,,,,,,,,,,,,,,,,,4.3,g,,,,,,,,,,,,,,,,,,,,,,,,,,,,,,,,,,,,,,,,
13045,Bột chiên giòn,"Gia vị, nước chấm",351.6,8.5,g,2.0,g,74.9,g,,,,,,,,,,,,,,,,,,,,,,,,,,,,,,,,,,,,,,,,,,,,,,,,,,,,,,,,,,,,,,,,,,,,,,,,,,,,,,,,,,,,,,,,,,,,,,,,,,,,,,,,,,,,,,,,,,,,,,,,,,,,,,,,,,,,,,,,,,,,,,,,,,,,,,,,,,,,
13046,Bột năng,"Gia vị, nước chấm",343.0,0.7,g,,,85.1,g,,,,,,,,,18.0,mg,1.5,mg,,,,,,,14.0,g,,,,,,,,,,,,,,,,,,,,,,,,,,,,,,,,,,,,,,,,,,,,,,,,,,,,,,,0.2,g,,,20.0,mg,,,,,,,,,,,,,,,,,,,,,,,,,,,,,,,,,,,0.8,g,,,,,,,,,,,,,,,,,,,,,,,,,,,,,,,,,,,,,,,,
13049,Mẻ,"Gia vị, nước chấm",1.0,,,,,,,,,,,,,,,,,,,,,,,,,,,,mg,,mg,,mg,,mg,,mg,,mg,,mg,,mg,,mg,,mg,,mg,,mg,,mg,,mg,,mg,,mg,,mg,,mg,,,,,,,,,,,,,,,,,,,,,,,,,,mg,,,,,,,,,,,,,,,,,,,,,,,,,,,,,,,,,,,,,,,,,,,,,,,,,,,,,,,,,,,,,,,,,,,,,,,,,,
13054,Sa tế,"Gia vị, nước chấm",70.0,1.1,g,5.5,g,4.1,g,,,,,,,,,,,,,2500.0,mg,,,,,,,,mg,,mg,,mg,,mg,,mg,,mg,,mg,,mg,,mg,,mg,,mg,,mg,,mg,,mg,,mg,,mg,,mg,,mg,,,,,,,,,,,,,,,,,2.8,g,,,,,,,,mg,,,,,,,,,,,,,,,,,,,,,,,,,,,,,,,,,,,,,,,,,,,,,,,,,,,,,,,,,,,,,,,,,,,,,,,,,,
13056,Bột hạt điều đỏ,"Gia vị, nước chấm",1.0,11.5,g,2.23,g,42.2,g,,,,,,,,,,,,,,,,,,,6.75,g,,mg,,mg,,mg,,mg,,mg,,mg,,mg,,mg,,mg,,mg,,mg,,mg,,mg,,mg,,mg,,mg,,mg,,mg,,,,,,,,,,,,,,,,,,,,,,,,,,mg,,,,,,,,,,,,,,,,,,,,,,,,,,,,,,,,,28.48,g,,,,,,,,,,,,,,,,,,,,,,,,,,,,,,,,,,,,,,,,
13059,Lá chanh,"Gia vị, nước chấm",91.0,4.25,g,,,18.46,g,,,,,,,,,,,,,,,,,,,72.61,g,,mg,,mg,,mg,,mg,,mg,,mg,,mg,,mg,,mg,,mg,,mg,,mg,,mg,,mg,,mg,,mg,,mg,,mg,,,,,,,,,,,,,,,,,,,,,,,,,,mg,,,,,,,,,,,,,,,,,,,,,,,,,,,,,,,,,,,,,,,,,,,,,,,,,,,,,,,,,,,,,,,,,,,,,,,,,,
13067,Bột chiên xù,"Gia vị, nước chấm",383.0,11.4,g,3.75,g,75.9,g,,,,,,,,,,,,,,,,,,,,,,,,,,,,,,,,,,,,,,,,,,,,,,,,,,,,,,,,,,,,,,,,,,,,,,,,,,,,,,,,,,,,,,,,,,,,,,,,,,,,,,,,,,,,,,,,,,,,,,,,,,,,,,,,,,,,,,,,,,,,,,,,,,,,,,,,,,,,
13072,Hạt ý dĩ,"Gia vị, nước chấm",358.0,14.2,g,3.6,g,67.2,g,,,,,,,,,49.0,mg,2.9,mg,,,,,,,,,,,,,,,,,,,,,,,,,,,,,,,,,,,,,,,,,,,,,,,,,,,,,,,,,,,,,,,,,,,,,,,,,,,,,,,,,,,,,,,,,,,,,,,,,,,,,,,,,,,,,,,,,,,,,,,,,,,,,,,,,,,,,,,,,,,,,,,,
13073,Nước ướp gà nướng,"Gia vị, nước chấm",1.0,0.82,g,0.63,g,40.8,g,,,,,,,,,,,,,,,,,,,54.7,g,,,,,,,,,,,,,,,,,,,,,,,,,,,,,,,,,,,,,,,,,,,,,,,,,,,,,,,,,,,,,,,,,,,,,,,,,,,,,,,,,,,,,,,,,,,,,,,,,,,,,,,,,,,,,,,,,,,,,,,,,,,,,,,,,,,,,,,,
13074,Nước ướp thịt kho,"Gia vị, nước chấm",269.9,2.8,g,6.7,g,49.6,g,,,,,,,,,,,,,,,,,,,54.7,g,,,,,,,,,,,,,,,,,,,,,,,,,,,,,,,,,,,,,,,,,,,,,,,,,,,,,,,,,,,,,,,,,,,,,,,,,,,,,,,,,,,,,,,,,,,,,,,,,,,,,,,,,,,,,,,,,,,,,,,,,,,,,,,,,,,,,,,,
13075,Gói thuốc bắc (dùng để hầm thịt),"Gia vị, nước chấm",281.0,4.72,g,0.5,g,72.5,g,,,,,,,218.0,mg,63.0,mg,5.09,mg,5.0,mg,217.0,mg,0.39,mg,20.2,g,,,,,,,,,,,,,,,,,,,,,,,,,,,,,,,,,,,,,,,,,,,,,,,,,,,,,,,,,,,,,,,,,,,,,,,,,,,,,,,,,,,,,,,,,,,,,,,6.0,g,,,,,,,,,,,,,,,,,,,,,,,,,,,,,,,,,,,,,,,,
14001,"Bia (cồn: 4,5 g)",Nước giải khát,43.0,0.5,g,,,2.3,g,,,,,,,,,6.0,mg,0.1,mg,4.0,mg,27.0,mg,0.01,mg,92.5,g,7.0,mg,12.0,mg,11.0,mg,14.0,mg,14.0,mg,4.0,mg,14.0,mg,11.0,mg,7.0,mg,19.0,mg,14.0,mg,10.0,mg,23.0,mg,27.0,mg,74.0,mg,22.0,mg,69.0,mg,15.0,mg,,,,,,,,,,,,,,,,,,,0.2,g,6.0,mg,26.0,mg,0.01,mg,0.01,mg,0.6,mcg,,,,,0.01,mg,0.03,mg,0.8,mg,0.04,mg,0.05,mg,6.0,mcg,6.0,mcg,,,,,,,,,,,,,,,,,,,,,,,,,,,,,,,,,,,,,,,,,,,,,,,,,,,,
14002,Cô nhắc (cồn 32 g),Nước giải khát,224.0,,,,,,,,,,,,,,,,,,,,,,,,,67.8,g,,,,,,,,,,,,,,,,,,,,,,,,,,,,,,,,,,,,,,,,,,,,,,,,,,,,,,,0.2,g,,,,,,,,,,,,,,,,,,,,,,,,,,,,,,,,,,,,,,,,,,,,,,,,,,,,,,,,,,,,,,,,,,,,,,,,,,,,,,,,
14003,Cốc tain (cồn 13 g),Nước giải khát,155.0,,,,,15.74,g,,,,,,,,,6.0,mg,0.36,mg,,,,,,,71.0,g,,,,,,,,,,,,,,,,,,,,,,,,,,,,,,,,,,,,,,,,,,,,,,,,,,,,,,,0.26,g,,,6.0,mg,,,,,,,,,,,,,,,0.04,mg,,,,,,,,,,,,,,,,,,,,,,,,,,,,,,,,,,,,,,,,,,,,,,,,,,,,,,,,,,,,
14004,Coca cola,Nước giải khát,42.0,,,,,10.4,g,,,,,,,,,8.0,mg,,,,,,,,,89.4,g,,,,,,,,,,,,,,,,,,,,,,,,,,,,,,,,,,,,,,,,,,,,,,,,,,,,,,,0.2,g,,,15.0,mg,,,,,,,,,,,,,,,,,,,,,,,,,,,,,,,,,,,,,,,,,,,,,,,,,,,,,,,,,,,,,,,,,,,,,,,,,,,,
14005,Nước cam tươi,Nước giải khát,23.0,0.7,g,0.2,g,4.7,g,,,10.04,mcg,33.0,mcg,54.0,mg,26.0,mg,0.3,mg,1.0,mg,200.0,mg,0.05,mg,94.1,g,2.0,mg,8.0,mg,8.0,mg,13.0,mg,9.0,mg,3.0,mg,5.0,mg,9.0,mg,4.0,mg,11.0,mg,47.0,mg,3.0,mg,15.0,mg,75.0,mg,33.0,mg,9.0,mg,44.0,mg,13.0,mg,,,,,,,,,,,,,,,,,8.4,g,0.3,g,11.0,mg,16.0,mg,0.04,mg,0.01,mg,0.1,mcg,,,0.04,mg,0.09,mg,0.03,mg,0.4,mg,0.19,mg,0.04,mg,30.0,mcg,30.0,mcg,0.1,mcg,,,,,,,115.0,mcg,,,,,,,,,,,,,,,,,,,,,,,,,,,,,,,,,,,,,,,,,,
14006,Nước dừa non tươi,Nước giải khát,21.0,0.4,g,0.1,g,4.7,g,,,,,,,1.0,mg,60.0,mg,0.3,mg,,,,,,,94.4,g,,,,,,,,,,,,,,,,,,,,,,,,,,,,,,,,,,,,,0.02,g,0.02,g,0.0,g,0.04,g,0.03,g,0.04,g,0.03,g,0.01,g,,,0.4,g,,,29.0,mg,,,,,,,,,,,,,,,,,,,,,,,,,,,0.01,g,,,,,,,,,,,,,,,,,,,,,,,,,,,,,,,,,,,,,,,,,,,,,,,,
14007,Nước ép cà chua,Nước giải khát,21.0,0.8,g,0.6,g,3.0,g,,,22.5,mcg,270.0,mcg,6.5,mg,8.0,mg,0.3,mg,10.0,mg,229.0,mg,0.15,mg,94.6,g,6.0,mg,21.0,mg,19.0,mg,31.0,mg,31.0,mg,2.0,mg,12.0,mg,21.0,mg,11.0,mg,21.0,mg,19.0,mg,20.0,mg,14.0,mg,23.0,mg,114.0,mg,229.0,mg,20.0,mg,15.0,mg,0.01,g,0.01,g,0.0,g,0.01,g,0.01,g,0.02,g,0.02,g,0.0,g,,,1.0,g,11.0,mg,13.0,mg,0.06,mg,0.07,mg,0.3,mcg,,,0.32,mg,0.03,mg,0.03,mg,0.69,mg,0.25,mg,0.11,mg,20.0,mcg,20.0,mcg,2.3,mcg,,,,,9037.0,mcg,60.0,mcg,0.4,g,,,,,,,,,,,,,,,,,,,,,,,,,,,,,,,,,,,,,,,,
14008,Nước khoáng,Nước giải khát,1.0,,,,,0.02,g,,,,,,,,,4.9,mg,0.01,mg,,,,,,,99.7,g,,,,,,,,,,,,,,,,,,,,,,,,,,,,,,,,,,,,,,,,,,,,,,,,,,,,,,,0.28,g,,,0.1,mg,,,,,,,,,,,,,,mg,,mg,,,,,,,,,,,,,,,,,,,,,,,,,,,,,,,,,,,,,,,,,,,,,,,,,,,,,,,,,,,,
14009,Nước quít tươi,Nước giải khát,25.0,0.4,g,0.2,g,5.3,g,,,12.67,mcg,38.0,mcg,47.0,mg,20.0,mg,0.2,mg,1.0,mg,178.0,mg,0.03,mg,93.8,g,1.0,mg,6.0,mg,5.0,mg,10.0,mg,7.0,mg,2.0,mg,4.0,mg,6.0,mg,3.0,mg,8.0,mg,34.0,mg,2.0,mg,11.0,mg,53.0,mg,24.0,mg,7.0,mg,31.0,mg,9.0,mg,,,,,,,,,,,,,,,,,9.9,g,0.3,g,8.0,mg,24.0,mg,0.03,mg,0.04,mg,0.1,mcg,,,0.13,mg,0.06,mg,0.02,mg,0.1,mg,0.13,mg,0.04,mg,5.0,mcg,5.0,mcg,,,,,,,,,166.0,mcg,0.2,g,,,,,,,,,,,,,,,,,,,,,,,,,,,,,,,,,,,,,,,,
14010,"Rượu cam, chanh (cồn 24,2 g)",Nước giải khát,241.0,,,,,,,,,,,,,,,,,,,,,,,,,75.8,g,,,,,,,,,,,,,,,,,,,,,,,,,,,,,,,,,,,,,,,,,,,,,,,,,,,,,,,,,,,,,,,,,,,,,,,,,,mg,,mg,,,,,,,,,,,,,,,,,,,,,,,,,,,,,,,,,,,,,,,,,,,,,,,,,,,,,,,,,,,,
14011,Rượu nếp (80g/ 24 ml) (cồn 5 g),Nước giải khát,202.0,4.0,g,,,37.9,g,,,,,,,,,,,,,,,,,,,52.4,g,,,,,,,,,,,,,,,,,,,,,,,,,,,,,,,,,,,,,,,,,,,,,,,,,,,,,,,0.7,g,,,,,,,,,,,,,,,,,,mg,,mg,,,,,,,,,,,,,,,,,,,0.2,g,,,,,,,,,,,,,,,,,,,,,,,,,,,,,,,,,,,,,,,,
14012,Rượu trắng (cồn 39 g),Nước giải khát,273.0,,,,,,,,,,,,,,,,,,,,,,,,,61.0,g,,,,,,,,,,,,,,,,,,,,,,,,,,,,,,,,,,,,,,,,,,,,,,,,,,,,,,,,,,,,,,,,,,,,,,,,,,mg,,mg,,,,,,,,,,,,,,,,,,,,,,,,,,,,,,,,,,,,,,,,,,,,,,,,,,,,,,,,,,,,
14013,"Rượu vang đỏ (cồn 9,5 g)",Nước giải khát,69.0,0.2,g,,,2.02,g,,,,,,,,,7.8,mg,0.82,mg,,,,,,,88.0,g,,,,,,,,,,,,,,,,,,,,,,,,,,,,,,,,,,,,,,,,,,,,,,,,,,,,,,,0.28,g,,,10.0,mg,,,,,,,,,,,,,0.02,mg,0.09,mg,,,,,,,,,,,,,,,,,,,,,,,,,,,,,,,,,,,,,,,,,,,,,,,,,,,,,,,,,,,,
14014,"Rượu vang trắng (cồn 9,5 g)",Nước giải khát,66.0,0.1,g,,,0.2,g,,,,,,,,,9.0,mg,0.5,mg,4.0,mg,61.0,mg,0.06,mg,89.9,g,,,,,,,,,,,,,,,,,,,,,,,,,,,,,,,,,,,,,,,,,,,,,,,,,,,,,0.2,g,0.3,g,8.0,mg,6.0,mg,0.04,mg,0.02,mg,,,,,,,,,0.01,mg,0.09,mg,0.03,mg,0.02,mg,,,,,,,,,,,,,,,,,,,,,,,,,,,,,,,,,,,,,,,,,,,,,,,,,,,,,,,,
14015,Rượu vang trắng ngọt (cồn 10.2 g),Nước giải khát,96.0,0.2,g,,,5.9,g,,,,,,,,,14.0,mg,0.58,mg,13.0,mg,110.0,mg,0.06,mg,83.4,g,,,,,,,,,,,,,,,,,,,,,,,,,,,,,,,,,,,,,,,,,,,,,,,,,,,,,5.9,g,0.3,g,11.0,mg,13.0,mg,0.04,mg,0.02,mg,,,,,,,,,0.01,mg,0.08,mg,0.03,mg,0.01,mg,,,,,,,,,,,,,,,,,,,,,,,,,,,,,,,,,,,,,,,,,,,,,,,,,,,,,,,,
14016,"Rượu Whisky (cồn 35,2 g)",Nước giải khát,246.0,,,,,,,,,,,,,,,1.5,mg,,,,,,,,,64.7,g,,,,,,,,,,,,,,,,,,,,,,,,,,,,,,,,,,,,,,,,,,,,,,,,,,,,,,,0.1,g,,,,,,,,,,,,,,,,,,,,,,,,,,,,,,,,,,,,,,,,,,,,,,,,,,,,,,,,,,,,,,,,,,,,,,,,,,,,,,,,
14026,Cà phê sữa hòa tan,Nước giải khát,392.0,2.36,g,0.36,g,94.9,g,,,,,,,,,28.0,mg,0.89,mg,8.0,mg,686.0,mg,0.08,mg,0.62,g,,,,,,,,,,,,,,,,,,,,,,,,,,,,,,,,,,,,,,,,,,,,,,,,,,,,,80.5,g,,,,,,,,,,,,,,,,,,,,,,,,,,,,,,,,,,,,,,,,,,,,,,,,,,,,,,,,,,,,,,,,,,,,,,,,,,,,,,,,,,
14040,Nước mía,Nước giải khát,79.6,,,,,20.2,g,,,,,,,,,7.0,mg,0.1,mg,43.0,mg,11.0,mg,0.02,mg,,,,,,,,,,,,,,,,,,,,,,,,,,,,,,,,,,,,,,,,,,,,,,,,,,,,,,,20.2,g,,,,,,,,,,,,,,,,,,,,,,,,,,,,,,,,,,,,,,,,,,,,,,,,,,,,,,,,,,,,,,,,,,,,,,,,,,,,,,,,,,
14047,Nước ép dưa hấu,Nước giải khát,34.0,0.61,g,0.15,g,7.55,g,,,28.0,mcg,303.0,mcg,8.1,mg,7.0,mg,0.24,mg,1.0,mg,112.0,mg,0.1,mg,91.45,g,,mg,,mg,,mg,,mg,,mg,,mg,,mg,,mg,,mg,,mg,,mg,,mg,,mg,,mg,,mg,,mg,,mg,,mg,0.04,g,0.01,g,0.01,g,0.04,g,,,0.05,g,,,,,6.2,g,,,10.0,mg,11.0,mg,0.04,mg,,,0.4,mcg,,,,,0.03,mg,0.02,mg,0.18,mg,,,0.05,mg,3.0,mcg,3.0,mcg,,,,,,,,,,,0.4,g,,,0.04,g,,,,,,,,,0.0,g,0.0,g,,,,,0.05,g,,,,,,,0.05,mg,3.0,mcg,4.1,mg,,,,,,
14054,Nước ép đào đóng hộp,Nước giải khát,57.0,0.27,g,0.02,g,13.92,g,,,13.0,mcg,128.0,mcg,5.3,mg,5.0,mg,0.19,mg,7.0,mg,40.0,mg,0.08,mg,85.64,g,,mg,,mg,,mg,,mg,,mg,,mg,,mg,,mg,,mg,,mg,,mg,,mg,,mg,,mg,,mg,,mg,,mg,,mg,,,,,,,,,,,,,,,,,13.32,g,,,4.0,mg,6.0,mg,0.07,mg,,,0.2,mcg,,,,,0.0,mg,0.01,mg,0.29,mg,,,0.01,mg,1.0,mcg,1.0,mcg,1.0,mcg,,,,,,,,,0.6,g,,,,,,,,,,,,,,,,,,,,,,,,,,,,,0.29,mg,1.0,mcg,2.4,mg,,,,,,
14057,Nước đá,Nước giải khát,1.0,,,,,0.02,g,,,,,,,,,4.9,mg,0.01,mg,,,,,,,99.7,g,,,,,,,,,,,,,,,,,,,,,,,,,,,,,,,,,,,,,,,,,,,,,,,,,,,,,,,0.28,g,,,0.1,mg,,mg,,,,,,,,,,,,mg,,mg,,,,,,,,,,,,,,,,,,,,,,,,,,,,,,,,,,,,,,,,,,,,,,,,,,,,,,,,,,,,
14068,Nước giải khát vitamin C,Nước giải khát,1.0,,,,,,,,,,,,,,,,,,,,,,,,,,,,,,,,,,,,,,,,,,,,,,,,,,,,,,,,,,,,,,,,,,,,,,,,,,,,,,,,,,,,,,,,,,,,,,,,,,,,,,,,,,,,,,,,,,,,,,,,,,,,,,,,,,,,,,,,,,,,,,,,,,,,,,,,,,,,,,,,,,
14069,Trà Neste,Nước giải khát,1.0,0.22,g,,,,,,,,,,,,,,,0.02,mg,1.0,mg,8.0,mg,0.01,mg,99.9,g,,,,,,,,,,,,,,,,,,,,,,,,,,,,,,,,,,,,,,,,,,,,,,,,,,,,,,,,,,,,,,,,,,,,,,,,,,,,,,,,,,,,,,,,,,,,,,,,,,,,,,,,,,,,,,,,,,,,,,,,,,,,,,,,,,,,,,,,
14070,Trà túi lọc,Nước giải khát,1.0,0.22,g,,,,,,,,,,,,,,,0.02,mg,1.0,mg,8.0,mg,0.01,mg,99.9,g,,,,,,,,,,,,,,,,,,,,,,,,,,,,,,,,,,,,,,,,,,,,,,,,,,,,,,,,,,,,,,,,,,,,,,,,,,,,,,,,,,,,,,,,,,,,,,,,,,,,,,,,,,,,,,,,,,,,,,,,,,,,,,,,,,,,,,,,
15001,Bánh bao chiên có nhân,Thức ăn truyền thống,177.0,2.3,g,10.1,g,19.31,g,,,,,,,,,108.3,mg,1.55,mg,,,,,0.4,mg,66.9,g,,,,,,,,,,,,,,,,,,,,,,,,,,,,,,,,,,,,,,,,,,,,,,,,,,,,,,,1.39,g,,,61.9,mg,,,,,,,,,,,,,,,,,,,,,,,,,,,,,,,,,,,1.7,g,,,,,,,,,,,,,,,,,,,,,,,,,,,,,,,,,,,,,,,,
15002,Bánh bèo,Thức ăn truyền thống,118.0,1.8,g,4.2,g,18.15,g,,,,,,,,,84.8,mg,2.45,mg,,,,,0.52,mg,75.3,g,,,,,,,,,,,,,,,,,,,,,,,,,,,,,,,,,,,,,,,,,,,,,,,,,,,,,,,0.55,g,,,25.8,mg,,,,,,,,,,,,,,,,,,,,,,,,,,,,,,,,,,,0.6,g,,,,,,,,,,,,,,,,,,,,,,,,,,,,,,,,,,,,,,,,
15003,Bánh bột lọc,Thức ăn truyền thống,137.0,6.8,g,4.3,g,17.74,g,,,,,,,,,104.9,mg,1.88,mg,,,,,0.45,mg,69.9,g,,,,,,,,,,,,,,,,,,,,,,,,,,,,,,,,,,,,,,,,,,,,,,,,,,,,,,,1.26,g,,,13.0,mg,,,,,,,,,,,,,,,,,,,,,,,,,,,,,,,,,,,0.6,g,,,,,,,,,,,,,,,,,,,,,,,,,,,,,,,,,,,,,,,,
15004,Bánh chay,Thức ăn truyền thống,156.0,3.3,g,3.1,g,28.71,g,,,,,,,,,12.2,mg,0.78,mg,,,,,0.32,mg,64.7,g,,,,,,,,,,,,,,,,,,,,,,,,,,,,,,,,,,,,,,,,,,,,,,,,,,,,,,,0.19,g,,,26.4,mg,,,,,,,,,,,,,,,,,,,,,,,,,,,,,,,,,,,0.4,g,,,,,,,,,,,,,,,,,,,,,,,,,,,,,,,,,,,,,,,,
15005,Bánh chín tầng mây,Thức ăn truyền thống,169.0,0.2,g,0.6,g,40.77,g,,,,,,,,,58.4,mg,0.94,mg,,,,,0.89,mg,58.2,g,,,,,,,,,,,,,,,,,,,,,,,,,,,,,,,,,,,,,,,,,,,,,,,,,,,,,,,0.23,g,,,7.6,mg,,,,,,,,,,,,,,,,,,,,,,,,,,,,,,,,,,,0.1,g,,,,,,,,,,,,,,,,,,,,,,,,,,,,,,,,,,,,,,,,
15006,Bánh chưng,Thức ăn truyền thống,181.0,4.3,g,4.2,g,31.6,g,,,,,,,,,25.6,mg,0.94,mg,,,,,1.4,mg,59.1,g,,,,,,,,,,,,,,,,,,,,,,,,,,,,,,,,,,,,,,,,,,,,,,,,,,,,,,,0.8,g,,,49.5,mg,,,,,,,,,,,,,,,,,,,,,,,,,,,,,,,,,,,0.6,g,,,,,,,,,,,,,,,,,,,,,,,,,,,,,,,,,,,,,,,,
15007,Bánh chuối,Thức ăn truyền thống,297.0,2.0,g,14.2,g,40.34,g,,,,,,,,,123.7,mg,1.1,mg,,,,,0.45,mg,42.9,g,,,,,,,,,,,,,,,,,,,,,,,,,,,,,,,,,,,,,,,,,,,,,,,,,,,,,,,0.56,g,,,13.0,mg,,,,,,,,,,,,,,,,,,,,,,,,,,,,,,,,,,,0.1,g,,,,,,,,,,,,,,,,,,,,,,,,,,,,,,,,,,,,,,,,
15008,Bánh cốm,Thức ăn truyền thống,250.0,3.4,g,0.3,g,58.5,g,,,,,,,,,27.9,mg,0.6,mg,,,,,0.77,mg,37.1,g,,,,,,,,,,,,,,,,,,,,,,,,,,,,,,,,,,,,,,,,,,,,,,,,,,,,,,,0.7,g,,,104.7,mg,,,,,,,,,,,,,,,,,,,,,,,,,,,,,,,,,,,1.1,g,,,,,,,,,,,,,,,,,,,,,,,,,,,,,,,,,,,,,,,,
15009,Bánh cuốn,Thức ăn truyền thống,129.0,3.0,g,5.3,g,17.4,g,,,,,,,,,73.4,mg,0.5,mg,,,,,0.19,mg,73.2,g,,,,,,,,,,,,,,,,,,,,,,,,,,,,,,,,,,,,,,,,,,,,,,,,,,,,,,,1.1,g,,,29.9,mg,,,,,,,,,,,,,,,,,,,,,,,,,,,,,,,,,,,0.6,g,,,,,,,,,,,,,,,,,,,,,,,,,,,,,,,,,,,,,,,,
15010,Bánh cuốn nóng nhân thịt,Thức ăn truyền thống,102.0,2.1,g,2.6,g,17.65,g,,,,,,,,,70.0,mg,0.92,mg,,,,,0.44,mg,76.6,g,,,,,,,,,,,,,,,,,,,,,,,,,,,,,,,,,,,,,,,,,,,,,,,,,,,,,,,1.05,g,,,17.8,mg,,,,,,,,,,,,,,,,,,,,,,,,,,,,,,,,,,,0.3,g,,,,,,,,,,,,,,,,,,,,,,,,,,,,,,,,,,,,,,,,
15011,Bánh dẻo nhân thập cẩm,Thức ăn truyền thống,349.0,5.0,g,9.8,g,60.3,g,,,,,,,,,28.7,mg,1.2,mg,,,,,0.55,mg,24.6,g,,,,,,,,,,,,,,,,,,,,,,,,,,,,,,,,,,,,,,,,,,,,,,,,,,,,,,,0.3,g,,,57.8,mg,,,,,,,,,,,,,,,,,,,,,,,,,,,,,,,,,,,0.9,g,,,,,,,,,,,,,,,,,,,,,,,,,,,,,,,,,,,,,,,,
15012,Bánh dẻo nhân trứng,Thức ăn truyền thống,338.0,7.4,g,8.2,g,58.6,g,,,,,,,,,31.5,mg,1.5,mg,,,,,0.8,mg,25.4,g,,,,,,,,,,,,,,,,,,,,,,,,,,,,,,,,,,,,,,,,,,,,,,,,,,,,,,,0.4,g,,,133.1,mg,,,,,,,,,,,,,,,,,,,,,,,,,,,,,,,,,,,1.1,g,,,,,,,,,,,,,,,,,,,,,,,,,,,,,,,,,,,,,,,,
15013,Bánh đúc nguội,Thức ăn truyền thống,88.0,2.0,g,2.1,g,15.36,g,,,,,,,,,55.7,mg,0.61,mg,,,,,0.2,mg,79.0,g,,,,,,,,,,,,,,,,,,,,,,,,,,,,,,,,,,,,,,,,,,,,,,,,,,,,,,,1.54,g,,,18.2,mg,,,,,,,,,,,,,,,,,,,,,,,,,,,,,,,,,,,0.7,g,,,,,,,,,,,,,,,,,,,,,,,,,,,,,,,,,,,,,,,,
15014,Bánh đúc nóng,Thức ăn truyền thống,108.0,3.9,g,6.3,g,8.95,g,,,,,,,,,61.3,mg,1.48,mg,,,,,0.33,mg,79.8,g,,,,,,,,,,,,,,,,,,,,,,,,,,,,,,,,,,,,,,,,,,,,,,,,,,,,,,,1.05,g,,,9.4,mg,,,,,,,,,,,,,,,,,,,,,,,,,,,,,,,,,,,0.1,g,,,,,,,,,,,,,,,,,,,,,,,,,,,,,,,,,,,,,,,,
15015,Bánh gai,Thức ăn truyền thống,251.0,4.7,g,2.5,g,52.3,g,,,,,,,,,239.5,mg,11.8,mg,,,,,0.56,mg,39.3,g,,,,,,,,,,,,,,,,,,,,,,,,,,,,,,,,,,,,,,,,,,,,,,,,,,,,,,,1.2,g,,,44.3,mg,,,,,,,,,,,,,,,,,,,,,,,,,,,,,,,,,,,0.4,g,,,,,,,,,,,,,,,,,,,,,,,,,,,,,,,,,,,,,,,,
15016,Bánh gio,Thức ăn truyền thống,173.0,2.0,g,0.4,g,40.44,g,,,,,,,,,173.4,mg,1.18,mg,,,,,0.58,mg,56.6,g,,,,,,,,,,,,,,,,,,,,,,,,,,,,,,,,,,,,,,,,,,,,,,,,,,,,,,,0.56,g,,,16.9,mg,,,,,,,,,,,,,,,,,,,,,,,,,,,,,,,,,,,0.4,g,,,,,,,,,,,,,,,,,,,,,,,,,,,,,,,,,,,,,,,,
15017,Bánh giò,Thức ăn truyền thống,234.0,2.8,g,17.5,g,16.3,g,,,,,,,,,33.5,mg,0.37,mg,,,,,1.21,mg,62.3,g,,,,,,,,,,,,,,,,,,,,,,,,,,,,,,,,,,,,,,,,,,,,,,,,,,,,,,,1.1,g,,,20.1,mg,,,,,,,,,,,,,,,,,,,,,,,,,,,,,,,,,,,0.6,g,,,,,,,,,,,,,,,,,,,,,,,,,,,,,,,,,,,,,,,,
15018,Bánh khoai,Thức ăn truyền thống,141.0,4.1,g,1.6,g,27.64,g,,,,,,,,,4.7,mg,1.05,mg,,,,,0.57,mg,65.5,g,,,,,,,,,,,,,,,,,,,,,,,,,,,,,,,,,,,,,,,,,,,,,,,,,,,,,,,1.16,g,,,69.5,mg,,,,,,,,,,,,,,,,,,,,,,,,,,,,,,,,,,,0.5,g,,,,,,,,,,,,,,,,,,,,,,,,,,,,,,,,,,,,,,,,
15019,Bánh khoái,Thức ăn truyền thống,159.0,0.6,g,10.2,g,16.26,g,,,,,,,,,82.3,mg,1.48,mg,,,,,0.22,mg,72.1,g,,,,,,,,,,,,,,,,,,,,,,,,,,,,,,,,,,,,,,,,,,,,,,,,,,,,,,,0.84,g,,,38.6,mg,,,,,,,,,,,,,,,,,,,,,,,,,,,,,,,,,,,3.0,g,,,,,,,,,,,,,,,,,,,,,,,,,,,,,,,,,,,,,,,,
15020,Bánh khoai sọ chiên,Thức ăn truyền thống,197.0,5.6,g,8.3,g,24.9,g,,,,,,,,,93.9,mg,1.08,mg,,,,,1.12,mg,60.0,g,,,,,,,,,,,,,,,,,,,,,,,,,,,,,,,,,,,,,,,,,,,,,,,,,,,,,,,1.2,g,,,41.3,mg,,,,,,,,,,,,,,,,,,,,,,,,,,,,,,,,,,,0.2,g,,,,,,,,,,,,,,,,,,,,,,,,,,,,,,,,,,,,,,,,
15021,Bánh khúc,Thức ăn truyền thống,249.0,4.1,g,3.8,g,49.7,g,,,,,,,,,27.5,mg,1.13,mg,,,,,1.57,mg,41.6,g,,,,,,,,,,,,,,,,,,,,,,,,,,,,,,,,,,,,,,,,,,,,,,,,,,,,,,,0.8,g,,,44.8,mg,,,,,,,,,,,,,,,,,,,,,,,,,,,,,,,,,,,0.6,g,,,,,,,,,,,,,,,,,,,,,,,,,,,,,,,,,,,,,,,,
15022,Bánh mè,Thức ăn truyền thống,482.0,5.5,g,26.5,g,55.42,g,,,,,,,,,94.4,mg,2.44,mg,,,,,0.79,mg,12.0,g,,,,,,,,,,,,,,,,,,,,,,,,,,,,,,,,,,,,,,,,,,,,,,,,,,,,,,,0.58,g,,,93.3,mg,,,,,,,,,,,,,,,,,,,,,,,,,,,,,,,,,,,1.1,g,,,,,,,,,,,,,,,,,,,,,,,,,,,,,,,,,,,,,,,,
15023,Bánh mì xíu mại,Thức ăn truyền thống,189.0,11.3,g,7.5,g,19.0,g,,,,,,,,,56.6,mg,1.52,mg,,,,,3.4,mg,60.5,g,,,,,,,,,,,,,,,,,,,,,,,,,,,,,,,,,,,,,,,,,,,,,,,,,,,,,,,1.7,g,,,57.9,mg,,,,,,,,,,,,,,,,,,,,,,,,,,,,,,,,,,,1.2,g,,,,,,,,,,,,,,,,,,,,,,,,,,,,,,,,,,,,,,,,
15024,Bánh mỳ patê,Thức ăn truyền thống,266.0,9.8,g,11.0,g,31.9,g,,,,,,,,,40.3,mg,3.45,mg,,,,,0.74,mg,45.9,g,,,,,,,,,,,,,,,,,,,,,,,,,,,,,,,,,,,,,,,,,,,,,,,,,,,,,,,1.4,g,,,76.2,mg,,,,,,,,,,,,,,,,,,,,,,,,,,,,,,,,,,,0.6,g,,,,,,,,,,,,,,,,,,,,,,,,,,,,,,,,,,,,,,,,
15025,Bánh nếp,Thức ăn truyền thống,216.0,5.0,g,3.2,g,41.77,g,,,,,,,,,16.8,mg,1.29,mg,,,,,0.5,mg,49.2,g,,,,,,,,,,,,,,,,,,,,,,,,,,,,,,,,,,,,,,,,,,,,,,,,,,,,,,,0.83,g,,,39.2,mg,,,,,,,,,,,,,,,,,,,,,,,,,,,,,,,,,,,0.6,g,,,,,,,,,,,,,,,,,,,,,,,,,,,,,,,,,,,,,,,,
15026,Bánh nướng nhân thập cẩm,Thức ăn truyền thống,386.0,5.2,g,14.8,g,58.1,g,,,,,,,,,42.9,mg,2.1,mg,,,,,0.84,mg,21.4,g,,,,,,,,,,,,,,,,,,,,,,,,,,,,,,,,,,,,,,,,,,,,,,,,,,,,,,,0.5,g,,,51.9,mg,,,,,,,,,,,,,,,,,,,,,,,,,,,,,,,,,,,1.8,g,,,,,,,,,,,,,,,,,,,,,,,,,,,,,,,,,,,,,,,,
15027,Bánh nướng nhân trứng đỗ xanh,Thức ăn truyền thống,371.0,9.6,g,13.9,g,51.9,g,,,,,,,,,55.1,mg,2.6,mg,,,,,1.31,mg,23.7,g,,,,,,,,,,,,,,,,,,,,,,,,,,,,,,,,,,,,,,,,,,,,,,,,,,,,,,,0.9,g,,,392.9,mg,,,,,,,,,,,,,,,,,,,,,,,,,,,,,,,,,,,2.7,g,,,,,,,,,,,,,,,,,,,,,,,,,,,,,,,,,,,,,,,,
15028,"Bánh phu thê (su sê, xu xuê)",Thức ăn truyền thống,185.0,2.1,g,1.3,g,41.1,g,,,,,,,,,12.8,mg,1.21,mg,,,,,0.2,mg,54.8,g,,,,,,,,,,,,,,,,,,,,,,,,,,,,,,,,,,,,,,,,,,,,,,,,,,,,,,,0.7,g,,,20.4,mg,,,,,,,,,,,,,,,,,,,,,,,,,,,,,,,,,,,1.0,g,,,,,,,,,,,,,,,,,,,,,,,,,,,,,,,,,,,,,,,,
15029,Bánh rán bọc đường,Thức ăn truyền thống,318.0,3.7,g,9.1,g,55.42,g,,,,,,,,,35.4,mg,0.67,mg,,,,,0.42,mg,31.6,g,,,,,,,,,,,,,,,,,,,,,,,,,,,,,,,,,,,,,,,,,,,,,,,,,,,,,,,0.18,g,,,18.0,mg,,,,,,,,,,,,,,,,,,,,,,,,,,,,,,,,,,,0.2,g,,,,,,,,,,,,,,,,,,,,,,,,,,,,,,,,,,,,,,,,
15030,Bánh tẻ,Thức ăn truyền thống,104.0,1.5,g,3.2,g,17.23,g,,,,,,,,,59.4,mg,0.71,mg,,,,,0.34,mg,77.7,g,,,,,,,,,,,,,,,,,,,,,,,,,,,,,,,,,,,,,,,,,,,,,,,,,,,,,,,0.37,g,,,13.2,mg,,,,,,,,,,,,,,,,,,,,,,,,,,,,,,,,,,,1.1,g,,,,,,,,,,,,,,,,,,,,,,,,,,,,,,,,,,,,,,,,
15031,Bánh tôm,Thức ăn truyền thống,204.0,4.0,g,10.8,g,22.64,g,,,,,,,,,232.4,mg,2.54,mg,,,,,0.43,mg,61.1,g,,,,,,,,,,,,,,,,,,,,,,,,,,,,,,,,,,,,,,,,,,,,,,,,,,,,,,,1.46,g,,,24.1,mg,,,,,,,,,,,,,,,,,,,,,,,,,,,,,,,,,,,0.4,g,,,,,,,,,,,,,,,,,,,,,,,,,,,,,,,,,,,,,,,,
15032,Bánh trôi,Thức ăn truyền thống,202.0,2.8,g,0.6,g,46.37,g,,,,,,,,,16.1,mg,1.86,mg,,,,,0.45,mg,50.1,g,,,,,,,,,,,,,,,,,,,,,,,,,,,,,,,,,,,,,,,,,,,,,,,,,,,,,,,0.13,g,,,13.9,mg,,,,,,,,,,,,,81.0,mg,,,,,,,,,,,,,,,,,,,,,0.2,g,,,,,,,,,,,,,,,,,,,,,,,,,,,,,,,,,,,,,,,,
15033,Bún bò Nam bộ,Thức ăn truyền thống,81.0,3.2,g,0.6,g,15.73,g,,,,,,,,,87.3,mg,0.55,mg,,,,,0.13,mg,79.7,g,,,,,,,,,,,,,,,,,,,,,,,,,,,,,,,,,,,,,,,,,,,,,,,,,,,,,,,0.77,g,,,25.4,mg,,,,,,,,,,,,,,,,,,,,,,,,,,,,,,,,,,,0.4,g,,,,,,,,,,,,,,,,,,,,,,,,,,,,,,,,,,,,,,,,
15034,Bún chả,Thức ăn truyền thống,136.0,6.1,g,4.4,g,17.9,g,,,,,,,,,91.1,mg,0.99,mg,,,,,0.77,mg,70.6,g,,,,,,,,,,,,,,,,,,,,,,,,,,,,,,,,,,,,,,,,,,,,,,,,,,,,,,,1.0,g,,,33.3,mg,,,,,,,,,,,,,,,,,,,,,,,,,,,,,,,,,,,0.6,g,,,,,,,,,,,,,,,,,,,,,,,,,,,,,,,,,,,,,,,,
15035,Bún cua,Thức ăn truyền thống,53.0,2.1,g,0.9,g,9.1,g,,,,,,,,,97.9,mg,2.07,mg,,,,,0.4,mg,86.6,g,,,,,,,,,,,,,,,,,,,,,,,,,,,,,,,,,,,,,,,,,,,,,,,,,,,,,,,1.3,g,,,23.2,mg,,,,,,,,,,,,,,,,,,,,,,,,,,,,,,,,,,,,,,,,,,,,,,,,,,,,,,,,,,,,,,,,,,,,,,,,,,,,
15036,Bún đậu,Thức ăn truyền thống,151.0,3.0,g,6.4,g,20.3,g,,,,,,,,,226.8,mg,1.75,mg,,,,,0.37,mg,68.6,g,,,,,,,,,,,,,,,,,,,,,,,,,,,,,,,,,,,,,,,,,,,,,,,,,,,,,,,1.7,g,,,61.4,mg,,,,,,,,,,,,,,,,,,,,,,,,,,,,,,,,,,,0.7,g,,,,,,,,,,,,,,,,,,,,,,,,,,,,,,,,,,,,,,,,
15037,Bún dọc mùng,Thức ăn truyền thống,408.0,3.0,g,2.6,g,8.3,g,,,,,,,,,57.7,mg,0.79,mg,,,,,0.39,mg,84.8,g,,,,,,,,,,,,,,,,,,,,,,,,,,,,,,,,,,,,,,,,,,,,,,,,,,,,,,,1.3,g,,,26.7,mg,,,,,,,,,,,,,,,,,,,,,,,,,,,,,,,,,,,,,,,,,,,,,,,,,,,,,,,,,,,,,,,,,,,,,,,,,,,,
15038,Bún nem,Thức ăn truyền thống,120.0,3.3,g,3.9,g,17.8,g,,,,,,,,,139.2,mg,1.08,mg,,,,,0.15,mg,74.1,g,,,,,,,,,,,,,,,,,,,,,,,,,,,,,,,,,,,,,,,,,,,,,,,,,,,,,,,0.9,g,,,27.8,mg,,,,,,,,,,,,,,,,,,,,,,,,,,,,,,,,,,,0.6,g,,,,,,,,,,,,,,,,,,,,,,,,,,,,,,,,,,,,,,,,
15039,Bún ốc,Thức ăn truyền thống,62.0,3.1,g,0.7,g,10.9,g,,,,,,,,,181.1,mg,1.78,mg,,,,,0.29,mg,83.9,g,,,,,,,,,,,,,,,,,,,,,,,,,,,,,,,,,,,,,,,,,,,,,,,,,,,,,,,1.4,g,,,22.0,mg,,,,,,,,,,,,,,,,,,,,,,,,,,,,,,,,,,,,,,,,,,,,,,,,,,,,,,,,,,,,,,,,,,,,,,,,,,,,
15040,Caramen,Thức ăn truyền thống,109.0,5.2,g,4.1,g,12.81,g,,,,,,,,,83.2,mg,0.94,mg,,,,,0.47,mg,77.3,g,,,,,,,,,,,,,,,,,,,,,,,,,,,,,,,,,,,,,,,,,,,,,,,,,,,,,,,0.59,g,,,75.0,mg,,,,,,,,,,,,,,,,,,,,,,,,,,,,,,,,,,,0.0,g,,,,,,,,,,,,,,,,,,,,,,,,,,,,,,,,,,,,,,,,
15041,Chả quế,Thức ăn truyền thống,339.0,18.3,g,29.0,g,1.1,g,,,,,,,,,24.1,mg,8.96,mg,,,,,2.19,mg,49.1,g,,,,,,,,,,,,,,,,,,,,,,,,,,,,,,,,,,,,,,,,,,,,,,,,,,,,,,,2.5,g,,,301.7,mg,,,,,,,,,,,,,,,,,,,,,,,,,,,,,,,,,,,0.4,g,,,,,,,,,,,,,,,,,,,,,,,,,,,,,,,,,,,,,,,,
15042,Cháo lòng,Thức ăn truyền thống,69.0,1.4,g,4.4,g,6.0,g,,,,,,,,,26.3,mg,2.42,mg,,,,,1.15,mg,87.3,g,,,,,,,,,,,,,,,,,,,,,,,,,,,,,,,,,,,,,,,,,,,,,,,,,,,,,,,0.9,g,,,25.5,mg,,,,,,,,,,,,,,,,,,,,,,,,,,,,,,,,,,,0.1,g,,,,,,,,,,,,,,,,,,,,,,,,,,,,,,,,,,,,,,,,
15043,Cháo sườn,Thức ăn truyền thống,40.0,1.5,g,0.2,g,8.0,g,,,,,,,,,20.9,mg,0.53,mg,,,,,0.34,mg,89.7,g,,,,,,,,,,,,,,,,,,,,,,,,,,,,,,,,,,,,,,,,,,,,,,,,,,,,,,,0.6,g,,,7.1,mg,,,,,,,,,,,,,,,,,,,,,,,,,,,,,,,,,,,0.1,g,,,,,,,,,,,,,,,,,,,,,,,,,,,,,,,,,,,,,,,,
15044,Cháo trai,Thức ăn truyền thống,49.0,2.2,g,0.7,g,8.4,g,,,,,,,,,37.2,mg,1.66,mg,,,,,0.92,mg,87.7,g,,,,,,,,,,,,,,,,,,,,,,,,,,,,,,,,,,,,,,,,,,,,,,,,,,,,,,,1.0,g,,,39.1,mg,,,,,,,,,,,,,,,,,,,,,,,,,,,,,,,,,,,0.3,g,,,,,,,,,,,,,,,,,,,,,,,,,,,,,,,,,,,,,,,,
15045,Chè bưởi,Thức ăn truyền thống,73.0,0.8,g,0.41,g,16.64,g,,,,,,,,,29.9,mg,0.33,mg,,,,,0.24,mg,82.0,g,,,,,,,,,,,,,,,,,,,,,,,,,,,,,,,,,,,,,,,,,,,,,,,,,,,,,,,0.15,g,,,7.2,mg,,,,,,,,,,,,,,,,,,,,,,,,,,,,,,,,,,,0.2,g,,,,,,,,,,,,,,,,,,,,,,,,,,,,,,,,,,,,,,,,
15046,Chè chuối,Thức ăn truyền thống,82.0,1.37,g,0.87,g,17.08,g,,,,,,,,,84.6,mg,0.88,mg,,,,,0.44,mg,80.4,g,,,,,,,,,,,,,,,,,,,,,,,,,,,,,,,,,,,,,,,,,,,,,,,,,,,,,,,0.28,g,,,17.8,mg,,,,,,,,,,,,,,,,,,,,,,,,,,,,,,,,,,,0.0,g,,,,,,,,,,,,,,,,,,,,,,,,,,,,,,,,,,,,,,,,
15047,Chè cốm,Thức ăn truyền thống,80.0,0.23,g,0.32,g,19.04,g,,,,,,,,,54.2,mg,0.34,mg,,,,,0.13,mg,80.4,g,,,,,,,,,,,,,,,,,,,,,,,,,,,,,,,,,,,,,,,,,,,,,,,,,,,,,,,0.01,g,,,6.1,mg,,,,,,,,,,,,,,,,,,,,,,,,,,,,,,,,,,,0.0,g,,,,,,,,,,,,,,,,,,,,,,,,,,,,,,,,,,,,,,,,
15048,Chè đỗ đen,Thức ăn truyền thống,79.0,1.21,g,0.26,g,18.02,g,,,,,,,,,29.2,mg,1.25,mg,,,,,0.36,mg,80.3,g,,,,,,,,,,,,,,,,,,,,,,,,,,,,,,,,,,,,,,,,,,,,,,,,,,,,,,,0.21,g,,,5.1,mg,,,,,,,,,,,,,,,,,,,,,,,,,,,,,,,,,,,0.1,g,,,,,,,,,,,,,,,,,,,,,,,,,,,,,,,,,,,,,,,,
15049,Chè đỗ đỏ,Thức ăn truyền thống,77.0,1.85,g,0.39,g,16.51,g,,,,,,,,,57.6,mg,1.92,mg,,,,,0.43,mg,80.7,g,,,,,,,,,,,,,,,,,,,,,,,,,,,,,,,,,,,,,,,,,,,,,,,,,,,,,,,0.55,g,,,15.1,mg,,,,,,,,,,,,,,,,,,,,,,,,,,,,,,,,,,,0.2,g,,,,,,,,,,,,,,,,,,,,,,,,,,,,,,,,,,,,,,,,
15050,Chè đỗ xanh,Thức ăn truyền thống,79.0,1.35,g,0.39,g,17.54,g,,,,,,,,,52.2,mg,0.46,mg,,,,,0.23,mg,80.6,g,,,,,,,,,,,,,,,,,,,,,,,,,,,,,,,,,,,,,,,,,,,,,,,,,,,,,,,0.12,g,,,17.1,mg,,,,,,,,,,,,,,,,,,,,,,,,,,,,,,,,,,,0.1,g,,,,,,,,,,,,,,,,,,,,,,,,,,,,,,,,,,,,,,,,
15051,Chè hạt sen,Thức ăn truyền thống,75.0,1.25,g,0.13,g,17.12,g,,,,,,,,,81.5,mg,0.68,mg,,,,,0.45,mg,81.3,g,,,,,,,,,,,,,,,,,,,,,,,,,,,,,,,,,,,,,,,,,,,,,,,,,,,,,,,0.2,g,,,13.3,mg,,,,,,,,,,,,,,,,,,,,,,,,,,,,,,,,,,,0.1,g,,,,,,,,,,,,,,,,,,,,,,,,,,,,,,,,,,,,,,,,
15052,Chè khoai sọ,Thức ăn truyền thống,83.0,0.78,g,0.42,g,19.05,g,,,,,,,,,63.8,mg,0.76,mg,,,,,0.39,mg,79.3,g,,,,,,,,,,,,,,,,,,,,,,,,,,,,,,,,,,,,,,,,,,,,,,,,,,,,,,,0.45,g,,,13.8,mg,,,,,,,,,,,,,,,,,,,,,,,,,,,,,,,,,,,0.1,g,,,,,,,,,,,,,,,,,,,,,,,,,,,,,,,,,,,,,,,,
15053,Chè ngô cốm,Thức ăn truyền thống,72.0,0.35,g,0.6,g,16.42,g,,,,,,,,,109.0,mg,0.5,mg,,,,,0.16,mg,82.5,g,,,,,,,,,,,,,,,,,,,,,,,,,,,,,,,,,,,,,,,,,,,,,,,,,,,,,,,0.13,g,,,14.1,mg,,,,,,,,,,,,,,,,,,,,,,,,,,,,,,,,,,,0.0,g,,,,,,,,,,,,,,,,,,,,,,,,,,,,,,,,,,,,,,,,
15054,Chè sắn,Thức ăn truyền thống,86.0,0.57,g,0.73,g,19.24,g,,,,,,,,,32.3,mg,1.41,mg,,,,,0.24,mg,79.2,g,,,,,,,,,,,,,,,,,,,,,,,,,,,,,,,,,,,,,,,,,,,,,,,,,,,,,,,0.26,g,,,6.7,mg,,,,,,,,,,,,,,,,,,,,,,,,,,,,,,,,,,,0.1,g,,,,,,,,,,,,,,,,,,,,,,,,,,,,,,,,,,,,,,,,
15055,Chè Thái,Thức ăn truyền thống,82.0,0.72,g,0.51,g,18.53,g,,,,,,,,,23.2,mg,2.08,mg,,,,,0.24,mg,80.1,g,,,,,,,,,,,,,,,,,,,,,,,,,,,,,,,,,,,,,,,,,,,,,,,,,,,,,,,0.14,g,,,10.8,mg,,,,,,,,,,,,,,,,,,,,,,,,,,,,,,,,,,,0.0,g,,,,,,,,,,,,,,,,,,,,,,,,,,,,,,,,,,,,,,,,
15056,Cơm rang,Thức ăn truyền thống,198.0,6.0,g,9.65,g,21.85,g,,,,,,,,,25.0,mg,1.62,mg,,,,,0.7,mg,56.2,g,,,,,,,,,,,,,,,,,,,,,,,,,,,,,,,,,,,,,,,,,,,,,,,,,,,,,,,6.3,g,,,52.7,mg,,,,,,,,,,,,,,,,,,,,,,,,,,,,,,,,,,,1.0,g,,,,,,,,,,,,,,,,,,,,,,,,,,,,,,,,,,,,,,,,
15057,Gà tần,Thức ăn truyền thống,131.0,6.7,g,7.4,g,9.4,g,,,,,,,,,57.4,mg,0.69,mg,,,,,1.1,mg,75.0,g,,,,,,,,,,,,,,,,,,,,,,,,,,,,,,,,,,,,,,,,,,,,,,,,,,,,,,,1.5,g,,,44.4,mg,,,,,,,,,,,,,,,,,,,,,,,,,,,,,,,,,,,1.0,g,,,,,,,,,,,,,,,,,,,,,,,,,,,,,,,,,,,,,,,,
15058,Miến lươn,Thức ăn truyền thống,73.0,2.4,g,2.6,g,9.92,g,,,,,,,,,30.3,mg,2.97,mg,,,,,0.44,mg,83.9,g,,,,,,,,,,,,,,,,,,,,,,,,,,,,,,,,,,,,,,,,,,,,,,,,,,,,,,,1.18,g,,,35.4,mg,,,,,,,,,,,,,,,,,,,,,,,,,,,,,,,,,,,0.2,g,,,,,,,,,,,,,,,,,,,,,,,,,,,,,,,,,,,,,,,,
15059,Miến ngan,Thức ăn truyền thống,65.0,2.0,g,2.4,g,8.96,g,,,,,,,,,22.1,mg,1.26,mg,,,,,0.32,mg,85.4,g,,,,,,,,,,,,,,,,,,,,,,,,,,,,,,,,,,,,,,,,,,,,,,,,,,,,,,,1.24,g,,,22.1,mg,,,,,,,,,,,,,,,,,,,,,,,,,,,,,,,,,,,0.6,g,,,,,,,,,,,,,,,,,,,,,,,,,,,,,,,,,,,,,,,,
15060,Mỳ vằn thắn,Thức ăn truyền thống,81.0,2.6,g,3.1,g,10.58,g,,,,,,,,,29.9,mg,1.94,mg,,,,,0.37,mg,82.5,g,,,,,,,,,,,,,,,,,,,,,,,,,,,,,,,,,,,,,,,,,,,,,,,,,,,,,,,1.22,g,,,31.4,mg,,,,,,,,,,,,,,,,,,,,,,,,,,,,,,,,,,,0.2,g,,,,,,,,,,,,,,,,,,,,,,,,,,,,,,,,,,,,,,,,
15061,Mỳ xào,Thức ăn truyền thống,139.0,5.7,g,7.0,g,13.41,g,,,,,,,,,58.7,mg,3.72,mg,,,,,0.53,mg,72.7,g,,,,,,,,,,,,,,,,,,,,,,,,,,,,,,,,,,,,,,,,,,,,,,,,,,,,,,,1.19,g,,,36.0,mg,,,,,,,,,,,,,,,,,,,,,,,,,,,,,,,,,,,0.9,g,,,,,,,,,,,,,,,,,,,,,,,,,,,,,,,,,,,,,,,,
15062,Nem lụi,Thức ăn truyền thống,183.0,6.7,g,13.3,g,9.07,g,,,,,,,,,91.2,mg,1.81,mg,,,,,0.77,mg,69.5,g,,,,,,,,,,,,,,,,,,,,,,,,,,,,,,,,,,,,,,,,,,,,,,,,,,,,,,,1.43,g,,,58.0,mg,,,,,,,,,,,,,,,,,,,,,,,,,,,,,,,,,,,0.9,g,,,,,,,,,,,,,,,,,,,,,,,,,,,,,,,,,,,,,,,,
15063,Nem rán,Thức ăn truyền thống,145.0,4.5,g,7.7,g,14.42,g,,,,,,,,,67.6,mg,1.99,mg,,,,,0.57,mg,71.5,g,,,,,,,,,,,,,,,,,,,,,,,,,,,,,,,,,,,,,,,,,,,,,,,,,,,,,,,1.88,g,,,28.7,mg,,,,,,,,,,,,,,,,,,,,,,,,,,,,,,,,,,,1.3,g,,,,,,,,,,,,,,,,,,,,,,,,,,,,,,,,,,,,,,,,
15064,Nộm tai lợn,Thức ăn truyền thống,119.0,6.6,g,6.3,g,8.85,g,,,,,,,,,57.1,mg,1.02,mg,,,,,0.57,mg,76.7,g,,,,,,,,,,,,,,,,,,,,,,,,,,,,,,,,,,,,,,,,,,,,,,,,,,,,,,,1.55,g,,,11.9,mg,,,,,,,,,,,,,,,,,,,,,,,,,,,,,,,,,,,1.3,g,,,,,,,,,,,,,,,,,,,,,,,,,,,,,,,,,,,,,,,,
15065,Phở bò chín,Thức ăn truyền thống,73.0,5.2,g,0.9,g,11.1,g,,,,,,,,,98.8,mg,0.92,mg,,,,,1.28,mg,81.7,g,,,,,,,,,,,,,,,,,,,,,,,,,,,,,,,,,,,,,,,,,,,,,,,,,,,,,,,1.1,g,,,33.4,mg,,,,,,,,,,,,,,,,,,,,,,,,,,,,,,,,,,,0.3,g,,,,,,,,,,,,,,,,,,,,,,,,,,,,,,,,,,,,,,,,
15066,Phở bò tái,Thức ăn truyền thống,67.0,4.3,g,0.3,g,11.8,g,,,,,,,,,81.5,mg,0.56,mg,,,,,0.64,mg,82.7,g,,,,,,,,,,,,,,,,,,,,,,,,,,,,,,,,,,,,,,,,,,,,,,,,,,,,,,,0.9,g,,,27.5,mg,,,,,,,,,,,,,,,,,,,,,,,,,,,,,,,,,,,0.2,g,,,,,,,,,,,,,,,,,,,,,,,,,,,,,,,,,,,,,,,,
15067,Phở gà,Thức ăn truyền thống,73.0,3.8,g,1.0,g,12.3,g,,,,,,,,,95.7,mg,0.65,mg,,,,,0.38,mg,81.9,g,,,,,,,,,,,,,,,,,,,,,,,,,,,,,,,,,,,,,,,,,,,,,,,,,,,,,,,1.0,g,,,25.2,mg,,,,,,,,,,,,,,,,,,,,,,,,,,,,,,,,,,,0.6,g,,,,,,,,,,,,,,,,,,,,,,,,,,,,,,,,,,,,,,,,
15068,Thịt xiên nướng,Thức ăn truyền thống,322.0,26.5,g,23.8,g,0.54,g,,,,,,,,,140.3,mg,7.88,mg,,,,,2.66,mg,46.7,g,,,,,,,,,,,,,,,,,,,,,,,,,,,,,,,,,,,,,,,,,,,,,,,,,,,,,,,2.46,g,,,62.1,mg,,,,,,,,,,,,,,,,,,,,,,,,,,,,,,,,,,,0.5,g,,,,,,,,,,,,,,,,,,,,,,,,,,,,,,,,,,,,,,,,
15069,Xôi đỗ xanh,Thức ăn truyền thống,230.0,5.5,g,0.4,g,51.0,g,,,,,,,,,54.3,mg,0.51,mg,,,,,0.98,mg,42.4,g,,,,,,,,,,,,,,,,,,,,,,,,,,,,,,,,,,,,,,,,,,,,,,,,,,,,,,,0.7,g,,,109.9,mg,,,,,,,,,,,,,,,,,,,,,,,,,,,,,,,,,,,1.3,g,,,,,,,,,,,,,,,,,,,,,,,,,,,,,,,,,,,,,,,,
15070,Xôi gấc,Thức ăn truyền thống,231.0,3.1,g,0.8,g,52.9,g,,,,,,,,,23.6,mg,0.28,mg,,,,,1.18,mg,42.8,g,,,,,,,,,,,,,,,,,,,,,,,,,,,,,,,,,,,,,,,,,,,,,,,,,,,,,,,0.4,g,,,23.0,mg,,,,,,,,,,,,,,,,,,,,,,,,,,,,,,,,,,,0.1,g,,,,,,,,,,,,,,,,,,,,,,,,,,,,,,,,,,,,,,,,
15071,Xôi lạc,Thức ăn truyền thống,246.0,4.2,g,4.3,g,47.5,g,,,,,,,,,33.3,mg,0.32,mg,,,,,1.04,mg,43.6,g,,,,,,,,,,,,,,,,,,,,,,,,,,,,,,,,,,,,,,,,,,,,,,,,,,,,,,,0.4,g,,,96.9,mg,,,,,,,,,,,,,,,,,,,,,,,,,,,,,,,,,,,1.1,g,,,,,,,,,,,,,,,,,,,,,,,,,,,,,,,,,,,,,,,,
15072,Xôi ngô,Thức ăn truyền thống,198.0,4.4,g,4.0,g,36.0,g,,,,,,,,,31.2,mg,0.21,mg,,,,,1.2,mg,54.6,g,,,,,,,,,,,,,,,,,,,,,,,,,,,,,,,,,,,,,,,,,,,,,,,,,,,,,,,1.0,g,,,177.6,mg,,,,,,,,,,,,,,,,,,,,,,,,,,,,,,,,,,,1.2,g,,,,,,,,,,,,,,,,,,,,,,,,,,,,,,,,,,,,,,,,
15073,Xôi xéo,Thức ăn truyền thống,254.0,4.3,g,3.7,g,50.9,g,,,,,,,,,27.5,mg,0.4,mg,,,,,0.88,mg,40.3,g,,,,,,,,,,,,,,,,,,,,,,,,,,,,,,,,,,,,,,,,,,,,,,,,,,,,,,,0.8,g,,,67.6,mg,,,,,,,,,,,,,,,,,,,,,,,,,,,,,,,,,,,0.4,g,,,,,,,,,,,,,,,,,,,,,,,,,,,,,,,,,,,,,,,,
15074,Muối vừng,Thức ăn truyền thống,1.0,18.11,g,32.65,g,13.77,g,,,,,,,,,534.56,mg,4.59,mg,13785.2,mg,326.77,mg,2.79,mg,4.61,g,,,,,,,,,,,,,,,,,,,,,,,,,,,,,,,,,,,,,,,,,,,,,,,,,,,,,,,,,,,,,,,,,,,,,,,,,,,,,,,,,,,,,,,,,,,,,,,2.05,g,,,,,,,,,,,,,,,,,,,,,,,,,,,,,,,,,,,,,,,,
15075,Cháo dinh dưỡng thịt bò,Thức ăn truyền thống,47.0,1.84,g,1.5,g,6.63,g,,,,,,,,,13.71,mg,,,,,,,,,,,,,,,,,,,,,,,,,,,,,,,,,,,,,,,,,,,,,,,,,,,,,,,,,,,,,,,,,,,,,,,,,,,,,,,,,,,,,,,,,,,,,,,,,,,,,,,,,,,,,,,,,,,,,,,,,,,,,,,,,,,,,,,,,,,,,,,,,,
15076,Cháo dinh dưỡng tôm,Thức ăn truyền thống,47.0,1.84,g,1.5,g,6.63,g,,,,,,,,,13.71,mg,,,,,,,,,,,,,,,,,,,,,,,,,,,,,,,,,,,,,,,,,,,,,,,,,,,,,,,,,,,,,,,,,,,,,,,,,,,,,,,,,,,,,,,,,,,,,,,,,,,,,,,,,,,,,,,,,,,,,,,,,,,,,,,,,,,,,,,,,,,,,,,,,,
15077,Bánh dày,Thức ăn truyền thống,156.0,3.3,g,3.1,g,28.71,g,,,,,,,,,12.2,mg,0.78,mg,,,,,0.32,mg,64.7,g,,,,,,,,,,,,,,,,,,,,,,,,,,,,,,,,,,,,,,,,,,,,,,,,,,,,,,,,,,,,,,,,,,,,,,,,,,,,,,,,,,,,,,,,,,,,,,,0.38,g,,,,,,,,,,,,,,,,,,,,,,,,,,,,,,,,,,,,,,,,
15078,Xôi đỗ đen,Thức ăn truyền thống,230.0,5.5,g,0.4,g,51.0,g,,,,,,,,,109.9,mg,,,,,,,,,42.4,g,,,,,,,,,,,,,,,,,,,,,,,,,,,,,,,,,,,,,,,,,,,,,,,,,,,,,54.3,g,0.7,g,,,0.51,mg,,,0.98,mg,,,,,,,,,,,,,,,,,,,,,,,,,,,,,,,0.7,g,,,,,,,,,,,,,,,,,,,,,,,,,,,,,,,,,,,,,,,,
2001,"Củ ấu, tươi",Khoai củ và sản phẩm chế biến,119.0,3.6,g,0.5,g,25.0,g,,,0.42,mcg,5.0,mcg,5.0,mg,9.0,mg,0.7,mg,,,,,,,69.2,g,,,,,,,,,,,,,,,,,,,,,,,,,,,,,,,,,,,,,,,,,,,,,,,,,,,,,,,1.7,g,,,49.0,mg,,,,,,,,,,,0.23,mg,0.05,mg,1.9,mg,,,,,,,,,,,,,,,,,,,1.0,g,,,,,,,,,,,,,,,,,,,,,,,,,,,,,,,,,,,,,,,,
2002,"Củ cái, tươi",Khoai củ và sản phẩm chế biến,134.0,3.1,g,0.12,g,30.18,g,,,6.92,mcg,83.0,mcg,1.0,mg,20.0,mg,2.9,mg,12.0,mg,397.0,mg,11.0,mg,65.5,g,12.0,mg,54.0,mg,52.0,mg,96.0,mg,59.0,mg,21.0,mg,19.0,mg,71.0,mg,40.0,mg,62.0,mg,127.0,mg,34.0,mg,63.0,mg,155.0,mg,181.0,mg,53.0,mg,54.0,mg,81.0,mg,0.04,g,0.03,g,0.0,g,0.01,g,0.01,g,0.08,g,0.06,g,0.01,g,,,1.1,g,20.0,mg,32.0,mg,,,,,,,,,0.39,mg,,,,,,,0.31,mg,0.29,mg,23.0,mcg,23.0,mcg,2.6,mcg,,,,,,,,,1.8,g,,,,,,,,,,,,,,,,,,,,,,,,,,,,,,,,,,,,,,,,
2003,"Củ dong, tươi",Khoai củ và sản phẩm chế biến,129.0,1.4,g,,,30.8,g,,,,,,,,,42.0,mg,,,73.0,mg,299.0,mg,,,66.5,g,,,,,,,,,,,,,,,,,,,,,,,,,,,,,,,,,,,,,,,,,,,,,,,,,,,,,,,1.3,g,46.0,mg,21.0,mg,,,,,,,,,,,,,,,,,,,,,,,,,,,,,,,,,,,2.4,g,,,,,,,,,,,,,,,,,,,,,,,,,,,,,,,,,,,,,,,,
2003002,Củ dong luộc,Khoai củ và sản phẩm chế biến,131.0,1.43,g,,,31.43,g,,,,,,,,mg,42.86,mg,,mg,74.49,mg,305.1,mg,,mg,65.82,g,,mg,,mg,,mg,,mg,,mg,,mg,,mg,,mg,,mg,,mg,,mg,,mg,,mg,,mg,,mg,,mg,,mg,,mg,,g,,g,,g,,g,,g,,g,,g,,g,,g,1.33,g,46.94,mg,21.43,mg,,mg,,mg,,mcg,,mcg,,mg,,mg,,mg,,mg,,mg,,mg,,mcg,,mcg,,mcg,,g,,g,,,,,2.45,g,,,,g,,mcg,,g,,g,,g,,g,,g,,g,,g,,g,,g,,mcg,,mcg,,mg,,mcg,,mg,,g,,g,,g
2004,"Củ sắn, tươi",Khoai củ và sản phẩm chế biến,158.0,1.1,g,0.2,g,37.9,g,,,0.67,mcg,8.0,mcg,34.0,mg,25.0,mg,1.2,mg,2.0,mg,394.0,mg,,,60.0,g,19.0,mg,28.0,mg,27.0,mg,39.0,mg,44.0,mg,11.0,mg,28.0,mg,26.0,mg,17.0,mg,35.0,mg,137.0,mg,20.0,mg,38.0,mg,79.0,mg,206.0,mg,28.0,mg,33.0,mg,33.0,mg,0.07,g,0.07,g,0.01,g,0.08,g,0.08,g,0.05,g,0.03,g,0.02,g,,,0.8,g,4.0,mg,30.0,mg,,,,,,,,,0.19,mg,0.03,mg,0.03,mg,0.6,mg,0.11,mg,0.09,mg,27.0,mcg,27.0,mcg,1.9,mcg,,,,,,,,,1.5,g,,,,,,,,,,,,,,,,,,,,,,,,,,,,,,,,,,,,,,,,
2004014,Củ sắn nướng,Khoai củ và sản phẩm chế biến,216.0,1.51,g,0.27,g,51.92,g,,,0.91,mcg,10.96,mcg,46.58,mg,34.25,mg,1.64,mg,2.74,mg,539.73,mg,,mg,45.21,g,0.03,mg,0.04,mg,0.04,mg,0.05,mg,0.06,mg,0.02,mg,0.04,mg,0.04,mg,0.02,mg,0.05,mg,0.19,mg,0.03,mg,0.05,mg,0.11,mg,0.28,mg,0.04,mg,0.05,mg,0.05,mg,0.1,g,0.09,g,0.01,g,0.1,g,,g,0.07,g,0.04,g,0.02,g,,g,1.1,g,5.48,mg,41.1,mg,,mg,,mg,,mcg,,mcg,0.26,mg,0.03,mg,0.03,mg,0.78,mg,0.11,mg,0.09,mg,18.49,mcg,,mcg,2.6,mcg,,g,,,,,,,2.05,g,,,0.1,g,,,,g,,g,,g,,g,,g,,g,,,,g,,g,,mcg,,mcg,,mg,,mcg,,mg,,,,,,g
2005,"Củ sắn dây, tươi",Khoai củ và sản phẩm chế biến,156.0,1.6,g,0.1,g,37.2,g,,,,,,,,,28.0,mg,0.2,mg,,,,,,,60.3,g,,,,,,,,,,,,,,,,,,,,,,,,,,,,,,,,,,,,,,,,,,,,,,,,,,,,,,,0.8,g,,,45.0,mg,,,,,,,,,,,,,,,,,,,,,,,,,,,,,,,,,,,9.2,g,,,,,,,,,,,,,,,,,,,,,,,,,,,,,,,,,,,,,,,,
2005002,"Củ sắn dây, luộc",Khoai củ và sản phẩm chế biến,152.0,1.55,g,0.1,g,36.12,g,,,,,,,,mg,27.18,mg,0.19,mg,,mg,,mg,,mg,61.46,g,,mg,,mg,,mg,,mg,,mg,,mg,,mg,,mg,,mg,,mg,,mg,,mg,,mg,,mg,,mg,,mg,,mg,,mg,,g,,g,,g,,g,,g,,g,,g,,g,,g,0.78,g,,mg,43.69,mg,,mg,,mg,,mcg,,mcg,,mg,,mg,,mg,,mg,,mg,,mg,,mcg,,mcg,,mcg,,g,,g,,,,,8.93,g,,,,g,,mcg,,g,,g,,g,,g,,g,,g,,g,,g,,g,,mcg,,mcg,,mg,,mcg,,mg,,g,,g,,g
2006,"Củ súng, bóc vỏ, khô",Khoai củ và sản phẩm chế biến,359.0,16.1,g,0.5,g,72.6,g,,,,,,,,,100.0,mg,0.2,mg,,,,,,,8.6,g,,,,,,,,,,,,,,,,,,,,,,,,,,,,,,,,,,,,,,,,,,,,,,,,,,,,,,,2.2,g,,,720.0,mg,,,,,,,,,,,,,,,,,,,,,,,,,,,,,,,,,,,2.3,g,,,,,,,,,,,,,,,,,,,,,,,,,,,,,,,,,,,,,,,,
2007,"Củ từ, tươi",Khoai củ và sản phẩm chế biến,97.0,1.5,g,,,22.7,g,,,,,,,2.0,mg,28.0,mg,0.2,mg,71.0,mg,264.0,mg,,,75.0,g,,,,,,,,,,,,,,,,,,,,,,,,,,,,,,,,,,,,,,,,,,,,,,,,,,,,,,,0.8,g,28.0,mg,30.0,mg,,,,,,,,,,,,,,,,,,,,,,,,,,,,,,,,,,,1.2,g,,,,,,,,,,,,,,,,,,,,,,,,,,,,,,,,,,,,,,,,
2007002,Củ từ luộc,Khoai củ và sản phẩm chế biến,99.0,1.53,g,,,23.16,g,,,,,,,2.04,mg,28.57,mg,0.2,mg,72.45,mg,269.39,mg,,mg,74.49,g,,mg,,mg,,mg,,mg,,mg,,mg,,mg,,mg,,mg,,mg,,mg,,mg,,mg,,mg,,mg,,mg,,mg,,mg,,g,,g,,g,,g,,g,,g,,g,,g,,g,0.82,g,28.57,mg,30.61,mg,,mg,,mg,,mcg,,mcg,,mg,,mg,,mg,,mg,,mg,,mg,,mcg,,mcg,,mcg,,g,,g,,,,,1.22,g,,,,g,,mcg,,g,,g,,g,,g,,g,,g,,g,,g,,g,,mcg,,mcg,,mg,,mcg,,mg,,g,,g,,g
2008,"Khoai lang, tươi",Khoai củ và sản phẩm chế biến,124.0,0.8,g,0.2,g,29.8,g,,,12.5,mcg,150.0,mcg,23.0,mg,34.0,mg,1.0,mg,31.0,mg,210.0,mg,0.2,mg,68.0,g,2.0,mg,40.0,mg,30.0,mg,40.0,mg,30.0,mg,10.0,mg,12.0,mg,40.0,mg,48.0,mg,30.0,mg,30.0,mg,10.0,mg,58.0,mg,176.0,mg,139.0,mg,42.0,mg,34.0,mg,50.0,mg,0.02,g,0.02,g,0.0,g,0.0,g,0.0,g,0.01,g,0.01,g,0.0,g,,,1.2,g,201.0,mg,49.4,mg,0.26,mg,0.39,mg,7.1,mcg,,,0.26,mg,0.05,mg,0.05,mg,0.6,mg,0.8,mg,0.21,mg,11.0,mcg,11.0,mcg,1.8,mcg,,,,,,,,,1.3,g,,,,,,,,,,,,,,,,,,,,,,,,,,,,,,,,,,,,,,,,
2008002,"Khoai lang, luộc",Khoai củ và sản phẩm chế biến,122.0,0.78,g,0.2,g,29.22,g,,,12.25,mcg,147.06,mcg,22.55,mg,33.33,mg,0.98,mg,30.39,mg,205.88,mg,0.2,mg,68.63,g,0.0,mg,0.04,mg,0.03,mg,0.04,mg,0.03,mg,0.01,mg,0.01,mg,0.04,mg,0.05,mg,0.03,mg,0.03,mg,0.01,mg,0.06,mg,0.17,mg,0.14,mg,0.04,mg,0.03,mg,0.05,mg,0.02,g,0.02,g,0.0,g,0.0,g,,g,0.01,g,0.01,g,0.0,g,,g,1.18,g,197.06,mg,48.43,mg,0.25,mg,0.38,mg,6.96,mcg,,mcg,0.25,mg,0.03,mg,0.03,mg,0.35,mg,0.47,mg,0.12,mg,5.39,mcg,,mcg,1.76,mcg,,g,,,,mcg,,,1.27,g,,,0.0,g,,,,g,,g,,g,,g,,g,,g,,,,g,,g,,mcg,,mcg,,mg,,mcg,,mg,,,,,,g
2008014,"Khoai lang, nướng ",Khoai củ và sản phẩm chế biến,170.0,1.1,g,0.27,g,40.82,g,,,17.12,mcg,205.48,mcg,31.51,mg,46.58,mg,1.37,mg,42.47,mg,287.67,mg,0.27,mg,56.16,g,0.0,mg,0.05,mg,0.04,mg,0.05,mg,0.04,mg,0.01,mg,0.02,mg,0.05,mg,0.07,mg,0.04,mg,0.04,mg,0.01,mg,0.08,mg,0.24,mg,0.19,mg,0.06,mg,0.05,mg,0.07,mg,0.02,g,0.02,g,0.0,g,0.0,g,,g,0.02,g,0.02,g,0.0,g,,g,1.64,g,275.34,mg,67.67,mg,0.36,mg,0.53,mg,9.73,mcg,,mcg,0.36,mg,0.05,mg,0.06,mg,0.78,mg,0.82,mg,0.21,mg,7.53,mcg,,mcg,2.47,mcg,,g,,,,mcg,,,1.78,g,,,0.0,g,,,,g,,g,,g,,g,,g,,g,,,,g,,g,,mcg,,mcg,,mg,,mcg,,mg,,,,,,g
2009,"Khoai lang nghệ, tươi",Khoai củ và sản phẩm chế biến,119.0,1.2,g,0.3,g,27.9,g,,,122.5,mcg,1470.0,mcg,30.0,mg,36.0,mg,0.9,mg,350.0,mg,107.0,mg,,,69.9,g,12.0,mg,50.0,mg,40.0,mg,64.0,mg,42.0,mg,11.0,mg,12.0,mg,42.0,mg,48.0,mg,61.0,mg,35.0,mg,19.0,mg,58.0,mg,176.0,mg,130.0,mg,12.0,mg,34.0,mg,50.0,mg,,,,,,,,,,,,,,,,,,,0.7,g,68.0,mg,56.0,mg,,,,,,,,,,,0.12,mg,0.05,mg,0.6,mg,,,,,,,,,,,,,,,,,,,0.8,g,,,,,,,,,,,,,,,,,,,,,,,,,,,,,,,,,,,,,,,,
2010,"Khoai môn, tươi",Khoai củ và sản phẩm chế biến,113.0,1.5,g,0.2,g,26.4,g,,,,,,,4.0,mg,44.0,mg,0.8,mg,,,,,,,70.8,g,,,,,,,,,,,,,,,,,,,,,,,,,,,,,,,,,,,,,,,,,,,,,,,,,,,,,,,1.1,g,,,44.0,mg,,,,,,,,,,,0.09,mg,0.03,mg,0.1,mg,,,,,,,,,,,,,,,,,,,1.2,g,,,,,,,,,,,,,,,,,,,,,,,,,,,,,,,,,,,,,,,,
2011,"Khoai nước, tươi",Khoai củ và sản phẩm chế biến,106.0,1.0,g,0.1,g,25.3,g,,,,,,,3.0,mg,52.0,mg,0.2,mg,,,,,,,72.5,g,,,,,,,,,,,,,,,,,,,,,,,,,,,,,,,,,,,,,,,,,,,,,,,,,,,,,,,1.1,g,,,35.0,mg,,,,,,,,,,,,,,,,,,,,,,,,,,,,,,,,,,,2.0,g,,,,,,,,,,,,,,,,,,,,,,,,,,,,,,,,,,,,,,,,
2012,"Khoai riềng, tươi",Khoai củ và sản phẩm chế biến,114.0,0.8,g,,,27.6,g,,,,,,,,,64.0,mg,1.7,mg,,,,,,,70.0,g,,,,,,,,,,,,,,,,,,,,,,,,,,,,,,,,,,,,,,,,,,,,,,,,,,,,,,,1.6,g,,,107.0,mg,,,,,,,,,,,,,,,,,,,,,,,,,,,,,,,,,,,2.5,g,,,,,,,,,,,,,,,,,,,,,,,,,,,,,,,,,,,,,,,,
2012002,Khoai riềng luộc,Khoai củ và sản phẩm chế biến,116.0,0.82,g,,,28.16,g,,,,,,mcg,,mg,65.31,mg,1.73,mg,,mg,,mg,,mg,69.39,g,,mg,,mg,,mg,,mg,,mg,,mg,,mg,,mg,,mg,,mg,,mg,,mg,,mg,,mg,,mg,,mg,,mg,,mg,,g,,g,,g,,g,,g,,g,,g,,g,,g,1.63,g,,mg,109.18,mg,,mg,,mg,,mcg,,mcg,,mg,,mg,,mg,,mg,,mg,,mg,,mcg,,mcg,,mcg,,g,,g,,mcg,,,2.55,g,,,,g,,mcg,,g,,g,,g,,g,,g,,g,,g,,g,,g,,mcg,,mcg,,mg,,mcg,,mg,,g,,g,,g
2013,"Khoai sọ, tươi",Khoai củ và sản phẩm chế biến,119.0,1.8,g,0.1,g,27.7,g,,,3.75,mcg,35.0,mcg,4.0,mg,45.0,mg,1.5,mg,10.0,mg,448.0,mg,,,69.0,g,20.0,mg,80.0,mg,70.0,mg,150.0,mg,70.0,mg,10.0,mg,17.0,mg,90.0,mg,54.0,mg,90.0,mg,140.0,mg,30.0,mg,40.0,mg,180.0,mg,80.0,mg,68.0,mg,61.0,mg,110.0,mg,0.04,g,0.04,g,0.01,g,0.02,g,0.02,g,0.08,g,0.06,g,0.03,g,,,1.4,g,33.0,mg,75.0,mg,,,0.38,mg,,,,,2.38,mg,0.06,mg,0.03,mg,0.1,mg,0.3,mg,0.28,mg,22.0,mcg,22.0,mcg,1.0,mcg,,,,,,,,,1.2,g,,,,,,,,,,,,,,,,,,,,,,,,,,,,,,,,,,,,,,,,
2013002,"Khoai sọ, luộc",Khoai củ và sản phẩm chế biến,121.0,1.84,g,0.1,g,28.27,g,,,3.83,mcg,35.71,mcg,4.08,mg,45.92,mg,1.53,mg,10.2,mg,457.14,mg,,mg,68.37,g,0.02,mg,0.08,mg,0.07,mg,0.15,mg,0.07,mg,0.01,mg,0.02,mg,0.09,mg,0.06,mg,0.09,mg,0.14,mg,0.03,mg,0.04,mg,0.18,mg,0.08,mg,0.07,mg,0.06,mg,0.11,mg,0.04,g,0.04,g,0.01,g,0.02,g,,g,0.08,g,0.06,g,0.03,g,,g,1.43,g,33.67,mg,76.53,mg,,mg,0.39,mg,,mcg,,mcg,2.43,mg,0.04,mg,0.02,mg,0.06,mg,0.19,mg,0.17,mg,11.22,mcg,,mcg,1.02,mcg,,g,,,,mcg,,,1.22,g,,,0.02,g,,,,g,,g,,g,,g,,g,,g,,,,g,,g,,mcg,,mcg,,mg,,mcg,,mg,,,,,,g
2014,"Khoai tây, tươi",Khoai củ và sản phẩm chế biến,96.0,2.0,g,0.07,g,21.93,g,,,0.42,mcg,5.0,mcg,10.0,mg,10.0,mg,1.2,mg,7.0,mg,396.0,mg,0.3,mg,75.0,g,20.0,mg,70.0,mg,230.0,mg,230.0,mg,100.0,mg,30.0,mg,10.0,mg,110.0,mg,47.0,mg,100.0,mg,90.0,mg,30.0,mg,76.0,mg,211.0,mg,174.0,mg,64.0,mg,64.0,mg,70.0,mg,0.02,g,0.01,g,0.0,g,0.0,g,0.0,g,0.03,g,0.02,g,0.01,g,,,1.0,g,32.0,mg,50.0,mg,0.23,mg,0.2,mg,0.5,mcg,,,0.01,mg,0.1,mg,0.05,mg,0.9,mg,0.28,mg,0.2,mg,18.0,mcg,18.0,mcg,1.6,mcg,0.0,g,,,,,13.0,mcg,1.0,g,,,,,,,,,,,,,,,,,,,,,,,,,,,,,,,,,,,,,,,,
2014002,"Khoai tây, luộc",Khoai củ và sản phẩm chế biến,104.0,2.17,g,,,23.91,g,,,0.45,mcg,5.43,mcg,10.87,mg,10.87,mg,1.3,mg,7.61,mg,430.43,mg,0.33,mg,72.83,g,0.02,mg,0.08,mg,0.25,mg,0.25,mg,0.11,mg,0.03,mg,0.01,mg,0.12,mg,0.05,mg,0.11,mg,0.1,mg,0.03,mg,0.08,mg,0.23,mg,0.19,mg,0.07,mg,0.07,mg,0.08,mg,0.03,g,0.02,g,0.0,g,0.0,g,,g,0.05,g,0.03,g,0.01,g,,g,1.09,g,34.78,mg,54.35,mg,0.25,mg,0.22,mg,0.54,mcg,,mcg,0.01,mg,0.07,mg,0.03,mg,0.59,mg,0.18,mg,0.13,mg,9.78,mcg,,mcg,1.74,mcg,,g,,,14.13,mcg,,,1.09,g,,,0.0,g,,,,g,,g,,g,,g,,g,,g,0.0,g,,g,,g,,mcg,,mcg,,mg,,mcg,,mg,,,,,,g
2015,"Miến dong, khô",Khoai củ và sản phẩm chế biến,338.0,0.6,g,0.1,g,83.7,g,,,,,,,,,40.0,mg,1.0,mg,,,,,,,14.5,g,,,,,,,,,,,,,,,,,,,,,,,,,,,,,,,,,,,,,,,,,,,,,,,,,,,,,,,1.1,g,,,120.0,mg,,,,,,,,,,,,,,,,,,,,,,,,,,,,,,,,,,,1.5,g,,,,,,,,,,,,,,,,,,,,,,,,,,,,,,,,,,,,,,,,
2016,Bột dong lọc,Khoai củ và sản phẩm chế biến,343.0,0.6,g,,,85.2,g,,,,,,,,,37.0,mg,1.7,mg,,,,,,,14.0,g,,,,,,,,,,,,,,,,,,,,,,,,,,,,,,,,,,,,,,,,,,,,,,,,,,,,,,,0.2,g,,,18.0,mg,,,,,,,,,,,,,,,,,,,,,,,,,,,,,,,,,,,0.5,g,,,,,,,,,,,,,,,,,,,,,,,,,,,,,,,,,,,,,,,,
2017,Bột khoai lang,Khoai củ và sản phẩm chế biến,341.0,2.2,g,0.5,g,81.8,g,,,,,,,,,50.0,mg,2.0,mg,,,,,,,14.0,g,,,,,,,,,,,,,,,,,,,,,,,,,,,,,,,,,,,,,,,,,,,,,,,,,,,,,,,1.5,g,,,95.0,mg,,,,,,,,,,,0.24,mg,0.09,mg,1.5,mg,,,,,,,,,,,,,,,,,,,1.6,g,,,,,,,,,,,,,,,,,,,,,,,,,,,,,,,,,,,,,,,,
2018,Bột khoai riềng (bột đao),Khoai củ và sản phẩm chế biến,343.0,0.2,g,,,85.6,g,,,,,,,,,16.0,mg,,,,,,,,,14.0,g,,,,,,,,,,,,,,,,,,,,,,,,,,,,,,,,,,,,,,,,,,,,,,,,,,,,,,,0.2,g,,,17.0,mg,,,,,,,,,,,,,,,,,,,,,,,,,,,,,,,,,,,1.5,g,,,,,,,,,,,,,,,,,,,,,,,,,,,,,,,,,,,,,,,,
2019,Bột khoai tây (lọc),Khoai củ và sản phẩm chế biến,346.0,1.0,g,0.25,g,84.85,g,,,,,,,,,30.0,mg,3.0,mg,,,,,,,13.6,g,9.0,mg,20.0,mg,22.0,mg,33.0,mg,35.0,mg,8.0,mg,5.0,mg,24.0,mg,12.0,mg,36.0,mg,25.0,mg,10.0,mg,21.0,mg,91.0,mg,80.0,mg,17.0,mg,21.0,mg,21.0,mg,0.09,g,0.06,g,0.01,g,0.01,g,0.0,g,0.15,g,0.11,g,0.04,g,,,0.3,g,,,125.0,mg,,,,,,,,,0.25,mg,0.01,mg,,,0.35,mg,0.47,mg,0.77,mg,25.0,mcg,25.0,mcg,,,0.0,g,,,,,,,0.4,g,,,,,,,,,,,,,,,,,,,,,,,,,,,,,,,,,,,,,,,,
2020,Bột sắn,Khoai củ và sản phẩm chế biến,341.0,2.4,g,0.5,g,81.8,g,,,,,,,,,84.0,mg,,,,,,,,,14.0,g,,,,,,,,,,,,,,,,,,,,,,,,,,,,,,,,,,,,,,,,,,,,,,,,,,,,,,,1.3,g,,,37.0,mg,,,,,,,,,,,0.02,mg,0.03,mg,0.06,mg,,,,,,,,,,,,,,,,,,,2.2,g,,,,,,,,,,,,,,,,,,,,,,,,,,,,,,,,,,,,,,,,
2021,Bột sắn dây,Khoai củ và sản phẩm chế biến,343.0,0.7,g,,,85.1,g,,,,,,,,,18.0,mg,1.5,mg,,,,,,,14.0,g,,,,,,,,,,,,,,,,,,,,,,,,,,,,,,,,,,,,,,,,,,,,,,,,,,,,,,,0.2,g,,,20.0,mg,,,,,,,,,,,,,,,,,,,,,,,,,,,,,,,,,,,0.8,g,,,,,,,,,,,,,,,,,,,,,,,,,,,,,,,,,,,,,,,,
2022,"Khoai lang, khô",Khoai củ và sản phẩm chế biến,348.0,2.2,g,0.5,g,83.6,g,,,34.77,mcg,417.19,mcg,,,94.56,mg,2.78,mg,86.22,mg,584.06,mg,0.56,mg,11.0,g,4.0,mg,110.0,mg,90.0,mg,120.0,mg,70.0,mg,30.0,mg,33.0,mg,100.0,mg,132.0,mg,90.0,mg,90.0,mg,40.0,mg,159.5,mg,484.0,mg,382.25,mg,115.5,mg,93.5,mg,137.5,mg,0.05,g,0.05,g,0.0,g,0.0,g,0.0,g,0.04,g,0.03,g,0.0,g,,,2.7,g,559.03,mg,137.39,mg,0.72,mg,1.08,mg,19.75,mcg,,,0.72,mg,0.09,mg,0.07,mg,1.67,mg,2.23,mg,0.58,mg,30.59,mcg,30.59,mcg,5.01,mcg,,,,,,,,,3.6,g,,,,,,,,,,,,,,,,,,,,,,,,,,,,,,,,,,,,,,,,
2023,"Khoai tây, khô",Khoai củ và sản phẩm chế biến,343.0,6.6,g,0.3,g,78.5,g,,,1.48,mcg,17.8,mcg,,,37.0,mg,4.3,mg,24.92,mg,1409.76,mg,1.07,mg,11.0,g,50.0,mg,240.0,mg,750.0,mg,750.0,mg,330.0,mg,110.0,mg,33.0,mg,360.0,mg,155.1,mg,320.0,mg,290.0,mg,110.0,mg,250.8,mg,696.3,mg,574.2,mg,211.2,mg,211.2,mg,231.0,mg,0.08,g,0.05,g,0.01,g,0.01,g,0.0,g,0.13,g,0.1,g,0.03,g,,,3.6,g,113.92,mg,180.0,mg,0.82,mg,0.71,mg,1.78,mcg,,,0.04,mg,0.36,mg,0.18,mg,3.2,mg,1.0,mg,0.72,mg,64.08,mcg,64.08,mcg,5.7,mcg,0.0,g,,,,,46.28,mcg,3.4,g,,,,,,,,,,,,,,,,,,,,,,,,,,,,,,,,,,,,,,,,
2024,"Khoai tây lát, chiên",Khoai củ và sản phẩm chế biến,550.0,2.2,g,35.4,g,55.6,g,,,,,,,1.0,mg,37.0,mg,2.1,mg,,,,,,,3.0,g,,,,,,,,,,,,,,,,,,,,,,,,,,,,,,,,,,,,,,,,,,,,,,,,,,,,,,,3.8,g,,,130.0,mg,,,,,,,,,,,0.15,mg,0.02,mg,4.6,mg,,,,,,,,,,,,,,,,,,,6.3,g,,,,,,,,,,,,,,,,,,,,,,,,,,,,,,,,,,,,,,,,
2025,"Sắn, củ, khô",Khoai củ và sản phẩm chế biến,352.0,3.0,g,0.7,g,83.3,g,,,,,,,,,96.0,mg,7.9,mg,,,,,,,11.0,g,,,,,,,,,,,,,,,,,,,,,,,,,,,,,,,,,,,,,,,,,,,,,,,,,,,,,,,2.0,g,,,81.0,mg,,,,,,,,,,,0.06,mg,0.05,mg,0.8,mg,,,,,,,,,,,,,,,,,,,3.0,g,,,,,,,,,,,,,,,,,,,,,,,,,,,,,,,,,,,,,,,,
2026,Trân châu sắn,Khoai củ và sản phẩm chế biến,344.0,1.0,g,,,84.9,g,,,,,,,,,30.0,mg,2.0,mg,,,,,,,14.0,g,,,,,,,,,,,,,,,,,,,,,,,,,,,,,,,,,,,,,,,,,,,,,,,,,,,,,,,0.1,g,,,50.0,mg,,,,,,,,,,,0.04,mg,,,,,,,,,,,,,,,,,,,,,,,0.6,g,,,,,,,,,,,,,,,,,,,,,,,,,,,,,,,,,,,,,,,,
2026002,Trân châu sắn luộc ,Khoai củ và sản phẩm chế biến,344.0,1.0,g,,,84.9,g,,,,,,,,mg,30.0,mg,2.0,mg,,mg,,mg,,mg,14.0,g,,mg,,mg,,mg,,mg,,mg,,mg,,mg,,mg,,mg,,mg,,mg,,mg,,mg,,mg,,mg,,mg,,mg,,mg,,g,,g,,g,,g,,g,,g,,g,,g,,g,0.1,g,,mg,50.0,mg,,mg,,mg,,mcg,,mcg,,mg,0.02,mg,,mg,,mg,,mg,,mg,,mcg,,mcg,,mcg,,g,,g,,,,,0.6,g,,,,g,,mcg,,g,,g,,g,,g,,g,,g,,g,,g,,g,,mcg,,mcg,,mg,,mcg,,mg,,g,,g,,g
3001,"Cùi dừa già, tươi","Hạt, quả giàu đạm, béo và sản phẩm chế biến",385.0,4.8,g,36.0,g,10.4,g,,,,,,,2.0,mg,30.0,mg,30.0,mg,7.0,mg,555.0,mg,5.0,mg,47.6,g,39.0,mg,121.0,mg,131.0,mg,247.0,mg,147.0,mg,62.0,mg,66.0,mg,169.0,mg,103.0,mg,202.0,mg,546.0,mg,77.0,mg,170.0,mg,325.0,mg,761.0,mg,158.0,mg,138.0,mg,172.0,mg,29.7,g,2.84,g,1.73,g,1.43,g,1.43,g,0.37,g,0.37,g,,,,,1.2,g,160.0,mg,154.0,mg,0.05,mg,1.3,mg,,,,,0.24,mg,0.1,mg,0.01,mg,0.2,mg,0.3,mg,0.05,mg,26.0,mcg,26.0,mcg,0.2,mcg,,,,,,,,,4.2,g,,,,,,,,,,,,,,,,,,,,,,,,,,,,,,,,,,,,,,,,
3002,"Cùi dừa non, tươi","Hạt, quả giàu đạm, béo và sản phẩm chế biến",54.0,3.5,g,1.7,g,6.1,g,,,,,,,6.0,mg,4.0,mg,1.0,mg,141.0,mg,454.0,mg,,,87.8,g,,,,,,,,,,,,,,,,,,,,,,,,,,,,,,,,,,,,,,,,,,,,,,,,,,,,,,,0.9,g,74.0,mg,53.0,mg,,,,,,,,,,,0.04,mg,0.03,mg,0.8,mg,,,,,,,,,,,,,,,,,,,3.5,g,,,,,,,,,,,,,,,,,,,,,,,,,,,,,,,,,,,,,,,,
3003,"Đậu cô ve, hạt, khô","Hạt, quả giàu đạm, béo và sản phẩm chế biến",335.0,21.8,g,1.6,g,58.4,g,,,,,,,,,96.0,mg,,,,,,,,,14.0,g,,,,,,,,,,,,,,,,,,,,,,,,,,,,,,,,,,,,,,,,,,,,,,,,,,,,,,,4.2,g,,,360.0,mg,,,,,,,,,,,,,,,,,,,,,,,,,,,,,,,,,,,3.5,g,,,,,,,,,,,,,,,,,,,,,,,,,,,,,,,,,,,,,,,,
3004,"Đậu đen, hạt, khô","Hạt, quả giàu đạm, béo và sản phẩm chế biến",341.0,24.2,g,1.7,g,57.3,g,,,2.5,mcg,30.0,mcg,3.0,mg,56.0,mg,6.1,mg,,,,,,,14.0,g,256.0,mg,909.0,mg,954.0,mg,1725.0,mg,1483.0,mg,325.0,mg,235.0,mg,1168.0,mg,608.0,mg,1130.0,mg,1337.0,mg,601.0,mg,905.0,mg,2613.0,mg,3294.0,mg,843.0,mg,916.0,mg,1175.0,mg,0.37,g,0.34,g,0.02,g,0.12,g,0.12,g,0.61,g,0.33,g,0.28,g,,,2.8,g,,,354.0,mg,,,,,,,,,0.22,mg,0.5,mg,0.21,mg,1.8,mg,0.9,mg,0.29,mg,444.0,mcg,444.0,mcg,6.0,mcg,,,,,,,,,4.0,g,,,,,,,,,,,,,,,,,,,,,,,,,,,,,,,,,,,,,,,,
3005,"Đậu đũa, hạt, khô","Hạt, quả giàu đạm, béo và sản phẩm chế biến",338.0,23.7,g,2.0,g,56.2,g,,,0.83,mcg,10.0,mcg,1.0,mg,110.0,mg,6.5,mg,,,,,,,14.0,g,323.0,mg,911.0,mg,1514.0,mg,1931.0,mg,1503.0,mg,312.0,mg,123.0,mg,1176.0,mg,592.0,mg,1554.0,mg,1975.0,mg,1140.0,mg,908.0,mg,2904.0,mg,3594.0,mg,871.0,mg,1488.0,mg,1198.0,mg,0.33,g,0.25,g,0.05,g,0.11,g,0.09,g,0.54,g,0.34,g,0.2,g,,,4.1,g,,,382.0,mg,,,,,,,,,0.39,mg,0.59,mg,0.22,mg,2.3,mg,1.5,mg,0.36,mg,633.0,mcg,633.0,mcg,5.0,mcg,0.0,g,,,,,,,4.3,g,,,,,,,,,,,,,,,,,,,,,,,,,,,,,,,,,,,,,,,,
3006,"Đậu Hà lan, hạt, khô","Hạt, quả giàu đạm, béo và sản phẩm chế biến",342.0,22.2,g,1.4,g,60.1,g,,,5.83,mcg,70.0,mcg,2.0,mg,57.0,mg,4.4,mg,9.0,mg,135.0,mg,4.0,mg,13.6,g,275.0,mg,872.0,mg,1014.0,mg,1760.0,mg,1772.0,mg,251.0,mg,373.0,mg,1132.0,mg,711.0,mg,1159.0,mg,2188.0,mg,597.0,mg,1080.0,mg,2896.0,mg,4196.0,mg,1092.0,mg,1014.0,mg,1080.0,mg,0.16,g,0.13,g,0.03,g,0.24,g,0.23,g,0.5,g,0.41,g,0.08,g,,,2.7,g,145.0,mg,303.0,mg,0.93,mg,,,0.4,mcg,,,0.09,mg,0.77,mg,0.18,mg,3.1,mg,1.76,mg,0.17,mg,274.0,mcg,274.0,mcg,14.5,mcg,,,,,,,,,6.0,g,,,,,,,,,,,,,,,,,,,,,,,,,,,,,,,,,,,,,,,,
3007,"Đậu tương, đậu nành, hạt khô","Hạt, quả giàu đạm, béo và sản phẩm chế biến",418.0,34.0,g,18.4,g,29.1,g,,,2.5,mcg,30.0,mcg,4.0,mg,165.0,mg,11.0,mg,2.0,mg,1504.0,mg,3.8,mg,14.0,g,480.0,mg,1600.0,mg,1670.0,mg,2240.0,mg,1970.0,mg,680.0,mg,485.0,mg,1800.0,mg,988.0,mg,1430.0,mg,2410.0,mg,780.0,mg,1671.0,mg,4361.0,mg,7098.0,mg,1551.0,mg,1989.0,mg,1851.0,mg,2.66,g,1.95,g,0.66,g,4.06,g,4.01,g,10.39,g,9.16,g,1.23,g,,,4.5,g,236.0,mg,690.0,mg,0.3,mg,1.2,mg,1.5,mcg,,,0.85,mg,0.54,mg,0.29,mg,2.3,mg,0.79,mg,0.38,mg,375.0,mcg,375.0,mcg,47.0,mcg,0.05,g,,,,,,,4.5,g,,,,,,,,,,,,,,,,,,,,,,,,,,,,,,,,,,,,,,,,
3008,"Đậu trắng (đậu tây), hạt, khô","Hạt, quả giàu đạm, béo và sản phẩm chế biến",341.0,23.2,g,2.1,g,57.4,g,,,0.83,mcg,10.0,mcg,3.0,mg,160.0,mg,6.8,mg,,,,,,,14.0,g,320.0,mg,740.0,mg,950.0,mg,1460.0,mg,1160.0,mg,300.0,mg,133.0,mg,1280.0,mg,631.0,mg,930.0,mg,1620.0,mg,600.0,mg,551.0,mg,1976.0,mg,3564.0,mg,680.0,mg,778.0,mg,1069.0,mg,0.12,g,0.11,g,0.01,g,0.06,g,0.06,g,0.46,g,0.18,g,0.28,g,,,3.3,g,,,514.0,mg,,,,,,,,,0.22,mg,0.54,mg,0.18,mg,2.1,mg,0.78,mg,0.4,mg,394.0,mcg,394.0,mcg,19.0,mcg,,,,,,,,,3.6,g,,,,,,,,,,,,,,,,,,,,,,,,,,,,,,,,,,,,,,,,
3009,"Đậu trứng cuốc, hạt, khô","Hạt, quả giàu đạm, béo và sản phẩm chế biến",340.0,25.8,g,2.0,g,54.8,g,,,,,,,,,,,,,,,,,,,14.0,g,,,,,,,,,,,,,,,,,,,,,,,,,,,,,,,,,,,,,,,,,,,,,,,,,,,,,,,3.4,g,,,,,,,,,,,,,,,,,,,,,,,,,,,,,,,,,,,,,,,4.8,g,,,,,,,,,,,,,,,,,,,,,,,,,,,,,,,,,,,,,,,,
3010,"Đậu xanh (đậu tắt), hạt, khô","Hạt, quả giàu đạm, béo và sản phẩm chế biến",346.0,23.4,g,2.4,g,57.8,g,,,2.5,mcg,30.0,mcg,4.0,mg,64.0,mg,4.8,mg,6.0,mg,1132.0,mg,1.1,mg,14.0,g,432.0,mg,736.0,mg,941.0,mg,1607.0,mg,2145.0,mg,458.0,mg,113.0,mg,1259.0,mg,556.0,mg,989.0,mg,1470.0,mg,663.0,mg,809.0,mg,2449.0,mg,3122.0,mg,758.0,mg,802.0,mg,908.0,mg,0.35,g,0.25,g,0.07,g,0.16,g,0.16,g,0.38,g,0.36,g,0.03,g,,,2.4,g,270.0,mg,377.0,mg,0.88,mg,,,,,,,0.51,mg,0.72,mg,0.15,mg,2.4,mg,1.91,mg,0.38,mg,625.0,mcg,625.0,mcg,9.0,mcg,,,,,,,,,4.7,g,,,,,,,,,,,,,,,,,,,,,,,,,,,,,,,,,,,,,,,,
3011,"Hạt dẻ to, khô","Hạt, quả giàu đạm, béo và sản phẩm chế biến",652.0,18.0,g,59.0,g,12.2,g,,,0.83,mcg,10.0,mcg,3.0,mg,61.0,mg,2.3,mg,,,,,,,9.0,g,,,,,,,,,,,,,,,,,,,,,,,,,,,,,,,,,,,,,,,,,,,,,,,,,,,,,,,1.8,g,,,510.0,mg,,,,,,,,,,,0.48,mg,0.13,mg,1.2,mg,,,,,,,,,,,,,,,,,,,3.5,g,,,,,,,,,,,,,,,,,,,,,,,,,,,,,,,,,,,,,,,,
3012,"Hạt dẻ to, tươi","Hạt, quả giàu đạm, béo và sản phẩm chế biến",223.0,4.2,g,1.11,g,49.07,g,,,,,,,36.0,mg,18.0,mg,1.41,mg,3.0,mg,447.0,mg,0.87,mg,43.95,g,49.0,mg,167.0,mg,157.0,mg,259.0,mg,228.0,mg,101.0,mg,110.0,mg,190.0,mg,125.0,mg,220.0,mg,430.0,mg,121.0,mg,200.0,mg,852.0,mg,537.0,mg,184.0,mg,162.0,mg,184.0,mg,0.16,g,0.15,g,0.01,g,0.58,g,0.56,g,0.29,g,0.26,g,0.03,g,,,1.67,g,84.0,mg,96.0,mg,0.36,mg,1.6,mg,,,,,,,0.16,mg,0.18,mg,0.8,mg,0.56,mg,0.41,mg,68.0,mcg,68.0,mcg,,,0.01,g,,,,,,,,,,,,,,,,,,,,,,,,,,,,,,,,,,,,,,,,,,,,,,,,
3013,"Hạt dẻ, khô","Hạt, quả giàu đạm, béo và sản phẩm chế biến",363.0,6.82,g,1.81,g,79.76,g,,,,,,,58.5,mg,29.0,mg,2.29,mg,5.0,mg,726.0,mg,1.41,mg,8.9,g,80.0,mg,272.0,mg,255.0,mg,421.0,mg,371.0,mg,0.17,mg,179.0,mg,309.0,mg,203.0,mg,358.0,mg,699.0,mg,197.0,mg,324.0,mg,1385.0,mg,873.0,mg,299.0,mg,263.0,mg,299.0,mg,0.27,g,0.25,g,0.02,g,0.95,g,0.91,g,0.47,g,0.42,g,0.05,g,,,2.71,g,137.0,mg,155.0,mg,0.59,mg,2.6,mg,,,,,,,0.26,mg,0.29,mg,1.3,mg,0.9,mg,0.67,mg,110.0,mcg,110.0,mcg,,,0.01,g,,,,,,,,,,,,,,,,,,,,,,,,,,,,,,,,,,,,,,,,,,,,,,,,
3014,"Hạt đen, khô","Hạt, quả giàu đạm, béo và sản phẩm chế biến",486.0,17.3,g,29.0,g,39.0,g,,,,,,,,,84.0,mg,,,,,,,,,12.0,g,,,,,,,,,,,,,,,,,,,,,,,,,,,,,,,,,,,,,,,,,,,,,,,,,,,,,,,2.7,g,,,255.0,mg,,,,,,,,,,,,,,,,,,,,,,,,,,,,,,,,,,,3.5,g,,,,,,,,,,,,,,,,,,,,,,,,,,,,,,,,,,,,,,,,
3015,"Hạt điều, khô ","Hạt, quả giàu đạm, béo và sản phẩm chế biến",608.0,18.4,g,46.3,g,29.3,g,,,0.42,mcg,5.0,mcg,1.0,mg,28.0,mg,3.6,mg,12.0,mg,660.0,mg,5.78,mg,3.4,g,287.0,mg,688.0,mg,789.0,mg,1472.0,mg,928.0,mg,362.0,mg,393.0,mg,951.0,mg,508.0,mg,1094.0,mg,2123.0,mg,456.0,mg,837.0,mg,1795.0,mg,4506.0,mg,937.0,mg,812.0,mg,1079.0,mg,7.78,g,3.92,g,3.22,g,23.8,g,23.52,g,7.85,g,7.78,g,0.06,g,5.91,g,2.6,g,292.0,mg,462.0,mg,2.2,mg,1.66,mg,19.9,mcg,,,0.9,mg,0.25,mg,0.34,mg,2.4,mg,0.86,mg,0.42,mg,25.0,mcg,25.0,mcg,34.1,mcg,0.14,g,,,,,,,0.6,g,,,,,,,,,,,,,,,,,,,,,,,,,,,,,,,,,,,0.27,g,0.17,g,,
3016,"Hạt mít, tươi","Hạt, quả giàu đạm, béo và sản phẩm chế biến",166.0,0.7,g,1.1,g,38.3,g,,,,,,,,,46.0,mg,3.4,mg,,,,,,,58.2,g,,,,,,,,,,,,,,,,,,,,,,,,,,,,,,,,,,,,,,,,,,,,,,,,,,,,,,,1.7,g,,,34.4,mg,,,,,,,,,,,,,,,,,,,,,,,,,,,,,,,,,,,,,,,,,,,,,,,,,,,,,,,,,,,,,,,,,,,,,,,,,,,,
3017,"Lạc hạt, khô","Hạt, quả giàu đạm, béo và sản phẩm chế biến",583.0,27.5,g,44.5,g,18.0,g,,,0.83,mcg,10.0,mcg,0.8,mg,68.0,mg,2.2,mg,4.0,mg,421.0,mg,1.9,mg,7.5,g,300.0,mg,770.0,mg,880.0,mg,1760.0,mg,990.0,mg,360.0,mg,249.0,mg,1680.0,mg,669.0,mg,1290.0,mg,2720.0,mg,580.0,mg,669.0,mg,2952.0,mg,5070.0,mg,1287.0,mg,1236.0,mg,1557.0,mg,6.18,g,4.66,g,0.99,g,22.08,g,21.47,g,14.06,g,14.06,g,0.0,g,,,2.5,g,185.0,mg,420.0,mg,0.42,mg,1.6,mg,,,,,8.33,mg,0.44,mg,0.12,mg,16.0,mg,1.77,mg,0.35,mg,240.0,mcg,240.0,mcg,,,0.01,g,,,,,,,2.5,g,,,,,,,,,,,,,,,,,,,,,,,,,,,,,,,,,,,,,,,,
3017011,Lạc rang dầu,"Hạt, quả giàu đạm, béo và sản phẩm chế biến",1.0,,,44.5,g,18.0,g,,,0.83,mcg,10.0,mcg,0.6,mg,68.0,mg,2.2,mg,4.0,mg,421.0,mg,1.9,mg,7.5,g,0.3,mg,0.77,mg,0.88,mg,1.76,mg,0.99,mg,0.36,mg,0.25,mg,1.68,mg,0.67,mg,1.29,mg,2.72,mg,0.58,mg,0.67,mg,2.95,mg,5.07,mg,1.29,mg,1.24,mg,1.56,mg,6.83,g,5.15,g,1.1,g,24.43,g,,,15.56,g,15.56,g,0.0,g,,,2.5,g,185.0,mg,420.0,mg,0.42,mg,1.6,mg,,,,,8.33,mg,0.33,mg,0.09,mg,12.0,mg,1.33,mg,0.28,mg,48.0,mcg,,,,,,,,,,,,,2.5,g,,,23.76,g,,,,,,,,,,,,,,,0.01,g,,,,,,,,,,,,,,,,,,,,
3018,"Quả cọ, tươi","Hạt, quả giàu đạm, béo và sản phẩm chế biến",192.0,2.3,g,13.4,g,15.6,g,,,3.42,mcg,41.0,mcg,8.0,mg,38.0,mg,0.2,mg,11.26,mg,1452.06,mg,3.0,mg,67.1,g,,,,,,,,,,,,,,,,,,,,,,,,,,,,,,,,,,,,,0.05,g,0.03,g,0.0,g,0.01,g,,,0.09,g,0.08,g,0.01,g,,,1.6,g,8.04,mg,34.0,mg,0.64,mg,,,0.56,mcg,,,0.5,mg,0.05,mg,0.18,mg,0.9,mg,,,0.81,mg,24.0,mcg,24.0,mcg,,,0.01,g,,,,,,,3.5,g,,,,,,,,,,,,,,,,,,,,,,,,,,,,,,,,,,,,,,,,
3019,"Quả đại hái, tươi","Hạt, quả giàu đạm, béo và sản phẩm chế biến",440.0,20.0,g,38.0,g,4.6,g,,,,,,,,,66.0,mg,3.1,mg,,,,,,,35.0,g,,,,,,,,,,,,,,,,,,,,,,,,,,,,,,,,,,,,,,,,,,,,,,,,,,,,,,,2.4,g,,,440.0,mg,,,,,,,,,,,,,,,,,,,,,,,,,,,,,,,,,,,3.4,g,,,,,,,,,,,,,,,,,,,,,,,,,,,,,,,,,,,,,,,,
3020,"Vừng (đen, trắng), hạt, khô","Hạt, quả giàu đạm, béo và sản phẩm chế biến",582.0,20.1,g,46.4,g,21.1,g,,,1.25,mcg,15.0,mcg,,,975.0,mg,14.55,mg,11.0,mg,468.0,mg,7.75,mg,7.6,g,360.0,mg,680.0,mg,840.0,mg,1410.0,mg,680.0,mg,600.0,mg,202.0,mg,1410.0,mg,712.0,mg,1000.0,mg,1850.0,mg,300.0,mg,1082.0,mg,1134.0,mg,4154.0,mg,1245.0,mg,1245.0,mg,982.0,mg,6.5,g,4.15,g,1.95,g,17.52,g,17.3,g,20.34,g,19.97,g,0.35,g,0.3,g,4.8,g,351.0,mg,629.0,mg,4.08,mg,2.46,mg,5.7,mcg,,,0.25,mg,0.79,mg,0.25,mg,4.52,mg,0.05,mg,0.79,mg,97.0,mcg,97.0,mcg,,,0.14,g,,,,,,,3.5,g,,,,,,,,,,,,,,,,,,,,,,,,,,,,,,,,,,,,,,,,
3020011,Vừng rang,"Hạt, quả giàu đạm, béo và sản phẩm chế biến",607.0,20.94,g,48.33,g,21.98,g,,,1.3,mcg,15.63,mcg,,,1015.63,mg,15.16,mg,11.46,mg,487.5,mg,8.07,mg,3.75,g,0.38,mg,0.71,mg,0.88,mg,1.47,mg,0.71,mg,0.63,mg,0.21,mg,1.47,mg,0.74,mg,1.04,mg,1.93,mg,0.31,mg,1.13,mg,1.18,mg,4.33,mg,1.3,mg,1.3,mg,1.02,mg,7.25,g,4.63,g,2.18,g,19.54,g,,g,22.68,g,22.27,g,0.39,g,0.31,g,5.0,g,365.63,mg,655.21,mg,4.25,mg,2.56,mg,5.94,mcg,,mcg,0.26,mg,0.62,mg,0.22,mg,4.47,mg,0.04,mg,0.62,mg,50.52,mcg,,mcg,,,,g,,,,mcg,,,3.65,g,,,19.29,g,,,,g,,g,,g,,g,,g,,g,0.16,g,,g,,g,,mcg,,mcg,,mg,,mcg,,mg,,,,,,g
3021,"Bột đậu tương, đã loại béo","Hạt, quả giàu đạm, béo và sản phẩm chế biến",331.0,49.0,g,1.0,g,31.5,g,,,2.92,mcg,35.0,mcg,,,247.0,mg,7.6,mg,20.0,mg,2384.0,mg,2.46,mg,14.0,g,683.0,mg,2042.0,mg,2281.0,mg,3828.0,mg,3129.0,mg,634.0,mg,757.0,mg,2453.0,mg,1778.0,mg,2346.0,mg,3647.0,mg,1268.0,mg,2215.0,mg,5911.0,mg,9106.0,mg,2174.0,mg,2750.0,mg,2725.0,mg,0.14,g,0.1,g,0.03,g,0.21,g,0.21,g,0.53,g,0.47,g,0.06,g,,,4.5,g,290.0,mg,602.0,mg,4.07,mg,3.02,mg,1.7,mcg,,,0.2,mg,0.7,mg,0.3,mg,2.0,mg,2.0,mg,0.57,mg,305.0,mcg,305.0,mcg,4.1,mcg,0.0,g,,,,,,,2.5,g,,,,,,,,,,,,,,,,,,,,,,,,,,,,,,,,,,,,,,,,
3022,"Bột đậu tương, rang chín","Hạt, quả giàu đạm, béo và sản phẩm chế biến",428.0,41.0,g,18.0,g,25.4,g,,,,,,,,,189.0,mg,7.5,mg,,,,,,,10.0,g,506.0,mg,1511.0,mg,1688.0,mg,2834.0,mg,2316.0,mg,469.0,mg,561.0,mg,1816.0,mg,1316.0,mg,1737.0,mg,2700.0,mg,938.0,mg,1639.0,mg,4375.0,mg,6740.0,mg,1609.0,mg,2035.0,mg,2017.0,mg,3.16,g,1.91,g,0.64,g,4.29,g,3.93,g,12.34,g,8.96,g,1.2,g,,,5.6,g,,,540.0,mg,,,,,,,,,,,0.4,mg,0.16,mg,2.0,mg,,,,,,,,,,,0.05,g,,,,,,,2.5,g,,,,,,,,,,,,,,,,,,,,,,,,,,,,,,,,,,,,,,,,
3023,Bột đậu xanh,"Hạt, quả giàu đạm, béo và sản phẩm chế biến",363.0,24.6,g,2.5,g,60.4,g,,,,,,,4.19,mg,50.0,mg,5.0,mg,6.28,mg,1185.0,mg,1.15,mg,10.0,g,454.15,mg,773.74,mg,989.26,mg,1689.41,mg,2255.0,mg,481.49,mg,118.79,mg,1323.56,mg,584.51,mg,1039.72,mg,1545.38,mg,697.0,mg,850.49,mg,2574.59,mg,3282.1,mg,796.87,mg,843.13,mg,954.56,mg,0.36,g,0.26,g,0.07,g,0.17,g,0.17,g,0.4,g,0.37,g,0.03,g,,,2.5,g,283.0,mg,100.0,mg,0.92,mg,,,,,,,0.53,mg,0.75,mg,0.16,mg,2.51,mg,2.0,mg,0.4,mg,654.07,mcg,654.07,mcg,9.42,mcg,,,,,,,,,3.9,g,,,,,,,,,,,,,,,,,,,,,,,,,,,,,,,,,,,,,,,,
3024,Bột lạc,"Hạt, quả giàu đạm, béo và sản phẩm chế biến",583.0,27.5,g,45.0,g,17.1,g,,,0.82,mcg,9.84,mcg,,,80.0,mg,3.0,mg,3.94,mg,414.25,mg,1.87,mg,8.0,g,319.77,mg,820.74,mg,937.98,mg,1875.97,mg,1055.23,mg,383.72,mg,265.41,mg,1790.7,mg,713.08,mg,1375.0,mg,2899.22,mg,618.22,mg,713.08,mg,3146.51,mg,5404.07,mg,1371.8,mg,1317.44,mg,1659.59,mg,6.25,g,4.71,g,1.01,g,22.33,g,21.71,g,14.22,g,14.22,g,0.0,g,,,2.4,g,182.0,mg,380.0,mg,0.41,mg,1.57,mg,,,,,8.2,mg,0.4,mg,0.11,mg,15.3,mg,1.74,mg,0.34,mg,236.15,mcg,236.15,mcg,,,0.01,g,,,,,,,2.1,g,,,,,,,,,,,,,,,,,,,,,,,,,,,,,,,,,,,,,,,,
3025,"Đậu phụ, sống","Hạt, quả giàu đạm, béo và sản phẩm chế biến",97.0,10.9,g,5.4,g,1.1,g,,,,,,,0.1,mg,24.0,mg,2.2,mg,7.0,mg,121.0,mg,0.8,mg,82.0,g,133.0,mg,235.0,mg,360.0,mg,618.0,mg,460.0,mg,108.0,mg,108.0,mg,443.0,mg,233.0,mg,364.0,mg,472.0,mg,264.0,mg,261.0,mg,845.0,mg,1536.0,mg,293.0,mg,410.0,mg,367.0,mg,0.69,g,0.51,g,0.17,g,1.06,g,1.04,g,2.7,g,2.38,g,0.32,g,,,0.6,g,30.0,mg,85.0,mg,0.19,mg,0.61,mg,8.9,mcg,,,,,0.03,mg,0.02,mg,0.4,mg,0.07,mg,0.05,mg,15.0,mcg,15.0,mcg,,,0.01,g,,,,,,,0.4,g,,,,,,,,,,,,,,,,,,,,,,,,,,,,,,,,,,,,,,,,
3025002,Đậu phụ luộc,"Hạt, quả giàu đạm, béo và sản phẩm chế biến",98.0,11.01,g,5.45,g,1.11,g,,,,,,mcg,0.1,mg,24.24,mg,2.22,mg,7.07,mg,122.22,mg,0.81,mg,81.82,g,0.13,mg,0.24,mg,0.36,mg,0.62,mg,0.46,mg,0.11,mg,0.11,mg,0.45,mg,0.24,mg,0.37,mg,0.48,mg,0.27,mg,0.26,mg,0.85,mg,1.55,mg,0.3,mg,0.41,mg,0.37,mg,0.7,g,0.51,g,0.17,g,1.07,g,,g,2.73,g,2.4,g,0.32,g,,g,0.61,g,30.3,mg,85.86,mg,0.19,mg,0.61,mg,8.99,mcg,,mcg,,mg,0.02,mg,0.01,mg,0.24,mg,0.04,mg,0.03,mg,7.58,mcg,,mcg,,mcg,,g,,,,mcg,,,0.4,g,,,1.05,g,,,,g,,g,,g,,g,,g,,g,0.01,g,,g,,g,,mcg,,mcg,,mg,,mcg,,mg,,,,,,g
3026,"Đậu phụ chúc, sống","Hạt, quả giàu đạm, béo và sản phẩm chế biến",415.0,50.2,g,20.8,g,6.8,g,,,,,,,,,325.0,mg,10.8,mg,,,,,,,18.5,g,,,,,,,,,,,,,,,,,,,,,,,,,,,,,,,,,,,,,,,,,,,,,,,,,,,,,,,3.7,g,,,225.0,mg,,,,,,,,,,,,,,,,,,,,,,,,,,,,,,,,,,,0.3,g,,,,,,,,,,,,,,,,,,,,,,,,,,,,,,,,,,,,,,,,
3027,"Đậu phụ, nướng","Hạt, quả giàu đạm, béo và sản phẩm chế biến",116.0,13.4,g,6.4,g,1.3,g,,,,,,,,,370.0,mg,4.7,mg,,,,,,,78.2,g,,,,,,,,,,,,,,,,,,,,,,,,,,,,,,,,,,,,,,,,,,,,,,,,,,,,,,,0.7,g,,,167.0,mg,,,,,,,,,,,0.04,mg,0.05,mg,0.1,mg,,,,,,,,,,,,,,,,,,,0.5,g,,,,,,,,,,,,,,,,,,,,,,,,,,,,,,,,,,,,,,,,
3028,"Hạt bí đỏ, rang","Hạt, quả giàu đạm, béo và sản phẩm chế biến",528.0,35.1,g,31.8,g,25.3,g,,,19.58,mcg,235.0,mcg,,,235.0,mg,2.2,mg,172.0,mg,383.0,mg,,,3.6,g,554.0,mg,1319.0,mg,1801.0,mg,2632.0,mg,1524.0,mg,587.0,mg,349.0,mg,1319.0,mg,1042.0,mg,1834.0,mg,4920.0,mg,798.0,mg,1629.0,mg,3080.0,mg,5889.0,mg,1939.0,mg,2150.0,mg,1352.0,mg,,,,,,,,,,,,,,,,,,,4.2,g,311.0,mg,900.0,mg,,,,,,,,,,,0.15,mg,0.15,mg,3.0,mg,,,,,,,,,,,,,,,,,,,2.3,g,,,,,,,,,,,,,,,,,,,,,,,,,,,,,,,,,,,,,,,,
3029,"Hạt dưa hấu, rang","Hạt, quả giàu đạm, béo và sản phẩm chế biến",558.0,31.8,g,39.1,g,19.8,g,,,7.5,mcg,90.0,mcg,,,237.0,mg,3.0,mg,,,,,,,4.8,g,428.0,mg,1203.0,mg,1447.0,mg,2007.0,mg,937.0,mg,398.0,mg,295.0,mg,1096.0,mg,805.0,mg,1447.0,mg,4468.0,mg,749.0,mg,1447.0,mg,2247.0,mg,5324.0,mg,1498.0,mg,1391.0,mg,1096.0,mg,8.0,g,3.8,g,4.2,g,29.0,g,5.8,g,,,23.3,g,,,,,4.5,g,,,751.0,mg,,,,,,,,,,,0.03,mg,0.14,mg,2.7,mg,,,,,,,,,,,,,,,,,,,1.8,g,,,,,,,,,,,,,,,,,,,,,,,,,,,,,,,,,,,,,,,,
3030,"Hạt điều khô, chiên dầu","Hạt, quả giàu đạm, béo và sản phẩm chế biến",585.0,18.3,g,49.3,g,17.1,g,,,0.42,mcg,5.0,mcg,,,32.0,mg,3.9,mg,,,,,,,12.7,g,347.0,mg,868.0,mg,868.0,mg,1388.0,mg,1062.0,mg,194.0,mg,239.0,mg,888.0,mg,434.0,mg,1280.0,mg,1607.0,mg,455.0,mg,781.0,mg,1801.0,mg,3796.0,mg,1020.0,mg,1062.0,mg,1214.0,mg,5.5,g,5.5,g,,g,41.1,g,32.1,g,,,8.6,g,,,,,2.6,g,,,411.0,mg,,,,,,,,,,,0.36,mg,0.34,mg,1.4,mg,,,,,,,,,,,,,,,,,,,0.7,g,,,,,,,,,,,,,,,,,,,,,,,,,,,,,,,,,,,,,,,,
3031,Sữa bột đậu nành,"Hạt, quả giàu đạm, béo và sản phẩm chế biến",413.0,31.1,g,9.7,g,50.4,g,,,,,,,,,224.0,mg,7.5,mg,,,,,,,3.5,g,,,,,,,,,,,,,,,,,,,,,,,,,,,,,,,,,,,,,,,,,,,,,,,,,,,,,,,5.3,g,,,320.0,mg,,,,,,,,,,,0.4,mg,0.16,mg,2.0,mg,,,,,,,,,,,,,,,,,,,2.2,g,,,,,,,,,,,,,,,,,,,,,,,,,,,,,,,,,,,,,,,,
3032,Sữa đậu nành (100g đậu/lít),"Hạt, quả giàu đạm, béo và sản phẩm chế biến",29.0,3.1,g,1.6,g,0.5,g,,,,,,,,,18.0,mg,0.23,mg,55.0,mg,124.0,mg,0.21,mg,94.4,g,42.0,mg,152.0,mg,162.0,mg,230.0,mg,162.0,mg,42.0,mg,23.0,mg,162.0,mg,108.0,mg,176.0,mg,196.0,mg,69.0,mg,137.0,mg,348.0,mg,539.0,mg,152.0,mg,230.0,mg,172.0,mg,0.23,g,0.17,g,0.06,g,0.38,g,0.36,g,0.77,g,0.68,g,0.09,g,,,0.4,g,25.0,mg,36.0,mg,0.14,mg,0.22,mg,4.8,mcg,0.4,mcg,1.35,mg,0.05,mg,0.02,mg,0.14,mg,0.52,mg,0.02,mg,16.0,mcg,16.0,mcg,3.0,mcg,,,,,,,,,0.1,g,,,,,,,,,,,,,,,,,,,,,,,,,,,,,,,,,,,,,,,,
3033,Tào phớ,"Hạt, quả giàu đạm, béo và sản phẩm chế biến",46.0,3.8,g,1.2,g,4.7,g,,,,,,,,,92.0,mg,0.3,mg,33.0,mg,85.0,mg,,,89.4,g,,,,,,,,,,,,,,,,,,,,,,,,,,,,,,,,,,,,,,,,,,,,,,,,,,,,,,,0.9,g,38.0,mg,150.0,mg,,,,,,,,,,,,,,,,,,,,,,,,,,,,,,,,,,,0.2,g,,,,,,,,,,,,,,,,,,,,,,,,,,,,,,,,,,,,,,,,
3036002,Đậu ngự luộc,"Hạt, quả giàu đạm, béo và sản phẩm chế biến",136.0,9.68,g,0.4,g,23.4,g,,,,mcg,,mcg,,,36.0,mg,1.64,mg,7.2,mg,118.0,mg,,mg,65.12,g,,mg,,mg,,mg,,mg,,mg,,mg,,mg,,mg,,mg,,mg,,mg,,mg,,mg,,mg,,mg,,mg,,mg,,mg,,g,,g,,g,,g,,g,,g,,g,,g,,g,1.4,g,,mg,96.0,mg,,mg,,mg,,mcg,,mcg,,mg,0.11,mg,0.05,mg,0.34,mg,,mg,,mg,,mcg,,mcg,,mcg,,g,,g,,mcg,,mcg,,g,,mg,,g,,mcg,,g,,g,,g,,g,,g,,g,,g,,g,,g,,mcg,,mcg,,mg,,mcg,,mg,,g,,g,,g
3037002,Đậu ván luộc,"Hạt, quả giàu đạm, béo và sản phẩm chế biến",16.0,1.12,g,,,2.8,g,,,40.0,mcg,480.0,mcg,9.32,mg,29.12,mg,0.46,mg,,mg,,mg,0.3,mg,95.84,g,,mg,0.05,mg,0.02,mg,0.03,mg,0.04,mg,0.01,mg,0.04,mg,0.02,mg,0.02,mg,0.03,mg,0.04,mg,0.17,mg,0.07,mg,0.11,mg,0.07,mg,0.01,mg,,mg,0.04,mg,,g,,g,,g,,g,,g,,g,,g,,g,,g,0.24,g,,mg,134.44,mg,,mg,,mg,,mcg,,mcg,,mg,0.02,mg,0.01,mg,,mg,,mg,,mg,,mcg,,mcg,,mcg,,g,,g,,mcg,,mcg,,g,,mg,,g,,mcg,,g,,g,,g,,g,,g,,g,,g,,g,,g,,mcg,,mcg,,mg,,mcg,,mg,,g,,g,,g
3038,Đậu phụ non Tứ Xuyên,"Hạt, quả giàu đạm, béo và sản phẩm chế biến",97.0,10.9,g,5.4,g,1.1,g,,,,,,,0.1,mg,24.0,mg,2.2,mg,7.0,mg,121.0,mg,0.8,mg,82.0,g,0.13,mg,0.24,mg,0.36,mg,0.62,mg,0.46,mg,0.11,mg,0.11,mg,0.44,mg,0.23,mg,0.36,mg,0.47,mg,0.26,mg,0.26,mg,0.85,mg,1.54,mg,0.29,mg,0.41,mg,0.37,mg,0.69,g,0.51,g,0.17,g,1.06,g,,,2.7,g,2.38,g,0.32,g,,,0.6,g,30.0,mg,85.0,mg,0.19,mg,0.61,mg,8.9,mcg,,,,,0.03,mg,0.02,mg,0.4,mg,0.07,mg,0.05,mg,15.0,mcg,,,,,,,,,,,,,0.4,g,,,1.04,g,,,,,,,,,,,,,,,0.01,g,,,,,,,,,,,,,,,,,,,,
3039002,Hạt sen tươi luộc,"Hạt, quả giàu đạm, béo và sản phẩm chế biến",172.0,9.5,g,1.17,g,30.8,g,,,0.83,mcg,10.0,mcg,,,76.0,mg,1.4,mg,1.0,mg,367.0,mg,0.28,mg,56.73,g,0.06,mg,0.2,mg,0.21,mg,0.33,mg,0.26,mg,0.07,mg,0.05,mg,0.21,mg,0.1,mg,0.27,mg,0.34,mg,0.12,mg,0.24,mg,0.51,mg,0.96,mg,0.22,mg,0.34,mg,0.25,mg,0.09,g,0.08,g,,,0.1,g,,g,0.31,g,0.29,g,0.03,g,,g,1.8,g,56.0,mg,164.0,mg,0.09,mg,0.62,mg,,mcg,,mcg,,mg,0.1,mg,0.05,mg,0.48,mg,0.14,mg,0.1,mg,25.5,mcg,,mcg,,mcg,,g,,,,mcg,,,0.8,g,,,0.06,g,,,,g,,g,,g,,g,,g,,g,,,,g,,g,,mcg,,mcg,,mg,,mcg,,mg,,,,,,g
3041011,Hạt hướng dương rang,"Hạt, quả giàu đạm, béo và sản phẩm chế biến",652.0,21.65,g,53.6,g,20.83,g,,,3.13,mcg,31.25,mcg,1.46,mg,81.25,mg,5.47,mg,9.38,mg,671.88,mg,5.21,mg,0.77,g,0.36,mg,0.97,mg,1.19,mg,1.77,mg,0.98,mg,0.51,mg,0.47,mg,1.22,mg,0.69,mg,1.37,mg,2.5,mg,0.66,mg,1.16,mg,2.55,mg,5.81,mg,1.52,mg,1.23,mg,1.12,mg,4.64,g,2.3,g,1.76,g,19.3,g,,g,24.1,g,,g,,g,2.73,g,3.15,g,338.54,mg,687.5,mg,1.88,mg,2.03,mg,55.21,mcg,,,,mg,1.16,mg,0.31,mg,8.25,mg,0.88,mg,1.05,mg,118.23,mcg,118.23,mcg,,,,g,,g,,,,,8.96,g,,,19.15,g,,,,,,,,,,,,,0.03,g,0.02,g,24.01,g,0.06,g,,mcg,,,36.64,mg,118.23,mcg,57.4,mg,0.12,g,0.33,g,,g
3042011,Hạt hạnh nhân rang,"Hạt, quả giàu đạm, béo và sản phẩm chế biến",652.0,21.23,g,55.17,g,17.68,g,,,,,,,,,291.0,mg,3.68,mg,339.0,mg,699.0,mg,3.07,mg,2.8,g,,mg,,mg,,mg,,mg,,mg,,mg,,mg,,mg,,mg,,mg,,mg,,mg,,mg,,mg,,mg,,mg,,mg,,mg,4.21,g,3.3,g,0.91,g,34.79,g,,,13.52,g,,,,,4.55,g,,,274.0,mg,466.0,mg,0.96,mg,,,4.1,mcg,,,,,0.09,mg,0.78,mg,3.67,mg,,,0.12,mg,27.0,mcg,27.0,mcg,,,,,,,,,,,10.5,g,,,34.58,g,,,,,,,,,,,,,,,0.22,g,13.52,g,,,,,,,25.97,mg,27.0,mcg,52.1,mg,,,,,,
3043011,Hạt óc chó rang,"Hạt, quả giàu đạm, béo và sản phẩm chế biến",703.0,15.23,g,65.21,g,13.71,g,,,,,,,1.3,mg,98.0,mg,2.91,mg,2.0,mg,441.0,mg,3.09,mg,4.07,g,0.17,mg,0.6,mg,0.63,mg,1.17,mg,0.42,mg,0.24,mg,0.21,mg,0.71,mg,0.41,mg,0.75,mg,2.28,mg,0.39,mg,0.7,mg,1.83,mg,2.82,mg,0.82,mg,0.71,mg,0.93,mg,6.13,g,4.4,g,1.66,g,8.93,g,,,47.17,g,,,,,2.61,g,1.78,g,158.0,mg,346.0,mg,1.59,mg,3.41,mg,4.9,mcg,,,,,0.34,mg,0.15,mg,1.13,mg,0.57,mg,0.54,mg,98.0,mcg,98.0,mcg,2.7,mcg,,,,,,,,,6.7,g,,,8.8,g,,,,,,,,,,,,,,,,,38.09,g,9.08,g,,,,,0.7,mg,98.0,mcg,39.2,mg,0.06,g,,,,
3044011,Hạt macca rang,"Hạt, quả giàu đạm, béo và sản phẩm chế biến",767.0,7.79,g,76.08,g,12.83,g,,,,,,,0.7,mg,70.0,mg,2.65,mg,353.0,mg,363.0,mg,1.29,mg,1.61,g,,mg,,mg,,mg,,mg,,mg,,mg,,mg,,mg,,mg,,mg,,mg,,mg,,mg,,mg,,mg,,mg,,mg,,mg,11.95,g,5.93,g,2.28,g,59.28,g,,,1.5,g,,,,,4.14,g,,,118.0,mg,198.0,mg,0.57,mg,,,11.7,mcg,,,,,0.71,mg,0.09,mg,2.27,mg,,,0.36,mg,10.0,mcg,10.0,mcg,,,,,,,,,,,8.0,g,,,44.38,g,,,,,,,,,,,0.08,g,0.67,g,12.73,g,1.3,g,0.2,g,,,,,0.57,mg,10.0,mcg,44.6,mg,,,,,,
3046011,Hạt dẻ cười rang,"Hạt, quả giàu đạm, béo và sản phẩm chế biến",610.0,21.05,g,45.82,g,28.28,g,,,13.0,mcg,159.0,mcg,,,107.0,mg,4.03,mg,6.0,mg,1007.0,mg,2.34,mg,1.85,g,,mg,,mg,,mg,,mg,,mg,,mg,,mg,,mg,,mg,,mg,,mg,,mg,,mg,,mg,,mg,,mg,,mg,,mg,5.65,g,4.99,g,0.56,g,24.53,g,,,13.35,g,,,,,7.74,g,,,109.0,mg,469.0,mg,1.29,mg,,,10.0,mcg,,,,,0.7,mg,0.23,mg,1.37,mg,,,1.12,mg,51.0,mcg,51.0,mcg,,,,,,,,,,,10.3,g,,,23.93,g,,,,,,,,,,,0.01,g,,,0.46,g,13.13,g,0.21,g,,,,,2.17,mg,51.0,mcg,71.4,mg,,,,,,
4001,"Quả bầu, tươi","Rau, quả, củ dùng làm rau",18.0,0.6,g,0.02,g,3.88,g,,,0.83,mcg,10.0,mcg,12.0,mg,21.0,mg,0.2,mg,2.0,mg,150.0,mg,0.7,mg,95.1,g,3.0,mg,18.0,mg,33.0,mg,36.0,mg,21.0,mg,4.0,mg,,,15.0,mg,,,27.0,mg,14.0,mg,4.0,mg,,,,,,,,,,,,,0.0,g,0.0,g,,,0.0,g,0.0,g,0.01,g,0.01,g,,,,,0.4,g,11.0,mg,25.0,mg,0.03,mg,0.07,mg,0.2,mcg,,,,,0.02,mg,0.03,mg,0.4,mg,0.15,mg,0.04,mg,6.0,mcg,6.0,mcg,,,,,,,,,,,1.0,g,,,,,,,,,,,,,,,,,,,,,,,,,,,,,,,,,,,,,,,,
4001002,"Bầu, luộc","Rau, quả, củ dùng làm rau",19.0,0.65,g,,,4.19,g,,,0.9,mcg,10.75,mcg,7.1,mg,22.58,mg,0.22,mg,2.15,mg,161.29,mg,0.75,mg,94.73,g,0.0,mg,0.02,mg,0.04,mg,0.04,mg,0.02,mg,0.0,mg,,mg,0.02,mg,,mg,0.03,mg,0.02,mg,0.0,mg,,mg,,mg,,mg,,mg,,mg,,mg,0.0,g,0.0,g,,,0.0,g,,g,0.01,g,0.01,g,,,,g,0.43,g,11.83,mg,26.88,mg,0.03,mg,0.07,mg,0.22,mcg,,mcg,,mg,0.01,mg,0.03,mg,0.3,mg,0.16,mg,0.03,mg,3.87,mcg,,mcg,,mcg,,g,,,,mcg,,,1.08,g,,,0.0,g,,,,g,,g,,g,,g,,g,,g,,,,g,,g,,mcg,,mcg,,mg,,mcg,,mg,,,,,,g
4002,"Quả bí đao (bí xanh), tươi","Rau, quả, củ dùng làm rau",16.0,0.6,g,,,3.4,g,,,0.42,mcg,5.0,mcg,37.0,mg,26.0,mg,0.3,mg,12.73,mg,149.81,mg,,,95.5,g,,,,,,,,,,,,,,,,,,,,,,,,,,,,,,,,,,,,,,,,,,,,,,,,,,,,,,,0.5,g,7.64,mg,23.0,mg,,,,,,,,,,,0.01,mg,0.02,mg,0.3,mg,,,,,,,,,,,,,,,,,,,1.0,g,,,,,,,,,,,,,,,,,,,,,,,,,,,,,,,,,,,,,,,,
4002002,"Bí đao (bí xanh), luộc","Rau, quả, củ dùng làm rau",17.0,0.63,g,,,3.58,g,,,0.44,mcg,5.26,mcg,21.42,mg,27.37,mg,0.32,mg,13.4,mg,157.69,mg,,mg,95.26,g,,mg,,mg,,mg,,mg,,mg,,mg,,mg,,mg,,mg,,mg,,mg,,mg,,mg,,mg,,mg,,mg,,mg,,mg,,g,,g,,g,,g,,g,,g,,g,,g,,g,0.53,g,8.04,mg,24.21,mg,,mg,,mg,,mcg,,mcg,,mg,0.01,mg,0.02,mg,0.22,mg,,mg,,mg,,mcg,,mcg,,mcg,,g,,g,,mcg,,,1.05,g,,,,g,,mcg,,g,,g,,g,,g,,g,,g,,g,,g,,g,,mcg,,mcg,,mg,,mcg,,mg,,g,,g,,g
4003,"Quả bí ngô, tươi","Rau, quả, củ dùng làm rau",29.0,0.3,g,0.07,g,6.83,g,,,236.83,mcg,1512.0,mcg,9.0,mg,24.0,mg,0.5,mg,8.4,mg,348.5,mg,0.1,mg,92.0,g,18.0,mg,31.0,mg,47.0,mg,69.0,mg,63.0,mg,12.0,mg,10.0,mg,34.0,mg,18.0,mg,48.0,mg,46.0,mg,20.0,mg,47.0,mg,151.0,mg,233.0,mg,31.0,mg,29.0,mg,37.0,mg,0.05,g,0.04,g,0.0,g,0.01,g,0.01,g,0.01,g,0.0,g,0.0,g,,,0.8,g,10.0,mg,16.0,mg,0.21,mg,16.0,mg,0.3,mcg,,,1.06,mg,0.06,mg,0.03,mg,0.4,mg,0.3,mg,0.06,mg,16.0,mcg,16.0,mcg,1.1,mcg,0.01,g,,,,,1500.0,mcg,0.7,g,,,,,,,,,,,,,,,,,,,,,,,,,,,,,,,,,,,,,,,,
4003002,"Bí ngô, luộc","Rau, quả, củ dùng làm rau",35.0,0.34,g,0.34,g,7.75,g,,,266.1,mcg,1698.88,mcg,5.56,mg,26.97,mg,0.56,mg,9.44,mg,391.57,mg,0.11,mg,90.67,g,0.02,mg,0.03,mg,0.05,mg,0.08,mg,0.07,mg,0.01,mg,0.01,mg,0.04,mg,0.02,mg,0.05,mg,0.05,mg,0.02,mg,0.05,mg,0.17,mg,0.26,mg,0.03,mg,0.03,mg,0.04,mg,0.06,g,0.04,g,0.0,g,0.01,g,,g,0.01,g,0.0,g,0.0,g,,g,0.9,g,11.24,mg,17.98,mg,0.24,mg,17.98,mg,0.34,mcg,,mcg,1.19,mg,0.04,mg,0.03,mg,0.31,mg,0.33,mg,0.04,mg,10.79,mcg,,mcg,1.24,mcg,,g,,,1685.39,mcg,,,0.79,g,,,0.01,g,,,,g,,g,,g,,g,,g,,g,0.01,g,,g,,g,,mcg,,mcg,,mg,,mcg,,mg,,,,,,g
4004,"Quả cà bát, tươi","Rau, quả, củ dùng làm rau",28.0,1.2,g,0.13,g,5.57,g,,,3.33,mcg,40.0,mcg,3.0,mg,12.0,mg,0.7,mg,2.0,mg,230.0,mg,0.16,mg,92.5,g,15.0,mg,23.0,mg,36.0,mg,58.0,mg,43.0,mg,13.0,mg,9.0,mg,36.0,mg,47.0,mg,41.0,mg,81.0,mg,18.0,mg,32.0,mg,115.0,mg,198.0,mg,31.0,mg,29.0,mg,49.0,mg,0.03,g,0.03,g,0.01,g,0.02,g,0.01,g,0.08,g,0.06,g,0.01,g,,,0.6,g,14.0,mg,16.0,mg,0.08,mg,0.25,mg,0.3,mcg,,,0.3,mg,0.03,mg,0.04,mg,0.5,mg,0.28,mg,0.08,mg,22.0,mcg,22.0,mcg,3.5,mcg,0.0,g,,,,,,,1.5,g,,,,,,,,,,,,,,,,,,,,,,,,,,,,,,,,,,,,,,,,
4004002,"Cà bát, luộc","Rau, quả, củ dùng làm rau",36.0,1.52,g,0.13,g,7.22,g,,,4.22,mcg,50.63,mcg,2.09,mg,15.19,mg,0.89,mg,2.53,mg,291.14,mg,0.2,mg,90.38,g,0.02,mg,0.03,mg,0.05,mg,0.07,mg,0.05,mg,0.02,mg,0.01,mg,0.05,mg,0.06,mg,0.05,mg,0.1,mg,0.02,mg,0.04,mg,0.15,mg,0.25,mg,0.04,mg,0.04,mg,0.06,mg,0.04,g,0.03,g,0.01,g,0.02,g,,g,0.1,g,0.08,g,0.02,g,,g,0.76,g,17.72,mg,20.25,mg,0.1,mg,0.32,mg,0.38,mcg,,mcg,0.38,mg,0.02,mg,0.04,mg,0.44,mg,0.36,mg,0.06,mg,16.71,mcg,,mcg,4.43,mcg,,g,,,,mcg,,,1.9,g,,,0.02,g,,,,g,,g,,g,,g,,g,,g,0.0,g,,g,,g,,mcg,,mcg,,mg,,mcg,,mg,,,,,,g
4005,"Quả cà chua, tươi","Rau, quả, củ dùng làm rau",24.0,0.6,g,0.23,g,4.77,g,,,58.67,mcg,648.0,mcg,40.0,mg,12.0,mg,1.4,mg,12.2,mg,275.2,mg,0.74,mg,94.0,g,7.0,mg,20.0,mg,16.0,mg,24.0,mg,25.0,mg,5.0,mg,5.0,mg,16.0,mg,12.0,mg,19.0,mg,19.0,mg,13.0,mg,22.0,mg,104.0,mg,269.0,mg,16.0,mg,14.0,mg,22.0,mg,0.05,g,0.02,g,0.01,g,0.05,g,0.03,g,0.14,g,0.08,g,0.0,g,2.63,g,0.4,g,15.0,mg,26.0,mg,0.09,mg,0.21,mg,0.5,mcg,,,0.54,mg,0.06,mg,0.04,mg,0.5,mg,0.09,mg,0.08,mg,15.0,mcg,15.0,mcg,7.9,mcg,0.0,g,,,2750.0,mcg,27.4,mcg,0.8,g,,,,,,,,,,,,,,,,,,,,,,,,,,,,,,,,,,,,,,,,
4006,"Quả cà pháo, tươi","Rau, quả, củ dùng làm rau",27.0,1.5,g,,,5.2,g,,,1.67,mcg,20.0,mcg,3.0,mg,12.0,mg,0.7,mg,7.0,mg,221.0,mg,0.3,mg,92.5,g,15.0,mg,23.0,mg,36.0,mg,58.0,mg,43.0,mg,13.0,mg,9.0,mg,36.0,mg,47.0,mg,41.0,mg,81.0,mg,18.0,mg,32.0,mg,115.0,mg,198.0,mg,31.0,mg,29.0,mg,49.0,mg,,,,,,,,,,,,,,,,,,,0.8,g,18.0,mg,16.0,mg,0.09,mg,0.2,mg,6.7,mcg,,,,,0.03,mg,0.04,mg,0.5,mg,,,,,,,,,,,,,,,,,,,1.6,g,,,,,,,,,,,,,,,,,,,,,,,,,,,,,,,,,,,,,,,,
4007,"Củ cà rốt, tươi","Rau, quả, củ dùng làm rau",44.0,1.5,g,0.17,g,9.03,g,,,681.46,mcg,6597.0,mcg,3.0,mg,43.0,mg,0.8,mg,52.0,mg,265.5,mg,1.11,mg,88.5,g,7.0,mg,29.0,mg,30.0,mg,44.0,mg,39.0,mg,12.0,mg,10.0,mg,27.0,mg,22.0,mg,44.0,mg,44.0,mg,14.0,mg,48.0,mg,117.0,mg,194.0,mg,29.0,mg,28.0,mg,32.0,mg,0.03,g,0.02,g,0.0,g,0.01,g,0.01,g,0.08,g,0.08,g,0.0,g,4.54,g,0.8,g,12.0,mg,39.0,mg,0.15,mg,0.23,mg,0.1,mcg,,,,,0.06,mg,0.06,mg,0.4,mg,0.27,mg,0.14,mg,19.0,mcg,19.0,mcg,,,0.0,g,,,,,94.0,mcg,1.2,g,,,,,,,,,,,,,,,,,,,,,,,,,,,,,,,,,,,,,,,,
4007002,"Cà rốt (củ đỏ, vàng), luộc","Rau, quả, củ dùng làm rau",47.0,1.6,g,0.21,g,9.79,g,,,724.96,mcg,7018.09,mcg,1.76,mg,45.74,mg,0.85,mg,55.32,mg,282.45,mg,1.18,mg,87.55,g,0.01,mg,0.03,mg,0.03,mg,0.05,mg,0.04,mg,0.01,mg,0.01,mg,0.03,mg,0.02,mg,0.05,mg,0.05,mg,0.01,mg,0.05,mg,0.12,mg,0.21,mg,0.03,mg,0.03,mg,0.03,mg,0.04,g,0.04,g,0.0,g,0.01,g,,g,0.12,g,0.12,g,0.0,g,4.83,g,0.85,g,12.77,mg,41.49,mg,0.16,mg,0.24,mg,0.11,mcg,,mcg,,mg,0.04,mg,0.05,mg,0.3,mg,0.29,mg,0.09,mg,12.13,mcg,,mcg,,mcg,,g,,,100.0,mcg,,,1.28,g,,,0.01,g,,,,g,,g,,g,,g,,g,,g,0.0,g,,g,,g,,mcg,,mcg,,mg,,mcg,,mg,,,,,,g
4008,"Củ cà rốt, khô","Rau, quả, củ dùng làm rau",330.0,9.2,g,1.5,g,70.0,g,,,67.5,mcg,810.0,mcg,,,323.0,mg,5.9,mg,,,,,,,14.0,g,,,,,,,,,,,,,,,,,,,,,,,,,,,,,,,,,,,,,,,,,,,,,,,,,,,,,,,5.3,g,,,292.0,mg,,,,,,,,,,,,,,,,,,,,,,,,,,,,,,,,,,,9.6,g,,,,,,,,,,,,,,,,,,,,,,,,,,,,,,,,,,,,,,,,
4009,"Quả cà tím, tươi","Rau, quả, củ dùng làm rau",28.0,1.0,g,,,6.0,g,,,0.83,mcg,10.0,mcg,15.0,mg,15.0,mg,0.4,mg,,,,,,,92.5,g,,,,,,,,,,,,,,,,,,,,,,,,,,,,,,,,,,,,,,,,,,,,,,,,,,,,,,,0.5,g,,,34.0,mg,,,,,,,,,,,0.04,mg,0.05,mg,0.6,mg,,,,,,,,,,,,,,,,,,,1.5,g,,,,,,,,,,,,,,,,,,,,,,,,,,,,,,,,,,,,,,,,
4009002,"Cà tím, luộc","Rau, quả, củ dùng làm rau",37.0,1.27,g,0.13,g,7.59,g,,,1.05,mcg,12.66,mcg,10.44,mg,18.99,mg,0.51,mg,,mg,,mg,,mg,90.38,g,,mg,,mg,,mg,,mg,,mg,,mg,,mg,,mg,,mg,,mg,,mg,,mg,,mg,,mg,,mg,,mg,,mg,,mg,,g,,g,,g,,g,,g,,g,,g,,g,,g,0.63,g,,mg,43.04,mg,,mg,,mg,,mcg,,mcg,,mg,0.03,mg,0.05,mg,0.53,mg,,mg,,mg,,mcg,,mcg,,mcg,,g,,g,,mcg,,,1.9,g,,,,g,,mcg,,g,,g,,g,,g,,g,,g,,g,,g,,g,,mcg,,mcg,,mg,,mcg,,mg,,g,,g,,g
4010,"Cải bắp trắng, tươi","Rau, quả, củ dùng làm rau",36.0,1.8,g,0.09,g,6.91,g,,,5.42,mcg,65.0,mcg,41.0,mg,48.0,mg,1.1,mg,28.3,mg,189.5,mg,0.81,mg,90.0,g,18.0,mg,64.0,mg,52.0,mg,90.0,mg,53.0,mg,18.0,mg,19.0,mg,51.0,mg,31.0,mg,72.0,mg,141.0,mg,43.0,mg,86.0,mg,111.0,mg,148.0,mg,81.0,mg,62.0,mg,70.0,mg,0.02,g,0.01,g,,,0.01,g,0.01,g,0.06,g,0.03,g,0.03,g,3.58,g,1.2,g,13.12,mg,31.0,mg,0.18,mg,0.45,mg,2.2,mcg,,,0.15,mg,0.06,mg,0.05,mg,0.4,mg,0.14,mg,0.1,mg,43.0,mcg,43.0,mcg,60.0,mcg,,,,,,,310.0,mcg,1.6,g,,,,,,,,,,,,,,,,,,,,,,,,,,,,,,,,,,,,,,,,
4010002,"Cải bắp, luộc","Rau, quả, củ dùng làm rau",41.0,1.96,g,0.33,g,7.61,g,,,5.89,mcg,70.65,mcg,24.51,mg,52.17,mg,1.2,mg,30.76,mg,205.98,mg,0.88,mg,88.8,g,0.02,mg,0.07,mg,0.06,mg,0.1,mg,0.06,mg,0.02,mg,0.02,mg,0.06,mg,0.03,mg,0.08,mg,0.15,mg,0.05,mg,0.09,mg,0.12,mg,0.16,mg,0.09,mg,0.07,mg,0.08,mg,0.02,g,0.02,g,,,0.01,g,,g,0.07,g,0.03,g,0.04,g,3.89,g,1.3,g,14.26,mg,33.7,mg,0.2,mg,0.49,mg,2.39,mcg,,mcg,0.16,mg,0.04,mg,0.04,mg,0.3,mg,0.15,mg,0.06,mg,28.04,mcg,,mcg,65.22,mcg,,g,,,336.96,mcg,,,1.74,g,,,0.01,g,,,,g,,g,,g,,g,,g,,g,,,,g,,g,,mcg,,mcg,,mg,,mcg,,mg,,,,,,g
4011,"Cải bắp đỏ, tươi","Rau, quả, củ dùng làm rau",61.0,1.9,g,0.2,g,13.0,g,,,55.83,mcg,670.0,mcg,60.0,mg,83.0,mg,0.5,mg,27.0,mg,243.0,mg,0.22,mg,84.0,g,20.0,mg,71.0,mg,59.0,mg,101.0,mg,59.0,mg,20.0,mg,21.0,mg,57.0,mg,35.0,mg,80.0,mg,158.0,mg,48.0,mg,96.0,mg,124.0,mg,165.0,mg,90.0,mg,69.0,mg,78.0,mg,0.03,g,0.03,g,0.0,g,0.02,g,0.02,g,0.13,g,0.05,g,0.07,g,3.91,g,0.9,g,16.0,mg,42.0,mg,0.02,mg,0.24,mg,0.6,mcg,,,0.11,mg,0.07,mg,0.05,mg,0.8,mg,0.15,mg,0.21,mg,18.0,mcg,18.0,mcg,38.2,mcg,,,,,20.0,mcg,329.0,mcg,4.0,g,,,,,,,,,,,,,,,,,,,,,,,,,,,,,,,,,,,,,,,,
4011002,"Cải bắp đỏ, luộc","Rau, quả, củ dùng làm rau",67.0,2.07,g,0.22,g,14.13,g,,,60.69,mcg,728.26,mcg,35.87,mg,90.22,mg,0.54,mg,29.35,mg,264.13,mg,0.24,mg,82.61,g,0.02,mg,0.08,mg,0.06,mg,0.11,mg,0.06,mg,0.02,mg,0.02,mg,0.06,mg,0.04,mg,0.09,mg,0.17,mg,0.05,mg,0.1,mg,0.13,mg,0.18,mg,0.1,mg,0.08,mg,0.08,mg,0.04,g,0.03,g,0.0,g,0.02,g,,g,0.14,g,0.06,g,0.07,g,4.25,g,0.98,g,17.39,mg,45.65,mg,0.02,mg,0.26,mg,0.65,mcg,,mcg,0.12,mg,0.05,mg,0.04,mg,0.61,mg,0.16,mg,0.14,mg,11.74,mcg,,mcg,41.52,mcg,,g,,,357.61,mcg,,,4.35,g,,,0.02,g,,,,g,,g,,g,,g,,g,,g,,,,g,,g,,mcg,,mcg,,mg,,mcg,,mg,,,,,,g
4012,"Cải bắp trắng, khô","Rau, quả, củ dùng làm rau",301.0,18.0,g,1.6,g,53.7,g,,,,,,,2.0,mg,300.0,mg,7.5,mg,,,,,,,16.0,g,,,,,,,,,,,,,,,,,,,,,,,,,,,,,,,,,,,,,,,,,,,,,,,,,,,,,,,10.7,g,,,106.0,mg,,,,,,,,,,,0.15,mg,0.52,mg,0.5,mg,,,,,,,,,,,,,,,,,,,14.0,g,,,,,,,,,,,,,,,,,,,,,,,,,,,,,,,,,,,,,,,,
4013,"Cải cúc, tươi","Rau, quả, củ dùng làm rau",22.0,1.6,g,,,3.9,g,,,12.25,mcg,147.0,mcg,8.0,mg,63.0,mg,0.8,mg,32.5,mg,218.7,mg,0.67,mg,93.8,g,,,,,,,,,,,,,,,,,,,,,,,,,,,,,,,,,,,,,,,,,,,,,,,,,,,,,,,0.7,g,32.0,mg,38.0,mg,0.18,mg,0.7,mg,0.3,mcg,,,,,0.01,mg,0.03,mg,0.2,mg,0.22,mg,0.18,mg,177.0,mcg,177.0,mcg,,,,,,,,,,,2.0,g,,,,,,,,,,,,,,,,,,,,,,,,,,,,,,,,,,,,,,,,
4014,"Cải soong, tươi","Rau, quả, củ dùng làm rau",22.0,2.1,g,0.07,g,3.33,g,,,235.0,mcg,2820.0,mcg,25.0,mg,69.0,mg,1.6,mg,85.2,mg,210.5,mg,0.8,mg,93.7,g,30.0,mg,133.0,mg,93.0,mg,166.0,mg,134.0,mg,20.0,mg,7.0,mg,114.0,mg,63.0,mg,137.0,mg,150.0,mg,40.0,mg,137.0,mg,187.0,mg,190.0,mg,112.0,mg,96.0,mg,60.0,mg,0.03,g,0.02,g,0.0,g,0.01,g,0.01,g,0.04,g,0.01,g,0.02,g,0.2,g,0.8,g,21.0,mg,28.0,mg,0.2,mg,0.38,mg,0.9,mcg,,,1.0,mg,0.08,mg,0.26,mg,1.0,mg,0.31,mg,0.13,mg,9.0,mcg,9.0,mcg,250.0,mcg,0.0,g,,,,,5767.0,mcg,2.0,g,,,,,,,,,,,,,,,,,,,,,,,,,,,,,,,,,,,,,,,,
4015,"Cải thìa (cải trắng), tươi","Rau, quả, củ dùng làm rau",24.0,1.4,g,0.14,g,4.26,g,,,223.46,mcg,2681.0,mcg,26.0,mg,50.0,mg,0.7,mg,25.0,mg,200.0,mg,0.75,mg,93.2,g,15.0,mg,49.0,mg,85.0,mg,88.0,mg,89.0,mg,9.0,mg,17.0,mg,44.0,mg,29.0,mg,66.0,mg,84.0,mg,26.0,mg,86.0,mg,108.0,mg,360.0,mg,43.0,mg,31.0,mg,48.0,mg,0.03,g,0.02,g,0.0,g,0.02,g,0.01,g,0.1,g,0.04,g,0.05,g,1.18,g,1.0,g,25.35,mg,30.0,mg,0.09,mg,0.5,mg,0.5,mcg,,,0.09,mg,0.09,mg,0.07,mg,0.4,mg,0.09,mg,0.19,mg,66.0,mcg,66.0,mcg,35.8,mcg,,,,,,,40.0,mcg,1.8,g,,,,,,,,,,,,,,,,,,,,,,,,,,,,,,,,,,,,,,,,
4015002,"Cải thìa (cải trắng), luộc","Rau, quả, củ dùng làm rau",28.0,1.57,g,0.22,g,4.94,g,,,251.08,mcg,3012.36,mcg,16.07,mg,56.18,mg,0.79,mg,28.09,mg,224.72,mg,0.84,mg,92.13,g,0.02,mg,0.06,mg,0.1,mg,0.1,mg,0.1,mg,0.01,mg,0.02,mg,0.05,mg,0.03,mg,0.07,mg,0.09,mg,0.03,mg,0.1,mg,0.12,mg,0.4,mg,0.05,mg,0.03,mg,0.05,mg,0.03,g,0.02,g,0.0,g,0.02,g,,g,0.11,g,0.04,g,0.06,g,1.33,g,1.12,g,28.48,mg,33.71,mg,0.1,mg,0.56,mg,0.56,mcg,,mcg,0.1,mg,0.07,mg,0.06,mg,0.31,mg,0.1,mg,0.13,mg,44.49,mcg,,mcg,40.22,mcg,,g,,,44.94,mcg,,,2.02,g,,,0.02,g,,,,g,,g,,g,,g,,g,,g,,,,g,,g,,mcg,,mcg,,mg,,mcg,,mg,,,,,,g
4016,"Cải xanh, tươi","Rau, quả, củ dùng làm rau",23.0,1.7,g,0.14,g,3.76,g,,,525.0,mcg,6300.0,mcg,51.0,mg,89.0,mg,1.9,mg,28.6,mg,220.8,mg,0.9,mg,93.8,g,30.0,mg,72.0,mg,98.0,mg,83.0,mg,123.0,mg,25.0,mg,40.0,mg,72.0,mg,143.0,mg,105.0,mg,197.0,mg,48.0,mg,,,,,,,,,,,,,0.01,g,0.01,g,0.0,g,0.09,g,0.02,g,0.04,g,0.02,g,0.02,g,1.6,g,0.6,g,22.84,mg,13.5,mg,0.12,mg,0.32,mg,0.9,mcg,,,2.01,mg,0.07,mg,0.1,mg,0.8,mg,0.21,mg,0.18,mg,187.0,mcg,187.0,mcg,497.3,mcg,,,,,,,9900.0,mcg,1.8,g,,,,,,,,,,,,,,,,,,,,,,,,,,,,,,,,,,,,,,,,
4016002,"Cải xanh, luộc","Rau, quả, củ dùng làm rau",26.0,1.81,g,0.21,g,4.15,g,,,558.51,mcg,6702.13,mcg,29.84,mg,94.68,mg,2.02,mg,30.43,mg,234.89,mg,0.96,mg,93.19,g,0.03,mg,0.08,mg,0.1,mg,0.09,mg,0.13,mg,0.03,mg,0.04,mg,0.08,mg,0.15,mg,0.11,mg,0.21,mg,0.05,mg,,mg,,mg,,mg,,mg,,mg,,mg,0.01,g,0.01,g,0.0,g,0.1,g,,g,0.04,g,0.02,g,0.02,g,1.7,g,0.64,g,24.3,mg,14.36,mg,0.13,mg,0.34,mg,0.96,mcg,,mcg,2.14,mg,0.05,mg,0.09,mg,0.6,mg,0.22,mg,0.11,mg,119.36,mcg,,mcg,529.04,mcg,,g,,,10531.91,mcg,,,1.91,g,,,0.02,g,,,,g,,g,,g,,g,,g,,g,,,,g,,g,,mcg,,mcg,,mg,,mcg,,mg,,,,,,g
4017,"Cần ta, tươi","Rau, quả, củ dùng làm rau",16.0,1.0,g,,,3.0,g,,,170.42,mcg,2045.0,mcg,6.0,mg,310.0,mg,3.0,mg,,,,,,,95.3,g,,,,,,,,,,,,,,,,,,,,,,,,,,,,,,,,,,,,,,,,,,,,,,,,,,,,,,,0.7,g,,,64.0,mg,,,,,,,,,,,0.04,mg,0.03,mg,0.3,mg,,,,,,,,,,,,,,,,,,,1.5,g,,,,,,,,,,,,,,,,,,,,,,,,,,,,,,,,,,,,,,,,
4018,"Cần tây, tươi","Rau, quả, củ dùng làm rau",54.0,3.7,g,0.16,g,9.44,g,,,12.5,mcg,150.0,mcg,150.0,mg,325.0,mg,8.0,mg,96.0,mg,326.0,mg,0.3,mg,85.0,g,9.0,mg,20.0,mg,21.0,mg,32.0,mg,27.0,mg,5.0,mg,4.0,mg,20.0,mg,9.0,mg,27.0,mg,20.0,mg,12.0,mg,23.0,mg,117.0,mg,90.0,mg,21.0,mg,18.0,mg,20.0,mg,0.04,g,0.04,g,0.0,g,0.03,g,0.03,g,0.08,g,0.08,g,,,1.83,g,1.7,g,18.0,mg,128.0,mg,0.09,mg,0.2,mg,0.4,mcg,,,0.27,mg,0.06,mg,0.07,mg,0.4,mg,0.25,mg,0.07,mg,36.0,mcg,36.0,mcg,29.3,mcg,0.0,g,,,,,232.0,mcg,1.5,g,,,,,,,,,,,,,,,,,,,,,,,,,,,,,,,,,,,,,,,,
4019,"Chuối xanh, tươi","Rau, quả, củ dùng làm rau",78.0,1.2,g,0.32,g,17.48,g,,,16.96,mcg,184.0,mcg,31.0,mg,26.0,mg,0.4,mg,13.0,mg,256.0,mg,0.25,mg,80.2,g,,,,,,,,,,,,,,,,,,,,,,,,,,,,,,,,,,,,,0.05,g,0.04,g,0.01,g,0.03,g,0.03,g,0.24,g,0.24,g,0.0,g,1.95,g,0.8,g,17.0,mg,27.0,mg,0.09,mg,0.1,mg,0.3,mcg,,,0.69,mg,0.05,mg,0.02,mg,0.6,mg,0.27,mg,0.36,mg,29.0,mcg,29.0,mcg,9.5,mcg,0.0,g,,,,,,,1.0,g,,,,,,,,,,,,,,,,,,,,,,,,,,,,,,,,,,,,,,,,
4019002,"Chuối xanh, luộc","Rau, quả, củ dùng làm rau",64.0,1.0,g,0.08,g,14.83,g,,,14.13,mcg,153.33,mcg,14.21,mg,21.67,mg,0.33,mg,10.83,mg,213.33,mg,0.21,mg,83.42,g,,mg,,mg,,mg,,mg,,mg,,mg,,mg,,mg,,mg,,mg,,mg,,mg,,mg,,mg,,mg,,mg,,mg,,mg,0.04,g,0.03,g,0.01,g,0.02,g,,g,0.2,g,0.2,g,0.0,g,1.63,g,0.67,g,14.17,mg,22.5,mg,0.08,mg,0.08,mg,0.25,mcg,,mcg,0.58,mg,0.03,mg,0.01,mg,0.35,mg,0.22,mg,0.18,mg,14.5,mcg,,mcg,7.92,mcg,,g,,,,,,,0.83,g,,,0.02,g,,,,g,,g,,g,,g,,g,,g,0.0,g,,g,,g,,mcg,,mcg,,mg,,mcg,,mg,,,,,,g
4020,"Củ cải đỏ, tươi","Rau, quả, củ dùng làm rau",52.0,1.3,g,,,11.7,g,,,1.33,mcg,16.0,mcg,20.0,mg,28.0,mg,1.4,mg,,,,,,,86.0,g,3.0,mg,23.0,mg,26.0,mg,35.0,mg,27.0,mg,7.0,mg,7.0,mg,27.0,mg,12.0,mg,37.0,mg,51.0,mg,13.0,mg,23.0,mg,48.0,mg,160.0,mg,18.0,mg,17.0,mg,17.0,mg,,,,,,,,,,,,,,,,,,,1.0,g,,,43.0,mg,,,,,,,,,,,0.02,mg,0.05,mg,0.4,mg,,,,,,,,,,,,,,,,,,,0.9,g,,,,,,,,,,,,,,,,,,,,,,,,,,,,,,,,,,,,,,,,
4020002,"Củ cải đỏ, luộc","Rau, quả, củ dùng làm rau",63.0,1.51,g,0.23,g,13.6,g,,,1.55,mcg,18.6,mcg,12.79,mg,32.56,mg,1.63,mg,,mg,,mg,,mg,83.49,g,0.0,mg,0.03,mg,0.03,mg,0.04,mg,0.03,mg,0.01,mg,0.01,mg,0.03,mg,0.01,mg,0.04,mg,0.06,mg,0.02,mg,0.03,mg,0.06,mg,0.19,mg,0.02,mg,0.02,mg,0.02,mg,,g,,g,,g,,g,,g,,g,,g,,g,,g,1.16,g,,mg,50.0,mg,,mg,,mg,,mcg,,mcg,,mg,0.02,mg,0.05,mg,0.33,mg,,mg,,mg,,mcg,,mcg,,mcg,,g,,g,,mcg,,,1.05,g,,,,g,,mcg,,g,,g,,g,,g,,g,,g,,g,,g,,g,,mcg,,mcg,,mg,,mcg,,mg,,g,,g,,g
4021,"Củ cải trắng, tươi","Rau, quả, củ dùng làm rau",27.0,1.5,g,0.09,g,5.11,g,,,,,,,30.0,mg,40.0,mg,1.1,mg,10.0,mg,242.0,mg,0.2,mg,92.1,g,3.0,mg,23.0,mg,26.0,mg,35.0,mg,27.0,mg,7.0,mg,7.0,mg,27.0,mg,12.0,mg,37.0,mg,51.0,mg,13.0,mg,23.0,mg,48.0,mg,160.0,mg,18.0,mg,17.0,mg,17.0,mg,0.03,g,0.03,g,0.0,g,0.02,g,0.02,g,0.05,g,0.02,g,0.03,g,2.5,g,1.2,g,15.0,mg,41.0,mg,0.15,mg,0.05,mg,3.9,mcg,,,,,0.06,mg,0.06,mg,0.5,mg,0.14,mg,0.05,mg,28.0,mcg,28.0,mcg,0.3,mcg,,,,,,,,,1.5,g,,,,,,,,,,,,,,,,,,,,,,,,,,,,,,,,,,,,,,,,
4021002,"Củ cải trắng, luộc","Rau, quả, củ dùng làm rau",33.0,1.74,g,0.23,g,6.05,g,,,,,,,19.19,mg,46.51,mg,1.28,mg,11.63,mg,281.4,mg,0.23,mg,90.58,g,0.0,mg,0.03,mg,0.03,mg,0.04,mg,0.03,mg,0.01,mg,0.01,mg,0.03,mg,0.01,mg,0.04,mg,0.06,mg,0.02,mg,0.03,mg,0.06,mg,0.19,mg,0.02,mg,0.02,mg,0.02,mg,0.03,g,0.03,g,0.0,g,0.02,g,,g,0.05,g,0.02,g,0.03,g,2.91,g,1.4,g,17.44,mg,47.67,mg,0.17,mg,0.06,mg,4.53,mcg,,mcg,,,0.05,mg,0.06,mg,0.41,mg,0.16,mg,0.03,mg,19.53,mcg,,mcg,0.35,mcg,,g,,,,,,,1.74,g,,,0.02,g,,,,g,,g,,g,,g,,g,,g,,,,g,,g,,mcg,,mcg,,mg,,mcg,,mg,,,,,,g
4022,"Củ cải trắng, khô","Rau, quả, củ dùng làm rau",290.0,17.6,g,1.5,g,51.6,g,,,,,,,,,629.0,mg,6.73,mg,278.0,mg,3494.0,mg,2.13,mg,16.0,g,43.0,mg,326.0,mg,344.0,mg,413.0,mg,393.0,mg,75.0,mg,,,262.0,mg,150.0,mg,365.0,mg,456.0,mg,149.0,mg,248.0,mg,538.0,mg,1492.0,mg,248.0,mg,202.0,mg,240.0,mg,0.22,g,0.19,g,0.03,g,0.12,g,0.12,g,0.33,g,0.12,g,0.21,g,,,13.3,g,170.0,mg,204.0,mg,1.63,mg,0.54,mg,0.7,mcg,,,,,0.27,mg,0.68,mg,3.4,mg,1.85,mg,0.62,mg,295.0,mcg,295.0,mcg,,,0.0,g,,,,,,,17.7,g,,,,,,,,,,,,,,,,,,,,,,,,,,,,,,,,,,,,,,,,
4023,"Củ đậu, tươi","Rau, quả, củ dùng làm rau",31.0,1.0,g,,,6.7,g,,,,,,,6.0,mg,8.0,mg,,,,,,,,,92.0,g,,,,,,,,,,,,,,,,,,,,,,,,,,,,,,,,,,,,,,,,,,,,,,,,,,,,,,,0.3,g,,,16.0,mg,,,,,,,,,,,,,,,,,,,,,,,,,,,,,,,,,,,0.7,g,,,,,,,,,,,,,,,,,,,,,,,,,,,,,,,,,,,,,,,,
4024,"Củ niễng, tươi","Rau, quả, củ dùng làm rau",37.0,2.0,g,,,7.2,g,,,,,,,2.0,mg,24.0,mg,1.4,mg,,,,,,,90.2,g,,,,,,,,,,,,,,,,,,,,,,,,,,,,,,,,,,,,,,,,,,,,,,,,,,,,,,,0.6,g,,,92.0,mg,,,,,,,,,,,,,,,,,,,,,,,,,,,,,,,,,,,1.8,g,,,,,,,,,,,,,,,,,,,,,,,,,,,,,,,,,,,,,,,,
4025,"Dọc củ cải, non, tươi","Rau, quả, củ dùng làm rau",21.0,1.9,g,,,3.4,g,,,90.83,mcg,1090.0,mcg,72.0,mg,220.0,mg,0.4,mg,,,,,,,93.6,g,,,,,,,,,,,,,,,,,,,,,,,,,,,,,,,,,,,,,,,,,,,,,,,,,,,,,,,1.1,g,,,57.0,mg,,,,,,,,,,,0.06,mg,0.11,mg,0.7,mg,,,,,,,,,,,,,,,,,,,1.8,g,,,,,,,,,,,,,,,,,,,,,,,,,,,,,,,,,,,,,,,,
4026,"Dọc mùng, tươi","Rau, quả, củ dùng làm rau",13.0,0.4,g,,,2.8,g,,,,,,,,,,,,,,,,,,,96.0,g,,,,,,,,,,,,,,,,,,,,,,,,,,,,,,,,,,,,,,,,,,,,,,,,,,,,,,,0.8,g,,,,,,,,,,,,,,,,,,,,,,,,,,,,,,,,,,,,,,,2.0,g,,,,,,,,,,,,,,,,,,,,,,,,,,,,,,,,,,,,,,,,
4027,"Dưa chuột, tươi","Rau, quả, củ dùng làm rau",18.0,0.8,g,0.09,g,3.61,g,,,11.5,mcg,138.0,mcg,5.0,mg,23.0,mg,1.0,mg,13.3,mg,168.8,mg,0.18,mg,95.0,g,4.0,mg,18.0,mg,18.0,mg,26.0,mg,23.0,mg,5.0,mg,6.0,mg,15.0,mg,18.0,mg,24.0,mg,39.0,mg,9.0,mg,23.0,mg,46.0,mg,123.0,mg,25.0,mg,15.0,mg,24.0,mg,0.03,g,0.01,g,0.0,g,0.0,g,0.0,g,0.05,g,0.01,g,0.0,g,1.67,g,0.5,g,15.0,mg,27.0,mg,0.09,mg,0.25,mg,0.3,mcg,,,0.03,mg,0.03,mg,0.04,mg,0.1,mg,0.26,mg,0.04,mg,7.0,mcg,7.0,mcg,16.4,mcg,,,,,,,,,0.7,g,,,,,,,,,,,,,,,,,,,,,,,,,,,,,,,,,,,,,,,,
4028,"Dưa gang, tươi","Rau, quả, củ dùng làm rau",14.0,0.8,g,,,2.7,g,,,10.83,mcg,130.0,mcg,4.0,mg,25.0,mg,0.4,mg,,,,,,,96.2,g,,,,,,,,,,,,,,,,,,,,,,,,,,,,,,,,,,,,,,,,,,,,,,,,,,,,,,,0.3,g,,,37.0,mg,,,,,,,,,,,0.04,mg,0.04,mg,0.3,mg,,,,,,,,,,,,,,,,,,,0.7,g,,,,,,,,,,,,,,,,,,,,,,,,,,,,,,,,,,,,,,,,
4029,"Đậu cô ve, quả, tươi","Rau, quả, củ dùng làm rau",77.0,5.0,g,,,14.3,g,,,15.0,mcg,180.0,mcg,25.0,mg,26.0,mg,0.7,mg,95.7,mg,253.5,mg,0.01,mg,80.0,g,33.0,mg,93.0,mg,90.0,mg,166.0,mg,132.0,mg,31.0,mg,20.0,mg,102.0,mg,80.0,mg,118.0,mg,102.0,mg,56.0,mg,106.0,mg,288.0,mg,257.0,mg,91.0,mg,91.0,mg,128.0,mg,,,,,,,,,,,,,,,,,,,0.7,g,26.0,mg,122.0,mg,0.09,mg,0.5,mg,,,,,,,0.34,mg,0.19,mg,1.6,mg,,,,,108.0,mcg,108.0,mcg,,,,,,,,,,,1.0,g,,,,,,,,,,,,,,,,,,,,,,,,,,,,,,,,,,,,,,,,
4029002,"Đậu cô ve, luộc","Rau, quả, củ dùng làm rau",85.0,5.38,g,0.22,g,15.38,g,,,16.13,mcg,193.55,mcg,14.78,mg,27.96,mg,0.75,mg,102.9,mg,272.58,mg,0.01,mg,78.28,g,0.04,mg,0.1,mg,0.1,mg,0.18,mg,0.14,mg,0.03,mg,0.02,mg,0.11,mg,0.09,mg,0.13,mg,0.11,mg,0.06,mg,0.11,mg,0.31,mg,0.28,mg,0.1,mg,0.1,mg,0.14,mg,,g,,g,,g,,g,,g,,g,,g,,g,,g,0.75,g,27.96,mg,131.18,mg,0.1,mg,0.54,mg,,mcg,,mcg,,mg,0.24,mg,0.16,mg,1.2,mg,,mg,,mg,69.68,mcg,,mcg,,mcg,,g,,g,,mcg,,,1.08,g,,,,g,,mcg,,g,,g,,g,,g,,g,,g,,g,,g,,g,,mcg,,mcg,,mg,,mcg,,mg,,g,,g,,g
4030,"Đậu đũa, quả, tươi","Rau, quả, củ dùng làm rau",67.0,6.0,g,0.31,g,9.99,g,,,20.83,mcg,250.0,mcg,22.0,mg,47.0,mg,1.6,mg,4.99,mg,194.28,mg,0.37,mg,83.0,g,32.0,mg,104.0,mg,150.0,mg,200.0,mg,184.0,mg,40.0,mg,42.0,mg,154.0,mg,115.0,mg,162.0,mg,196.0,mg,90.0,mg,,,,,,,,,,,,,0.11,g,0.08,g,0.01,g,0.04,g,0.02,g,0.17,g,0.1,g,0.07,g,,,0.7,g,35.94,mg,16.0,mg,0.05,mg,0.21,mg,1.5,mcg,,,,,0.29,mg,0.18,mg,0.57,mg,0.06,mg,0.02,mg,62.0,mcg,62.0,mcg,,,0.0,g,,,,,,,2.0,g,,,,,,,,,,,,,,,,,,,,,,,,,,,,,,,,,,,,,,,,
4030002,"Đậu đũa, luộc","Rau, quả, củ dùng làm rau",68.0,6.12,g,0.2,g,10.51,g,,,21.26,mcg,255.1,mcg,12.35,mg,47.96,mg,1.63,mg,5.09,mg,198.24,mg,0.38,mg,82.45,g,0.03,mg,0.11,mg,0.15,mg,0.2,mg,0.19,mg,0.04,mg,0.04,mg,0.16,mg,0.12,mg,0.17,mg,0.2,mg,0.09,mg,,mg,,mg,,mg,,mg,,mg,,mg,0.11,g,0.09,g,0.01,g,0.04,g,,g,0.17,g,0.1,g,0.07,g,,g,0.71,g,36.67,mg,16.33,mg,0.05,mg,0.21,mg,1.53,mcg,,mcg,,mg,0.19,mg,0.15,mg,0.41,mg,0.06,mg,0.01,mg,37.96,mcg,,mcg,,mcg,,g,,,,mcg,,,2.04,g,,,0.02,g,,,,g,,g,,g,,g,,g,,g,0.0,g,,g,,g,,mcg,,mcg,,mg,,mcg,,mg,,,,,,g
4031,"Đậu Hà Lan, quả, tươi","Rau, quả, củ dùng làm rau",75.0,6.5,g,0.29,g,11.71,g,,,41.21,mcg,485.0,mcg,27.0,mg,57.0,mg,0.8,mg,5.0,mg,244.0,mg,1.24,mg,81.0,g,68.0,mg,252.0,mg,279.0,mg,466.0,mg,489.0,mg,62.0,mg,64.0,mg,295.0,mg,208.0,mg,317.0,mg,587.0,mg,143.0,mg,301.0,mg,665.0,mg,976.0,mg,264.0,mg,257.0,mg,301.0,mg,0.07,g,0.06,g,0.01,g,0.04,g,0.04,g,0.19,g,0.15,g,0.04,g,5.67,g,0.5,g,33.0,mg,43.0,mg,0.18,mg,0.41,mg,1.8,mcg,,,0.13,mg,0.4,mg,0.15,mg,2.2,mg,0.1,mg,0.17,mg,65.0,mcg,65.0,mcg,24.8,mcg,,,,,,,,,1.0,g,,,,,,,,,,,,,,,,,,,,,,,,,,,,,,,,,,,,,,,,
4032,"Đậu rồng, quả non, tươi","Rau, quả, củ dùng làm rau",40.0,1.9,g,0.1,g,7.9,g,,,22.5,mcg,270.0,mcg,22.0,mg,63.0,mg,1.3,mg,,,,,,,89.5,g,,,,,,,,,,,,,,,,,,,,,,,,,,,,,,,,,,,,,,,,,,,,,,,,,,,,,,,0.6,g,,,60.0,mg,,,,,,,,,,,0.06,mg,0.12,mg,0.5,mg,,,,,,,,,,,,,,,,,,,1.6,g,,,,,,,,,,,,,,,,,,,,,,,,,,,,,,,,,,,,,,,,
4033,"Đu đủ xanh, tươi","Rau, quả, củ dùng làm rau",30.0,0.8,g,,,6.6,g,,,1.25,mcg,15.0,mcg,40.0,mg,63.0,mg,0.9,mg,7.0,mg,215.0,mg,,,92.1,g,,,,,,,,,,,,,,,,,,,,,,,,,,,,,,,,,,,,,,,,,,,,,,,,,,,,,,,0.5,g,56.0,mg,50.0,mg,0.1,mg,,,,,,,,,0.02,mg,0.03,mg,0.3,mg,,,,,,,,,,,,,,,,,,,2.0,g,,,,,,,,,,,,,,,,,,,,,,,,,,,,,,,,,,,,,,,,
4034,"Quả gấc, tươi","Rau, quả, củ dùng làm rau",129.0,2.1,g,7.9,g,12.3,g,,,1926.25,mcg,21756.0,mcg,11.0,mg,56.0,mg,1.2,mg,,,,,,,77.0,g,,,,,,,,,,,,,,,,,,,,,,,,,,,,,,,,,,,,,2.05,g,1.58,g,0.42,g,1.76,g,1.75,g,1.55,g,1.52,g,0.03,g,,,0.7,g,,,6.4,mg,,,,,,,,,,,,,,,,,,,,,,,,,,,0.02,g,,,49667.0,mcg,,,1.8,g,,,,,,,,,,,,,,,,,,,,,,,,,,,,,,,,,,,0.03,g,,,,
4035,"Giá đậu tương, tươi","Rau, quả, củ dùng làm rau",82.0,7.7,g,1.8,g,8.7,g,,,2.08,mcg,25.0,mcg,10.0,mg,52.0,mg,1.1,mg,14.0,mg,484.0,mg,1.17,mg,80.8,g,79.0,mg,317.0,mg,452.0,mg,670.0,mg,392.0,mg,116.0,mg,79.0,mg,391.0,mg,276.0,mg,423.0,mg,460.0,mg,164.0,mg,377.0,mg,1452.0,mg,925.0,mg,356.0,mg,323.0,mg,453.0,mg,0.25,g,0.18,g,0.07,g,0.41,g,0.4,g,1.02,g,0.9,g,0.12,g,,,1.0,g,72.0,mg,58.0,mg,0.43,mg,0.7,mg,0.6,mcg,,,,,0.19,mg,0.15,mg,0.8,mg,0.93,mg,0.18,mg,172.0,mcg,172.0,mcg,,,0.0,g,,,,,,,0.7,g,,,,,,,,,,,,,,,,,,,,,,,,,,,,,,,,,,,,,,,,
4036,"Giá đậu xanh, tươi","Rau, quả, củ dùng làm rau",52.0,5.5,g,0.13,g,7.17,g,,,1.0,mcg,6.0,mcg,10.0,mg,38.0,mg,1.4,mg,23.02,mg,164.01,mg,0.41,mg,86.5,g,60.0,mg,225.0,mg,316.0,mg,463.0,mg,274.0,mg,87.0,mg,43.0,mg,271.0,mg,192.0,mg,324.0,mg,366.0,mg,132.0,mg,259.0,mg,1062.0,mg,656.0,mg,211.0,mg,272.0,mg,273.0,mg,0.05,g,0.03,g,0.01,g,0.02,g,0.02,g,0.06,g,0.04,g,0.02,g,4.13,g,0.7,g,16.58,mg,91.0,mg,0.16,mg,0.19,mg,0.6,mcg,,,0.1,mg,0.2,mg,0.13,mg,0.75,mg,0.38,mg,0.09,mg,61.0,mcg,61.0,mcg,33.0,mcg,,,,,,,,,2.0,g,,,,,,,,,,,,,,,,,,,,,,,,,,,,,,,,,,,,,,,,
4036002,"Giá đậu xanh, luộc","Rau, quả, củ dùng làm rau",58.0,6.04,g,0.22,g,8.02,g,,,1.1,mcg,6.59,mcg,6.04,mg,41.76,mg,1.54,mg,25.3,mg,180.23,mg,0.45,mg,84.95,g,0.07,mg,0.25,mg,0.35,mg,0.51,mg,0.3,mg,0.1,mg,0.05,mg,0.3,mg,0.21,mg,0.36,mg,0.4,mg,0.15,mg,0.28,mg,1.17,mg,0.72,mg,0.23,mg,0.3,mg,0.3,mg,0.05,g,0.04,g,0.01,g,0.02,g,,g,0.06,g,0.05,g,0.02,g,4.54,g,0.77,g,18.22,mg,100.0,mg,0.18,mg,0.21,mg,0.66,mcg,,mcg,0.11,mg,0.14,mg,0.11,mg,0.58,mg,0.42,mg,0.06,mg,40.22,mcg,,mcg,36.26,mcg,,g,,,,,,,2.2,g,,,0.02,g,,,,g,,g,,g,,g,,g,,g,,,,g,,g,,mcg,,mcg,,mg,,mcg,,mg,,,,,,g
4037,"Hành củ, tươi","Rau, quả, củ dùng làm rau",29.0,1.3,g,0.28,g,5.22,g,,,1.25,mcg,15.0,mcg,10.0,mg,32.0,mg,1.1,mg,17.0,mg,212.0,mg,0.52,mg,92.5,g,21.0,mg,74.0,mg,81.0,mg,113.0,mg,95.0,mg,21.0,mg,,,61.0,mg,55.0,mg,84.0,mg,137.0,mg,33.0,mg,86.0,mg,176.0,mg,393.0,mg,94.0,mg,126.0,mg,86.0,mg,0.07,g,0.06,g,0.01,g,0.06,g,0.06,g,0.16,g,0.15,g,0.01,g,,,0.7,g,23.0,mg,49.0,mg,0.07,mg,0.14,mg,0.6,mcg,,,,,0.03,mg,0.04,mg,0.2,mg,0.17,mg,0.07,mg,16.0,mcg,16.0,mcg,,,,,,,,,,,0.7,g,,,,,,,,,,,,,,,,,,,,,,,,,,,,,,,,,,,,,,,,
4038,"Hành lá (hành hoa), tươi","Rau, quả, củ dùng làm rau",26.0,1.3,g,,,5.2,g,,,114.17,mcg,1370.0,mcg,60.0,mg,80.0,mg,1.0,mg,16.0,mg,122.6,mg,0.44,mg,92.5,g,,,,,,,,,,,,,,,,,,,,,,,,,,,,,,,,,,,,,,,,,,,,,,,,,,,,,,,1.0,g,23.12,mg,41.0,mg,0.18,mg,0.26,mg,,,,,,,0.03,mg,0.1,mg,1.0,mg,,,,,,,,,,,,,,,,,,,0.9,g,,,,,,,,,,,,,,,,,,,,,,,,,,,,,,,,,,,,,,,,
4039,"Hành tây, tươi","Rau, quả, củ dùng làm rau",45.0,1.8,g,0.11,g,9.29,g,,,0.08,mcg,1.0,mcg,10.0,mg,38.0,mg,0.8,mg,7.5,mg,220.7,mg,1.43,mg,88.0,g,20.0,mg,22.0,mg,23.0,mg,44.0,mg,60.0,mg,16.0,mg,19.0,mg,41.0,mg,30.0,mg,25.0,mg,160.0,mg,14.0,mg,58.0,mg,70.0,mg,220.0,mg,41.0,mg,30.0,mg,27.0,mg,0.03,g,0.02,g,0.0,g,0.02,g,0.01,g,0.06,g,0.06,g,0.0,g,4.28,g,0.8,g,23.0,mg,58.0,mg,0.07,mg,0.2,mg,1.5,mcg,,,0.02,mg,0.03,mg,0.04,mg,0.2,mg,0.12,mg,0.15,mg,19.0,mcg,19.0,mcg,0.4,mcg,,,,,,,,,1.1,g,,,,,,,,,,,,,,,,,,,,,,,,,,,,,,,,,,,,,,,,
4040,"Hạt sen, tươi","Rau, quả, củ dùng làm rau",164.0,9.5,g,0.5,g,30.3,g,,,0.83,mcg,10.0,mcg,,,76.0,mg,1.4,mg,1.0,mg,367.0,mg,0.28,mg,57.9,g,59.0,mg,200.0,mg,205.0,mg,326.0,mg,264.0,mg,72.0,mg,54.0,mg,206.0,mg,100.0,mg,266.0,mg,338.0,mg,115.0,mg,239.0,mg,505.0,mg,957.0,mg,221.0,mg,344.0,mg,252.0,mg,0.09,g,0.08,g,,,0.1,g,0.06,g,0.31,g,0.29,g,0.03,g,,,1.8,g,56.0,mg,164.0,mg,0.09,mg,0.62,mg,,,,,,,0.17,mg,0.09,mg,0.8,mg,0.23,mg,0.17,mg,51.0,mcg,51.0,mcg,,,,,,,,,,,0.8,g,,,,,,,,,,,,,,,,,,,,,,,,,,,,,,,,,,,,,,,,
4041,"Hạt sen, khô","Rau, quả, củ dùng làm rau",342.0,20.0,g,2.4,g,60.2,g,,,2.5,mcg,30.0,mcg,,,89.0,mg,6.4,mg,5.0,mg,1368.0,mg,1.05,mg,14.0,g,221.0,mg,747.0,mg,765.0,mg,1215.0,mg,985.0,mg,267.0,mg,201.0,mg,767.0,mg,375.0,mg,991.0,mg,1262.0,mg,430.0,mg,892.0,mg,1884.0,mg,3570.0,mg,826.0,mg,1285.0,mg,939.0,mg,0.33,g,0.29,g,,,0.39,g,0.23,g,1.17,g,1.06,g,0.1,g,,,3.4,g,210.0,mg,285.0,mg,0.35,mg,2.32,mg,,,,,,,0.64,mg,0.15,mg,1.6,mg,0.85,mg,0.63,mg,104.0,mcg,104.0,mcg,,,,,,,,,,,2.2,g,,,,,,,,,,,,,,,,,,,,,,,,,,,,,,,,,,,,,,,,
4042,"Hẹ lá, tươi","Rau, quả, củ dùng làm rau",21.0,2.2,g,0.21,g,2.49,g,,,83.33,mcg,1000.0,mcg,19.0,mg,56.0,mg,1.3,mg,6.0,mg,234.0,mg,0.2,mg,94.5,g,12.0,mg,63.0,mg,52.0,mg,96.0,mg,78.0,mg,18.0,mg,25.0,mg,55.0,mg,41.0,mg,56.0,mg,78.0,mg,25.0,mg,74.0,mg,140.0,mg,226.0,mg,69.0,mg,66.0,mg,92.0,mg,0.04,g,0.04,g,0.0,g,0.0,g,0.0,g,0.17,g,0.07,g,0.1,g,3.9,g,0.6,g,18.0,mg,45.0,mg,0.1,mg,0.3,mg,1.0,mcg,,,0.92,mg,0.03,mg,0.09,mg,0.9,mg,0.14,mg,0.23,mg,64.0,mcg,64.0,mcg,47.0,mcg,,,,,,,1900.0,mcg,0.9,g,,,,,,,,,,,,,,,,,,,,,,,,,,,,,,,,,,,,,,,,
4043,"Hoa chuối, tươi","Rau, quả, củ dùng làm rau",28.0,1.5,g,,,5.5,g,,,14.17,mcg,170.0,mcg,5.0,mg,44.0,mg,0.9,mg,,,,,,,92.0,g,,,,,,,,,,,,,,,,,,,,,,,,,,,,,,,,,,,,,,,,,,,,,,,,,,,,,,,1.0,g,,,32.0,mg,,,,,,,,,,,1.04,mg,0.03,mg,0.4,mg,,,,,,,,,,,,,,,,,,,2.0,g,,,,,,,,,,,,,,,,,,,,,,,,,,,,,,,,,,,,,,,,
4044,"Hoa lý, tươi","Rau, quả, củ dùng làm rau",35.0,2.9,g,,,5.8,g,,,48.75,mcg,585.0,mcg,48.0,mg,52.0,mg,1.2,mg,,,,,0.2,mg,90.5,g,,,,,,,,,,,,,,,,,,,,,,,,,,,,,,,,,,,,,,,,,,,,,,,,,,,,,,,0.8,g,,,53.0,mg,,,,,,,,,,,0.19,mg,0.13,mg,1.1,mg,,,0.1,mg,81.0,mcg,81.0,mcg,,,,,,,,,,,3.0,g,,,,,,,,,,,,,,,,,,,,,,,,,,,,,,,,,,,,,,,,
4045,"Quả khế, tươi","Rau, quả, củ dùng làm rau",26.0,0.6,g,0.23,g,5.47,g,,,3.08,mcg,25.0,mcg,30.0,mg,10.0,mg,0.9,mg,2.0,mg,133.0,mg,0.12,mg,93.5,g,8.0,mg,44.0,mg,44.0,mg,77.0,mg,77.0,mg,21.0,mg,,,37.0,mg,44.0,mg,50.0,mg,21.0,mg,8.0,mg,71.0,mg,98.0,mg,148.0,mg,50.0,mg,50.0,mg,83.0,mg,0.02,g,0.01,g,0.01,g,0.03,g,0.03,g,0.18,g,0.16,g,0.03,g,3.98,g,0.2,g,10.0,mg,8.0,mg,0.14,mg,0.04,mg,0.6,mcg,,,0.15,mg,0.05,mg,0.04,mg,0.4,mg,0.39,mg,0.02,mg,12.0,mcg,12.0,mcg,,,,,,,,,64.0,mcg,2.6,g,,,,,,,,,,,,,,,,,,,,,,,,,,,,,,,,,,,,,,,,
4046,"Lá lốt, tươi","Rau, quả, củ dùng làm rau",49.0,4.3,g,,,7.9,g,,,337.5,mcg,4050.0,mcg,34.0,mg,172.86,mg,2.73,mg,10.15,mg,397.64,mg,,,86.5,g,,,,,,,,,,,,,,,,,,,,,,,,,,,,,,,,,,,,,,,,,,,,,,,,,,,,,,,1.3,g,65.09,mg,651.53,mg,,,,,,,,,,,,,,,,,,,,,,,,,,,,,,,,,,,2.5,g,,,,,,,,,,,,,,,,,,,,,,,,,,,,,,,,,,,,,,,,
4047,"Lá me, tươi ","Rau, quả, củ dùng làm rau",46.0,7.5,g,,,4.0,g,,,,,,,,,319.0,mg,,,,,,,,,86.0,g,,,,,,,,,,,,,,,,,,,,,,,,,,,,,,,,,,,,,,,,,,,,,,,,,,,,,,,2.5,g,,,,,,,,,,,,,,,,,,,,,,,,,,,,,,,,,,,,,,,,,,,,,,,,,,,,,,,,,,,,,,,,,,,,,,,,,,,,,,,,
4048,"Lá mơ lông, tươi","Rau, quả, củ dùng làm rau",48.0,3.9,g,,,8.0,g,,,27.5,mcg,330.0,mcg,75.0,mg,211.0,mg,,,,,,,,,86.1,g,,,,,,,,,,,,,,,,,,,,,,,,,,,,,,,,,,,,,,,,,,,,,,,,,,,,,,,2.0,g,,,2.8,mg,,,,,,,,,,,,,,,,,,,,,,,,,,,,,,,,,,,5.1,g,,,,,,,,,,,,,,,,,,,,,,,,,,,,,,,,,,,,,,,,
4049,"Lá sắn, tươi","Rau, quả, củ dùng làm rau",96.0,7.0,g,,,16.9,g,,,690.0,mcg,8280.0,mcg,295.0,mg,200.0,mg,1.9,mg,,,,,,,74.8,g,110.0,mg,300.0,mg,390.0,mg,710.0,mg,340.0,mg,140.0,mg,76.0,mg,420.0,mg,227.0,mg,460.0,mg,350.0,mg,150.0,mg,,,,,,,,,,,,,,,,,,,,,,,,,,,,,,,1.3,g,,,27.0,mg,,,,,,,,,,,0.25,mg,0.66,mg,2.4,mg,,,,,,,,,,,,,,,,,,,4.3,g,,,,,,,,,,,,,,,,,,,,,,,,,,,,,,,,,,,,,,,,
4050,"Măng chua, măng tre","Rau, quả, củ dùng làm rau",28.0,1.4,g,,,5.5,g,,,1.25,mcg,15.0,mcg,9.0,mg,8.54,mg,0.43,mg,4.27,mg,230.63,mg,0.52,mg,92.8,g,,,,,,,,,,,,,,,,,,,,,,,,,,,,,,,,,,,,,,,,,,,,,,,,,,,,,,,0.3,g,41.76,mg,13.76,mg,0.09,mg,0.18,mg,,,,,,,0.11,mg,0.09,mg,0.6,mg,,,,,,,,,,,,,,,,,,,4.1,g,,,,,,,,,,,,,,,,,,,,,,,,,,,,,,,,,,,,,,,,
4051,"Măng tre, khô","Rau, quả, củ dùng làm rau",301.0,13.0,g,2.1,g,57.5,g,,,1.67,mcg,20.0,mcg,1.0,mg,100.0,mg,5.0,mg,,,,,,,23.0,g,,,,,,,,,,,,,,,,,,,,,,,,,,,,,,,,,,,,,,,,,,,,,,,,,,,,,,,4.4,g,,,200.0,mg,,,,,,,,,,,0.11,mg,0.14,mg,1.3,mg,,,,,,,,,,,,,,,,,,,36.0,g,,,,,,,,,,,,,,,,,,,,,,,,,,,,,,,,,,,,,,,,
4052,"Măng tây, tươi","Rau, quả, củ dùng làm rau",24.0,2.2,g,0.14,g,3.36,g,,,37.79,mcg,449.0,mcg,10.0,mg,21.0,mg,0.9,mg,2.0,mg,202.0,mg,0.54,mg,93.7,g,22.0,mg,64.0,mg,84.0,mg,99.0,mg,108.0,mg,22.0,mg,27.0,mg,54.0,mg,36.0,mg,88.0,mg,107.0,mg,35.0,mg,107.0,mg,265.0,mg,374.0,mg,74.0,mg,121.0,mg,87.0,mg,0.05,g,0.04,g,,,0.01,g,,,0.09,g,0.04,g,0.01,g,1.88,g,0.6,g,14.0,mg,6.2,mg,0.19,mg,0.16,mg,2.3,mcg,,,1.13,mg,0.16,mg,0.03,mg,3.0,mg,0.27,mg,0.09,mg,52.0,mcg,52.0,mcg,41.6,mcg,,,,,,,710.0,mcg,2.3,g,,,,,,,,,,,,,,,,,,,,,,,,,,,,,,,,,,,,,,,,
4053,"Măng tre, tươi","Rau, quả, củ dùng làm rau",31.0,1.7,g,0.21,g,5.59,g,,,1.0,mcg,12.0,mcg,1.0,mg,22.0,mg,1.0,mg,2.22,mg,296.11,mg,0.61,mg,92.0,g,27.0,mg,86.0,mg,88.0,mg,140.0,mg,134.0,mg,30.0,mg,22.0,mg,90.0,mg,,,106.0,mg,97.0,mg,42.0,mg,124.0,mg,425.0,mg,248.0,mg,87.0,mg,219.0,mg,127.0,mg,0.07,g,0.05,g,0.01,g,0.01,g,0.01,g,0.13,g,0.11,g,0.02,g,3.0,g,0.5,g,1.67,mg,58.0,mg,0.11,mg,0.15,mg,0.44,mcg,,,1.0,mg,0.08,mg,0.08,mg,0.6,mg,0.16,mg,0.24,mg,7.0,mcg,7.0,mcg,,,,,,,,,,,4.1,g,,,,,,,,,,,,,,,,,,,,,,,,,,,,,,,,,,,,,,,,
4054,"Mướp, tươi","Rau, quả, củ dùng làm rau",18.0,0.9,g,0.14,g,3.36,g,,,13.33,mcg,160.0,mcg,8.0,mg,28.0,mg,0.8,mg,3.0,mg,139.0,mg,0.07,mg,95.1,g,,,,,,,,,,,,,,,,,,,,,,,,,,,,,,,,,,,,,0.02,g,0.01,g,0.01,g,0.04,g,0.04,g,0.09,g,0.09,g,,,,,0.5,g,14.0,mg,45.0,mg,0.04,mg,0.09,mg,0.2,mcg,,,,,0.04,mg,0.06,mg,0.5,mg,0.22,mg,0.04,mg,7.0,mcg,7.0,mcg,,,,,,,,,,,0.5,g,,,,,,,,,,,,,,,,,,,,,,,,,,,,,,,,,,,,,,,,
4054002,"Mướp, luộc","Rau, quả, củ dùng làm rau",26.0,1.25,g,0.14,g,4.86,g,,,18.52,mcg,222.22,mcg,6.11,mg,38.89,mg,1.11,mg,4.17,mg,193.06,mg,0.1,mg,93.06,g,,mg,,mg,,mg,,mg,,mg,,mg,,mg,,mg,,mg,,mg,,mg,,mg,,mg,,mg,,mg,,mg,,mg,,mg,0.02,g,0.02,g,0.01,g,0.05,g,,g,0.12,g,0.12,g,,,,g,0.69,g,19.44,mg,62.5,mg,0.05,mg,0.13,mg,0.28,mcg,,mcg,,mg,0.04,mg,0.07,mg,0.49,mg,0.3,mg,0.04,mg,5.83,mcg,,mcg,,mcg,,g,,,,mcg,,,0.69,g,,,0.05,g,,,,g,,g,,g,,g,,g,,g,,,,g,,g,,mcg,,mcg,,mg,,mcg,,mg,,,,,,g
4055,"Mướp đắng, tươi","Rau, quả, củ dùng làm rau",20.0,0.9,g,,,4.1,g,,,23.54,mcg,190.0,mcg,22.0,mg,18.0,mg,0.6,mg,5.0,mg,296.0,mg,0.8,mg,94.4,g,,,,,,,,,,,,,,,,,,,,,,,,,,,,,,,,,,,,,,,,,,,,,,,,,,,,,,,0.6,g,17.0,mg,29.0,mg,0.03,mg,0.09,mg,0.2,mcg,,,,,0.07,mg,0.04,mg,0.3,mg,0.21,mg,0.04,mg,72.0,mcg,72.0,mcg,,,,,,,,,170.0,mcg,1.1,g,,,,,,,,,,,,,,,,,,,,,,,,,,,,,,,,,,,,,,,,
4055002,"Mướp đắng, luộc","Rau, quả, củ dùng làm rau",21.0,0.91,g,0.1,g,4.14,g,,,23.78,mcg,191.92,mcg,12.22,mg,18.18,mg,0.61,mg,5.05,mg,298.99,mg,0.81,mg,94.24,g,,mg,,mg,,mg,,mg,,mg,,mg,,mg,,mg,,mg,,mg,,mg,,mg,,mg,,mg,,mg,,mg,,mg,,mg,,g,,g,,g,,g,,g,,g,,g,,g,,g,0.61,g,17.17,mg,29.29,mg,0.03,mg,0.09,mg,0.2,mcg,,mcg,,mg,0.05,mg,0.03,mg,0.21,mg,0.21,mg,0.03,mg,43.64,mcg,,mcg,,mcg,,g,,g,171.72,mcg,,,1.11,g,,,,g,,,,g,,g,,g,,g,,g,,g,,g,,g,,g,,mcg,,mcg,,mg,,mcg,,mg,,g,,g,,g
4056,"Mướp Nhật bản, tươi","Rau, quả, củ dùng làm rau",16.0,0.8,g,,,3.2,g,,,,,,,,,29.8,mg,0.3,mg,,,,,,,95.4,g,,,,,,,,,,,,,,,,,,,,,,,,,,,,,,,,,,,,,,,,,,,,,,,,,,,,,,,0.6,g,,,22.3,mg,,,,,,,,,,,,,,,,,,,,,,,,,,,,,,,,,,,1.4,g,,,,,,,,,,,,,,,,,,,,,,,,,,,,,,,,,,,,,,,,
4057,"Ngải cứu, tươi","Rau, quả, củ dùng làm rau",33.0,3.8,g,,,4.4,g,,,,,,,,,136.3,mg,3.1,mg,98.0,mg,612.0,mg,,,89.7,g,,,,,,,,,,,,,,,,,,,,,,,,,,,,,,,,,,,,,,,,,,,,,,,,,,,,,,,2.1,g,63.0,mg,45.4,mg,,,,,,,,,,,,,,,,,,,,,,,,,,,,,,,,,,,2.0,g,,,,,,,,,,,,,,,,,,,,,,,,,,,,,,,,,,,,,,,,
4058,"Ngô bao tử, tươi","Rau, quả, củ dùng làm rau",42.0,2.2,g,0.2,g,7.8,g,,,,,,,34.0,mg,5.0,mg,0.9,mg,,,,,,,89.2,g,,,,,,,,,,,,,,,,,,,,,,,,,,,,,,,,,,,,,,,,,,,,,,,,,,,,,,,0.6,g,,,52.0,mg,,,,,,,,,,,0.09,mg,0.2,mg,0.7,mg,,,,,,,,,,,,,,,,,,,0.4,g,,,,,,,,,,,,,,,,,,,,,,,,,,,,,,,,,,,,,,,,
4059,"Ngó sen, tươi","Rau, quả, củ dùng làm rau",65.0,1.0,g,0.07,g,15.13,g,,,0.83,mcg,10.0,mcg,25.0,mg,19.0,mg,0.5,mg,40.0,mg,556.0,mg,0.39,mg,82.9,g,20.0,mg,51.0,mg,54.0,mg,69.0,mg,94.0,mg,22.0,mg,22.0,mg,47.0,mg,29.0,mg,55.0,mg,88.0,mg,38.0,mg,54.0,mg,369.0,mg,139.0,mg,156.0,mg,136.0,mg,60.0,mg,0.03,g,0.03,g,0.0,g,0.02,g,0.01,g,0.02,g,0.01,g,0.01,g,,,0.9,g,23.0,mg,51.0,mg,0.26,mg,0.26,mg,0.7,mcg,,,,,0.11,mg,0.04,mg,0.4,mg,0.38,mg,0.26,mg,13.0,mcg,13.0,mcg,,,0.0,g,,,,,,,1.2,g,,,,,,,,,,,,,,,,,,,,,,,,,,,,,,,,,,,,,,,,
4060,"Nụ mướp, tươi","Rau, quả, củ dùng làm rau",36.0,4.9,g,,,4.0,g,,,,,,,,,140.0,mg,1.2,mg,,,,,,,90.0,g,,,,,,,,,,,,,,,,,,,,,,,,,,,,,,,,,,,,,,,,,,,,,,,,,,,,,,,1.1,g,,,80.0,mg,,,,,,,,,,,,,,,,,,,,,,,,,,,,,,,,,,,1.5,g,,,,,,,,,,,,,,,,,,,,,,,,,,,,,,,,,,,,,,,,
4061,"Ớt đỏ to, tươi","Rau, quả, củ dùng làm rau",31.0,0.99,g,0.3,g,6.04,g,,,156.58,mcg,1624.0,mcg,190.0,mg,7.0,mg,0.43,mg,2.0,mg,211.0,mg,0.25,mg,92.2,g,12.0,mg,37.0,mg,32.0,mg,43.0,mg,43.0,mg,12.0,mg,19.0,mg,30.0,mg,20.0,mg,41.0,mg,48.0,mg,20.0,mg,40.0,mg,142.0,mg,130.0,mg,37.0,mg,43.0,mg,40.0,mg,0.06,g,0.06,g,0.0,g,0.01,g,0.0,g,0.16,g,0.1,g,0.06,g,4.2,g,0.47,g,12.0,mg,26.0,mg,0.02,mg,0.11,mg,0.1,mcg,,,1.58,mg,0.05,mg,0.09,mg,0.98,mg,0.32,mg,0.29,mg,18.0,mcg,18.0,mcg,4.9,mcg,0.0,g,,,308.0,mcg,51.0,mcg,2.0,g,,,,,,,,,,,,,,,,,,,,,,,,,,,,,,,,,,,,,,,,
4062,"Ớt vàng to, tươi","Rau, quả, củ dùng làm rau",34.0,1.3,g,,,7.1,g,,,436.88,mcg,3607.0,mcg,250.0,mg,86.0,mg,3.6,mg,14.5,mg,275.1,mg,0.32,mg,91.0,g,13.0,mg,37.0,mg,32.0,mg,52.0,mg,44.0,mg,12.0,mg,19.0,mg,31.0,mg,21.0,mg,42.0,mg,48.0,mg,20.0,mg,41.0,mg,143.0,mg,132.0,mg,37.0,mg,44.0,mg,40.0,mg,0.03,g,,,,,,,,,,,,,,,,,0.6,g,12.0,mg,120.0,mg,0.14,mg,1.1,mg,0.3,mcg,,,,,0.37,mg,0.51,mg,2.5,mg,0.17,mg,0.17,mg,26.0,mcg,26.0,mcg,,,,,,,,,121.0,mcg,1.4,g,,,,,,,,,,,,,,,,,,,,,,,,,,,,,,,,,,,,,,,,
4063,"Ớt xanh to, tươi","Rau, quả, củ dùng làm rau",31.0,1.3,g,0.13,g,6.07,g,,,17.42,mcg,198.0,mcg,103.0,mg,6.0,mg,0.8,mg,3.0,mg,175.0,mg,0.13,mg,92.0,g,8.0,mg,41.0,mg,42.0,mg,49.0,mg,65.0,mg,17.0,mg,23.0,mg,43.0,mg,24.0,mg,26.0,mg,21.0,mg,13.0,mg,55.0,mg,139.0,mg,178.0,mg,42.0,mg,48.0,mg,39.0,mg,0.06,g,0.05,g,0.01,g,0.01,g,0.01,g,0.06,g,0.05,g,0.01,g,2.4,g,0.5,g,10.0,mg,25.0,mg,0.07,mg,0.12,mg,,,,,,,0.04,mg,0.05,mg,0.9,mg,0.1,mg,0.22,mg,11.0,mcg,11.0,mcg,,,,,,,,,,,1.5,g,,,,,,,,,,,,,,,,,,,,,,,,,,,,,,,,,,,,,,,,
4064,"Quả dọc, tươi","Rau, quả, củ dùng làm rau",19.0,0.8,g,,,3.9,g,,,,,,,,,20.7,mg,,,,,,,,,95.0,g,,,,,,,,,,,,,,,,,,,,,,,,,,,,,,,,,,,,,,,,,,,,,,,,,,,,,,,0.3,g,,,4.5,mg,,,,,,,,,,,,,,,,,,,,,,,,,,,,,,,,,,,,,,,,,,,,,,,,,,,,,,,,,,,,,,,,,,,,,,,,,,,,
4065,"Quả me chua, tươi","Rau, quả, củ dùng làm rau",35.0,1.9,g,,,6.8,g,,,0.83,mcg,10.0,mcg,12.0,mg,130.0,mg,0.4,mg,,,,,,,90.3,g,,,,,,,,,,,,,,,,,,,,,,,,,,,,,,,,,,,,,,,,,,,,,,,,,,,,,,,1.0,g,,,46.0,mg,,,,,,,,,,,0.15,mg,0.05,mg,0.4,mg,,,,,,,,,,,,,,,,,,,2.0,g,,,,,,,,,,,,,,,,,,,,,,,,,,,,,,,,,,,,,,,,
4066,"Rau bí, tươi","Rau, quả, củ dùng làm rau",26.0,2.7,g,0.28,g,3.12,g,,,161.67,mcg,1940.0,mcg,11.0,mg,100.0,mg,2.1,mg,17.21,mg,390.06,mg,0.45,mg,93.2,g,41.0,mg,156.0,mg,156.0,mg,318.0,mg,200.0,mg,54.0,mg,32.0,mg,171.0,mg,156.0,mg,181.0,mg,217.0,mg,50.0,mg,,,,,,,,,,,,,0.21,g,0.15,g,0.01,g,0.05,g,0.03,g,0.02,g,0.01,g,0.01,g,,,0.7,g,18.02,mg,25.8,mg,0.09,mg,0.29,mg,0.9,mcg,,,,,0.09,mg,0.13,mg,0.9,mg,0.04,mg,0.21,mg,36.0,mcg,36.0,mcg,,,0.03,g,,,,,,,1.7,g,,,,,,,,,,,,,,,,,,,,,,,,,,,,,,,,,,,,,,,,
4066002,"Rau bí, luộc","Rau, quả, củ dùng làm rau",27.0,2.84,g,0.11,g,3.58,g,,,170.18,mcg,2042.11,mcg,6.37,mg,105.26,mg,2.21,mg,18.12,mg,410.59,mg,0.47,mg,92.74,g,0.04,mg,0.16,mg,0.16,mg,0.33,mg,0.21,mg,0.06,mg,0.03,mg,0.18,mg,0.16,mg,0.19,mg,0.23,mg,0.05,mg,,mg,,mg,,mg,,mg,,mg,,mg,0.22,g,0.15,g,0.01,g,0.05,g,,g,0.02,g,0.01,g,0.01,g,,g,0.74,g,18.97,mg,27.16,mg,0.09,mg,0.31,mg,0.95,mcg,,mcg,,mg,0.06,mg,0.11,mg,0.66,mg,0.04,mg,0.13,mg,22.74,mcg,,mcg,,mcg,,g,,,,mcg,,,1.79,g,,,0.03,g,,,,g,,g,,g,,g,,g,,g,0.03,g,,g,,g,,mcg,,mcg,,mg,,mcg,,mg,,,,,,g
4067,"Rau câu, khô","Rau, quả, củ dùng làm rau",281.0,11.2,g,1.1,g,56.6,g,,,,,,,,,378.0,mg,8.8,mg,102.0,mg,1125.0,mg,5.8,mg,20.0,g,,,,,,,,,,,,,,,,,,,,,,,,,,,,,,,,,,,,,0.06,g,0.06,g,0.0,g,0.03,g,0.01,g,0.1,g,0.0,g,0.0,g,2.97,g,11.1,g,770.0,mg,124.1,mg,0.61,mg,4.3,mg,7.4,mcg,,,5.0,mg,0.01,mg,0.22,mg,0.2,mg,3.02,mg,0.3,mg,580.0,mcg,580.0,mcg,24.4,mcg,0.01,g,,,,,,,20.8,g,,,,,,,,,,,,,,,,,,,,,,,,,,,,,,,,,,,,,,,,
4068,"Rau câu, tươi","Rau, quả, củ dùng làm rau",45.0,1.9,g,0.1,g,9.1,g,,,,,,,,,85.0,mg,0.9,mg,9.0,mg,226.0,mg,0.58,mg,86.2,g,,,,,,,,,,,,,,,,,,,,,,,,,,,,,,,,,,,,,0.01,g,0.01,g,,,0.0,g,0.0,g,0.01,g,,,,,0.28,g,2.7,g,67.0,mg,34.0,mg,0.06,mg,0.37,mg,0.7,mcg,,,0.87,mg,0.01,mg,0.03,mg,0.5,mg,0.3,mg,0.03,mg,85.0,mcg,85.0,mcg,2.3,mcg,0.0,g,0.0,g,,,,,5.0,g,,,,,,,,,,,,,,,,,,,,,,,,,,,,,,,,,,,,,,,,
4069,"Rau diếp, tươi","Rau, quả, củ dùng làm rau",15.0,1.2,g,0.11,g,2.39,g,,,370.25,mcg,4443.0,mcg,30.0,mg,38.0,mg,1.1,mg,14.0,mg,254.0,mg,0.4,mg,95.7,g,9.0,mg,59.0,mg,84.0,mg,79.0,mg,84.0,mg,16.0,mg,16.0,mg,55.0,mg,32.0,mg,70.0,mg,71.0,mg,22.0,mg,56.0,mg,142.0,mg,182.0,mg,57.0,mg,48.0,mg,39.0,mg,0.02,g,0.02,g,0.0,g,0.01,g,0.01,g,0.08,g,0.02,g,0.06,g,0.78,g,0.6,g,18.0,mg,37.0,mg,0.18,mg,0.8,mg,0.8,mcg,,,0.29,mg,0.3,mg,0.09,mg,0.22,mg,0.13,mg,0.09,mg,38.0,mcg,38.0,mcg,173.6,mcg,0.0,g,,,,,1730.0,mcg,0.5,g,,,,,,,,,,,,,,,,,,,,,,,,,,,,,,,,,,,,,,,,
4070,"Rau đay, tươi","Rau, quả, củ dùng làm rau",31.0,2.8,g,0.18,g,4.52,g,,,380.0,mcg,4560.0,mcg,77.0,mg,182.0,mg,7.7,mg,16.12,mg,417.0,mg,0.79,mg,91.4,g,30.0,mg,164.0,mg,221.0,mg,388.0,mg,219.0,mg,65.0,mg,40.0,mg,212.0,mg,147.0,mg,248.0,mg,248.0,mg,110.0,mg,256.0,mg,567.0,mg,493.0,mg,214.0,mg,246.0,mg,182.0,mg,0.04,g,0.03,g,0.01,g,0.02,g,0.01,g,0.12,g,0.12,g,0.0,g,,,1.1,g,78.61,mg,57.3,mg,0.26,mg,0.12,mg,0.9,mcg,,,,,0.13,mg,0.26,mg,1.1,mg,0.07,mg,0.6,mg,123.0,mcg,123.0,mcg,,,0.0,g,,,,,,,1.5,g,,,,,,,,,,,,,,,,,,,,,,,,,,,,,,,,,,,,,,,,
4071,"Rau giấp cá, diếp cá, tươi","Rau, quả, củ dùng làm rau",30.0,2.9,g,,,4.5,g,,,51.67,mcg,620.0,mcg,68.0,mg,,,,,72.0,mg,461.0,mg,,,91.5,g,,,,,,,,,,,,,,,,,,,,,,,,,,,,,,,,,,,,,,,,,,,,,,,,,,,,,,,1.1,g,81.0,mg,,,,,,,,,,,,,,,,,,,,,,,,,,,,,,,,,,,,,1.8,g,,,,,,,,,,,,,,,,,,,,,,,,,,,,,,,,,,,,,,,,
4072,"Rau giền cơm, tươi","Rau, quả, củ dùng làm rau",27.0,3.4,g,0.31,g,2.69,g,,,441.67,mcg,5300.0,mcg,63.0,mg,341.0,mg,4.1,mg,20.0,mg,611.0,mg,0.9,mg,92.0,g,31.0,mg,99.0,mg,119.0,mg,195.0,mg,127.0,mg,36.0,mg,29.0,mg,133.0,mg,80.0,mg,137.0,mg,121.0,mg,52.0,mg,139.0,mg,229.0,mg,292.0,mg,132.0,mg,121.0,mg,111.0,mg,0.09,g,0.07,g,0.01,g,0.08,g,0.08,g,0.15,g,0.15,g,0.0,g,,,1.6,g,55.0,mg,76.0,mg,0.16,mg,0.89,mg,0.9,mcg,,,,,0.36,mg,1.3,mg,1.3,mg,0.06,mg,0.19,mg,85.0,mcg,85.0,mcg,1140.0,mcg,,,,,,,,,1.6,g,,,,,,,,,,,,,,,,,,,,,,,,,,,,,,,,,,,,,,,,
4072002,"Rau giền cơm, luộc","Rau, quả, củ dùng làm rau",29.0,3.47,g,0.31,g,3.06,g,,,450.68,mcg,5408.16,mcg,35.36,mg,347.96,mg,4.18,mg,20.41,mg,623.47,mg,0.92,mg,91.53,g,0.03,mg,0.1,mg,0.12,mg,0.2,mg,0.13,mg,0.04,mg,0.03,mg,0.14,mg,0.08,mg,0.14,mg,0.12,mg,0.05,mg,0.14,mg,0.23,mg,0.3,mg,0.13,mg,0.12,mg,0.11,mg,0.09,g,0.07,g,0.01,g,0.08,g,,g,0.15,g,0.15,g,0.0,g,,g,1.63,g,56.12,mg,77.55,mg,0.17,mg,0.9,mg,0.92,mcg,,mcg,,mg,0.24,mg,1.06,mg,0.93,mg,0.07,mg,0.12,mg,52.04,mcg,,mcg,1163.27,mcg,,g,,,,mcg,,,1.63,g,,,0.08,g,,,,g,,g,,g,,g,,g,,g,,,,g,,g,,mcg,,mcg,,mg,,mcg,,mg,,,,,,g
4073,"Rau giền đỏ, tươi","Rau, quả, củ dùng làm rau",47.0,3.3,g,0.31,g,7.79,g,,,340.0,mcg,4080.0,mcg,89.0,mg,288.0,mg,5.4,mg,55.8,mg,475.5,mg,0.5,mg,86.2,g,,,,,,,,,,,,,,,,,,,,,,,,,,,,,,,,,,,,,,,,,,,,,,,,,,,,,,,2.4,g,164.0,mg,123.0,mg,0.2,mg,1.85,mg,,,,,,,0.08,mg,1.16,mg,1.4,mg,,,,,,,,,,,,,,,,,,,1.6,g,,,,,,,,,,,,,,,,,,,,,,,,,,,,,,,,,,,,,,,,
4073002,"Rau giền đỏ, luộc","Rau, quả, củ dùng làm rau",48.0,3.37,g,0.31,g,7.96,g,,,346.94,mcg,4163.27,mcg,49.95,mg,293.88,mg,5.51,mg,56.94,mg,485.2,mg,0.51,mg,85.92,g,,mg,,mg,,mg,,mg,,mg,,mg,,mg,,mg,,mg,,mg,,mg,,mg,,mg,,mg,,mg,,mg,,mg,,mg,,g,,g,,g,,g,,g,,g,,g,,g,,g,2.45,g,167.35,mg,125.51,mg,0.2,mg,1.89,mg,,mcg,,mcg,,mg,0.05,mg,0.95,mg,1.0,mg,,mg,,mg,,mcg,,mcg,,mcg,,g,,g,,mcg,,,1.63,g,,,,g,,mcg,,g,,g,,g,,g,,g,,g,,g,,g,,g,,mcg,,mcg,,mg,,mcg,,mg,,g,,g,,g
4074,"Rau giền trắng, tươi","Rau, quả, củ dùng làm rau",48.0,3.2,g,0.4,g,7.8,g,,,237.92,mcg,2855.0,mcg,27.0,mg,288.0,mg,6.1,mg,,,,,,,86.7,g,,,100.0,mg,100.0,mg,170.0,mg,110.0,mg,40.0,mg,,,120.0,mg,,,120.0,mg,100.0,mg,40.0,mg,,,,,,,,,,,,,,,,,,,,,,,,,,,,,,,1.9,g,,,80.0,mg,,,,,,,,,,,0.08,mg,0.28,mg,0.3,mg,,,,,,,,,,,,,,,,,,,1.5,g,,,,,,,,,,,,,,,,,,,,,,,,,,,,,,,,,,,,,,,,
4074002,"Rau giền trắng, luộc","Rau, quả, củ dùng làm rau",49.0,3.27,g,0.41,g,7.96,g,,,242.77,mcg,2913.27,mcg,15.15,mg,293.88,mg,6.22,mg,,mg,,mg,,mg,86.43,g,,mg,0.1,mg,0.1,mg,0.17,mg,0.11,mg,0.04,mg,,mg,0.12,mg,,mg,0.12,mg,0.1,mg,0.04,mg,,mg,,mg,,mg,,mg,,mg,,mg,,g,,g,,g,,g,,g,,g,,g,,g,,g,1.94,g,,mg,81.63,mg,,mg,,mg,,mcg,,mcg,,mg,0.05,mg,0.23,mg,0.21,mg,,mg,,mg,,mcg,,mcg,,mcg,,g,,g,,mcg,,,1.53,g,,,,g,,mcg,,g,,g,,g,,g,,g,,g,,g,,g,,g,,mcg,,mcg,,mg,,mcg,,mg,,g,,g,,g
4075,"Rau húng, tươi","Rau, quả, củ dùng làm rau",34.0,2.2,g,0.52,g,5.08,g,,,263.75,mcg,3142.0,mcg,27.0,mg,202.0,mg,4.8,mg,91.0,mg,148.0,mg,0.91,mg,91.4,g,39.0,mg,104.0,mg,104.0,mg,191.0,mg,110.0,mg,36.0,mg,28.0,mg,130.0,mg,77.0,mg,127.0,mg,117.0,mg,51.0,mg,132.0,mg,301.0,mg,277.0,mg,122.0,mg,104.0,mg,99.0,mg,0.04,g,0.04,g,0.01,g,0.09,g,0.09,g,0.39,g,0.07,g,0.32,g,0.3,g,0.8,g,73.13,mg,82.5,mg,0.22,mg,1.86,mg,0.3,mcg,,,,,0.08,mg,0.35,mg,0.8,mg,0.24,mg,0.13,mg,64.0,mcg,64.0,mcg,414.8,mcg,,,,,,,5650.0,mcg,3.5,g,,,,,,,,,,,,,,,,,,,,,,,,,,,,,,,,,,,,,,,,
4076,"Rau khoai lang, tươi","Rau, quả, củ dùng làm rau",28.0,2.6,g,0.21,g,3.99,g,,,152.5,mcg,1830.0,mcg,11.0,mg,48.0,mg,2.7,mg,19.01,mg,498.02,mg,0.29,mg,91.9,g,35.0,mg,,,,,,,228.0,mg,86.0,mg,47.0,mg,,,,,,,,,,,,,,,,,,,,,,,0.07,g,0.06,g,0.01,g,0.01,g,0.01,g,0.13,g,0.11,g,0.02,g,,,1.3,g,60.11,mg,54.0,mg,0.04,mg,0.26,mg,0.9,mcg,,,,,0.13,mg,0.26,mg,0.9,mg,0.23,mg,0.19,mg,80.0,mcg,80.0,mcg,,,,,,,,,,,1.4,g,,,,,,,,,,,,,,,,,,,,,,,,,,,,,,,,,,,,,,,,
4076002,"Rau khoai lang, luộc","Rau, quả, củ dùng làm rau",28.0,2.65,g,,,4.29,g,,,155.61,mcg,1867.35,mcg,6.17,mg,48.98,mg,2.76,mg,19.4,mg,508.18,mg,0.3,mg,91.73,g,0.04,mg,,mg,,mg,,mg,0.23,mg,0.09,mg,0.05,mg,,mg,,mg,,mg,,mg,,mg,,mg,,mg,,mg,,mg,,mg,,mg,0.07,g,0.06,g,0.01,g,0.01,g,,g,0.14,g,0.12,g,0.02,g,,g,1.33,g,61.34,mg,55.1,mg,0.04,mg,0.26,mg,0.92,mcg,,mcg,,mg,0.09,mg,0.21,mg,0.64,mg,0.23,mg,0.12,mg,48.98,mcg,,mcg,,mcg,,g,,,,mcg,,,1.43,g,,,0.01,g,,,,g,,g,,g,,g,,g,,g,,,,g,,g,,mcg,,mcg,,mg,,mcg,,mg,,,,,,g
4077,"Rau kinh giới, tươi","Rau, quả, củ dùng làm rau",36.0,2.7,g,,,6.4,g,,,363.33,mcg,4360.0,mcg,110.0,mg,246.0,mg,1.0,mg,2.0,mg,210.6,mg,0.52,mg,90.3,g,,,,,,,,,,,,,,,,,,,,,,,,,,,,,,,,,,,,,,,,,,,,,,,,,,,,,,,0.6,g,89.02,mg,15.0,mg,0.25,mg,,,,,,,,,,,,,,,,,,,,,,,,,,,,,,,,,3.6,g,,,,,,,,,,,,,,,,,,,,,,,,,,,,,,,,,,,,,,,,
4078,"Rau má rừng, tươi","Rau, quả, củ dùng làm rau",31.0,3.1,g,,,4.6,g,,,21.67,mcg,260.0,mcg,20.0,mg,172.0,mg,0.2,mg,,,,,,,91.1,g,,,,,,,,,,,,,,,,,,,,,,,,,,,,,,,,,,,,,,,,,,,,,,,,,,,,,,,1.2,g,,,24.0,mg,,,,,,,,,,,,,,,,,,,,,,,,,,,,,,,,,,,1.5,g,,,,,,,,,,,,,,,,,,,,,,,,,,,,,,,,,,,,,,,,
4079,"Rau má, má mơ, tươi","Rau, quả, củ dùng làm rau",38.0,3.2,g,,,6.3,g,,,108.33,mcg,1300.0,mcg,37.0,mg,229.0,mg,3.1,mg,,,,,,,88.2,g,,,,,,,,,,,,,,,,,,,,,,,,,,,,,,,,,,,,,,,,,,,,,,,,,,,,,,,2.3,g,,,2.4,mg,,,,,,,,,,,0.15,mg,0.14,mg,1.2,mg,,,,,,,,,,,,,,,,,,,4.5,g,,,,,,,,,,,,,,,,,,,,,,,,,,,,,,,,,,,,,,,,
4080,"Rau mồng tơi, tươi","Rau, quả, củ dùng làm rau",24.0,2.0,g,,,3.9,g,,,160.0,mcg,1920.0,mcg,72.0,mg,176.0,mg,1.6,mg,37.5,mg,390.8,mg,0.54,mg,93.2,g,,,,,,,,,,,,,,,,,,,,,,,,,,,,,,,,,,,,,,,,,,,,,,,,,,,,,,,0.9,g,94.23,mg,33.7,mg,0.02,mg,0.45,mg,,,,,,,0.06,mg,0.17,mg,0.6,mg,,,,,,,,,,,,,,,,,,,2.5,g,,,,,,,,,,,,,,,,,,,,,,,,,,,,,,,,,,,,,,,,
4080002,"Rau mồng tơi, luộc","Rau, quả, củ dùng làm rau",24.0,2.04,g,,,3.98,g,,,163.27,mcg,1959.18,mcg,40.41,mg,179.59,mg,1.63,mg,38.27,mg,398.78,mg,0.55,mg,93.06,g,,mg,,mg,,mg,,mg,,mg,,mg,,mg,,mg,,mg,,mg,,mg,,mg,,mg,,mg,,mg,,mg,,mg,,mg,,g,,g,,g,,g,,g,,g,,g,,g,,g,0.92,g,96.15,mg,34.39,mg,0.02,mg,0.46,mg,,mcg,,mcg,,mg,0.04,mg,0.14,mg,0.43,mg,,mg,,mg,,mcg,,mcg,,mcg,,g,,g,,mcg,,,2.55,g,,,,g,,mcg,,g,,g,,g,,g,,g,,g,,g,,g,,g,,mcg,,mcg,,mg,,mcg,,mg,,g,,g,,g
4081,"Rau mùi, tươi","Rau, quả, củ dùng làm rau",22.0,2.6,g,0.33,g,2.17,g,,,337.42,mcg,3930.0,mcg,140.0,mg,133.0,mg,4.5,mg,46.0,mg,521.0,mg,0.5,mg,93.3,g,,,,,,,,,,,,,,,,,,,,,,,,,,,,,,,,,,,,,0.01,g,0.01,g,0.0,g,0.28,g,0.27,g,0.04,g,0.04,g,,,0.87,g,1.6,g,26.0,mg,80.0,mg,0.23,mg,0.43,mg,0.9,mcg,,,2.5,mg,0.11,mg,0.15,mg,1.3,mg,0.57,mg,0.15,mg,62.0,mcg,62.0,mcg,310.0,mcg,0.0,g,,,,,865.0,mcg,1.8,g,,,,,,,,,,,,,,,,,,,,,,,,,,,,,,,,,,,,,,,,
4082,"Rau mùi tàu, tươi","Rau, quả, củ dùng làm rau",30.0,2.1,g,0.55,g,4.25,g,,,420.0,mcg,5040.0,mcg,177.0,mg,20.0,mg,2.9,mg,38.6,mg,236.7,mg,0.41,mg,92.0,g,45.0,mg,122.0,mg,118.0,mg,204.0,mg,181.0,mg,42.0,mg,14.0,mg,145.0,mg,82.0,mg,172.0,mg,122.0,mg,61.0,mg,195.0,mg,194.0,mg,249.0,mg,145.0,mg,213.0,mg,136.0,mg,0.13,g,0.08,g,0.04,g,0.3,g,0.29,g,0.12,g,0.12,g,0.01,g,0.85,g,1.1,g,34.77,mg,30.0,mg,0.21,mg,0.36,mg,0.1,mcg,,,0.75,mg,0.11,mg,0.28,mg,1.4,mg,0.4,mg,0.09,mg,152.0,mcg,152.0,mcg,1640.0,mcg,0.01,g,,,,,5561.0,mcg,1.6,g,,,,,,,,,,,,,,,,,,,,,,,,,,,,,,,,,,,,,,,,
4083,"Rau muống,  tươi","Rau, quả, củ dùng làm rau",28.0,3.2,g,0.24,g,3.26,g,,,141.75,mcg,1701.0,mcg,20.0,mg,100.0,mg,1.4,mg,37.4,mg,330.5,mg,0.35,mg,92.0,g,39.0,mg,122.0,mg,147.0,mg,223.0,mg,174.0,mg,53.0,mg,35.0,mg,129.0,mg,108.0,mg,161.0,mg,162.0,mg,64.0,mg,142.0,mg,240.0,mg,343.0,mg,134.0,mg,112.0,mg,104.0,mg,0.06,g,0.05,g,0.0,g,0.01,g,0.01,g,0.17,g,0.03,g,0.14,g,,,1.3,g,14.83,mg,37.0,mg,0.1,mg,0.6,mg,1.0,mcg,,,2.03,mg,0.1,mg,0.09,mg,0.7,mg,0.07,mg,0.2,mg,194.0,mcg,194.0,mcg,482.9,mcg,0.01,g,,,,,868.0,mcg,1.0,g,,,,,,,,,,,,,,,,,,,,,,,,,,,,,,,,,,,,,,,,
4083002,"Rau muống, luộc","Rau, quả, củ dùng làm rau",27.0,3.27,g,,,3.57,g,,,144.64,mcg,1735.71,mcg,11.22,mg,102.04,mg,1.43,mg,38.16,mg,337.24,mg,0.36,mg,91.84,g,0.04,mg,0.12,mg,0.15,mg,0.23,mg,0.18,mg,0.05,mg,0.04,mg,0.13,mg,0.11,mg,0.16,mg,0.17,mg,0.07,mg,0.14,mg,0.24,mg,0.35,mg,0.14,mg,0.11,mg,0.11,mg,0.06,g,0.05,g,0.0,g,0.01,g,,g,0.17,g,0.03,g,0.14,g,,g,1.33,g,15.13,mg,37.76,mg,0.1,mg,0.61,mg,1.02,mcg,,mcg,2.07,mg,0.07,mg,0.07,mg,0.5,mg,0.07,mg,0.12,mg,118.78,mcg,,mcg,492.76,mcg,,g,,,885.71,mcg,,,1.02,g,,,0.01,g,,,,g,,g,,g,,g,,g,,g,0.01,g,,g,,g,,mcg,,mcg,,mg,,mcg,,mg,,,,,,g
4084,"Rau muống, khô","Rau, quả, củ dùng làm rau",293.0,34.2,g,1.8,g,35.0,g,,,1083.0,mcg,12996.0,mcg,10.0,mg,880.0,mg,15.2,mg,,,,,,,14.0,g,,,,,,,,,,,,,,,,,,,,,,,,,,,,,,,,,,,,,,,,,,,,,,,,,,,,,,,15.0,g,,,300.0,mg,,,,,,,,,,,,,,,,,,,,,,,,,,,,,,,,,,,12.0,g,,,,,,,,,,,,,,,,,,,,,,,,,,,,,,,,,,,,,,,,
4085,"Rau ngổ, tươi","Rau, quả, củ dùng làm rau",24.0,1.5,g,,,4.4,g,,,193.75,mcg,2325.0,mcg,78.0,mg,84.0,mg,2.2,mg,5.1,mg,222.4,mg,1.48,mg,93.3,g,,,,,,,,,,,,,,,,,,,,,,,,,,,,,,,,,,,,,,,,,,,,,,,,,,,,,,,0.8,g,,,18.0,mg,0.48,mg,1.49,mg,,,,,,,0.11,mg,0.15,mg,1.3,mg,,,,,,,,,,,,,,,,,,,2.1,g,,,,,,,,,,,,,,,,,,,,,,,,,,,,,,,,,,,,,,,,
4086,"Rau ngót, tươi","Rau, quả, củ dùng làm rau",45.0,5.3,g,,,5.9,g,,,591.38,mcg,6810.0,mcg,53.0,mg,169.0,mg,2.7,mg,24.5,mg,457.3,mg,0.94,mg,86.4,g,,,,,,,,,,,,,,,,,,,,,,,,,,,,,,,,,,,,,,,,,,,,,,,,,,,,,,,2.4,g,122.82,mg,64.5,mg,0.19,mg,2.4,mg,,,,,,,0.07,mg,0.39,mg,2.2,mg,,,,,,,,,,,,,,,,,5419.0,mcg,2.5,g,,,,,,,,,,,,,,,,,,,,,,,,,,,,,,,,,,,,,,,,
4087,"Rau ngót, khô","Rau, quả, củ dùng làm rau",299.0,32.2,g,2.6,g,36.8,g,,,130.0,mcg,1560.0,mcg,,,,,,,,,,,,,14.0,g,,,,,,,,,,,,,,,,,,,,,,,,,,,,,,,,,,,,,,,,,,,,,,,,,,,,,,,14.4,g,,,,,,,,,,,,,,,,,,,,,,,,,,,,,,,,,,,,,,,15.0,g,,,,,,,,,,,,,,,,,,,,,,,,,,,,,,,,,,,,,,,,
4088,"Rau răm, tươi","Rau, quả, củ dùng làm rau",45.0,4.7,g,,,6.6,g,,,,,,,57.0,mg,316.0,mg,2.2,mg,5.0,mg,216.0,mg,1.05,mg,86.7,g,,,,,,,,,,,,,,,,,,,,,,,,,,,,,,,,,,,,,,,,,,,,,,,,,,,,,,,2.0,g,27.7,mg,55.0,mg,0.39,mg,3.63,mg,,,,,,,,,,,,,,,,,,,,,,,,,,,,,,,3.8,g,,,,,,,,,,,,,,,,,,,,,,,,,,,,,,,,,,,,,,,,
4089,"Rau rút, tươi","Rau, quả, củ dùng làm rau",35.0,5.1,g,,,3.7,g,,,,,,,,,180.0,mg,,,,,,,,,90.4,g,,,,,,,,,,,,,,,,,,,,,,,,,,,,,,,,,,,,,,,,,,,,,,,,,,,,,,,0.8,g,,,59.0,mg,,,,,,,,,,,,,,,,,,,,,,,,,,,,,,,,,,,1.9,g,,,,,,,,,,,,,,,,,,,,,,,,,,,,,,,,,,,,,,,,
4090,"Rau sà lách, tươi","Rau, quả, củ dùng làm rau",18.0,1.5,g,0.27,g,2.43,g,,,87.5,mcg,1050.0,mcg,15.0,mg,77.0,mg,0.9,mg,58.5,mg,332.8,mg,0.4,mg,95.0,g,18.0,mg,94.0,mg,88.0,mg,145.0,mg,88.0,mg,41.0,mg,2.0,mg,117.0,mg,20.0,mg,124.0,mg,103.0,mg,37.0,mg,61.0,mg,120.0,mg,210.0,mg,43.0,mg,41.0,mg,41.0,mg,0.06,g,0.05,g,0.01,g,0.01,g,0.01,g,0.2,g,0.08,g,0.11,g,,,0.8,g,18.0,mg,34.0,mg,0.22,mg,0.75,mg,0.8,mcg,,,,,0.14,mg,0.12,mg,0.7,mg,,,,,,,,,,,0.0,g,,,,,,,0.5,g,,,,,,,,,,,,,,,,,,,,,,,,,,,,,,,,,,,,,,,,
4091,"Rau sam, tươi","Rau, quả, củ dùng làm rau",20.0,1.4,g,,,3.7,g,,,13.33,mcg,160.0,mcg,26.0,mg,85.0,mg,1.5,mg,,,,,,,93.6,g,,,,,,,,,,,,,,,,,,,,,,,,,,,,,,,,,,,,,,,,,,,,,,,,,,,,,,,1.3,g,,,56.0,mg,,,,,,,,,,,0.03,mg,0.11,mg,0.7,mg,,,,,,,,,,,,,,,,,,,0.7,g,,,,,,,,,,,,,,,,,,,,,,,,,,,,,,,,,,,,,,,,
4092,"Rau sắng chùa hương, tươi","Rau, quả, củ dùng làm rau",62.0,6.5,g,,,8.9,g,,,,,,,114.0,mg,110.0,mg,,,,,,,,,82.4,g,,,,,,,,,,,,,,,,,,,,,,,,,,,,,,,,,,,,,,,,,,,,,,,,,,,,,,,2.2,g,,,80.0,mg,,,,,,,,,,,,,,,,,,,,,,,,,,,,,,,,,,,3.4,g,,,,,,,,,,,,,,,,,,,,,,,,,,,,,,,,,,,,,,,,
4093,"Rau tàu bay, tươi","Rau, quả, củ dùng làm rau",24.0,2.5,g,,,3.5,g,,,141.67,mcg,1700.0,mcg,10.0,mg,81.0,mg,,,,,,,,,93.1,g,,,,,,,,,,,,,,,,,,,,,,,,,,,,,,,,,,,,,,,,,,,,,,,,,,,,,,,0.9,g,,,25.0,mg,,,,,,,,,,,,,,,,,,,,,,,,,,,,,,,,,,,1.6,g,,,,,,,,,,,,,,,,,,,,,,,,,,,,,,,,,,,,,,,,
4094,"Rau thơm, tươi","Rau, quả, củ dùng làm rau",30.0,2.0,g,,,5.4,g,,,296.67,mcg,3560.0,mcg,41.0,mg,170.0,mg,3.8,mg,6.3,mg,216.7,mg,0.56,mg,91.7,g,,,,,,,,,,,,,,,,,,,,,,,,,,,,,,,,,,,,,,,,,,,,,,,,,,,,,,,0.9,g,,,49.0,mg,0.74,mg,0.88,mg,,,,,,,0.14,mg,0.15,mg,1.0,mg,,,,,,,,,,,,,,,,,,,3.0,g,,,,,,,,,,,,,,,,,,,,,,,,,,,,,,,,,,,,,,,,
4095,"Quả sấu xanh, tươi","Rau, quả, củ dùng làm rau",19.0,1.8,g,,,3.0,g,,,,,,,,,134.5,mg,,,,,,,,,94.7,g,,,,,,,,,,,,,,,,,,,,,,,,,,,,,,,,,,,,,,,,,,,,,,,,,,,,,,,0.5,g,,,5.7,mg,,,,,,,,,,,,,,,,,,,,,,,,,,,,,,,,,,,,,,,,,,,,,,,,,,,,,,,,,,,,,,,,,,,,,,,,,,,,
4096,"Củ su hào, tươi","Rau, quả, củ dùng làm rau",44.0,2.8,g,0.07,g,7.93,g,,,1.83,mcg,22.0,mcg,33.0,mg,46.0,mg,0.6,mg,52.8,mg,320.5,mg,0.45,mg,88.0,g,27.0,mg,64.0,mg,120.0,mg,90.0,mg,74.0,mg,18.0,mg,9.0,mg,46.0,mg,32.0,mg,55.0,mg,134.0,mg,18.0,mg,103.0,mg,126.0,mg,205.0,mg,57.0,mg,77.0,mg,85.0,mg,0.01,g,0.01,g,0.0,g,0.01,g,0.01,g,0.05,g,0.02,g,0.03,g,2.6,g,1.2,g,19.0,mg,50.0,mg,0.31,mg,0.62,mg,0.7,mcg,,,0.48,mg,0.06,mg,0.05,mg,0.2,mg,0.17,mg,0.15,mg,16.0,mcg,16.0,mcg,0.1,mcg,,,,,,,,,1.7,g,,,,,,,,,,,,,,,,,,,,,,,,,,,,,,,,,,,,,,,,
4096002,"Su hào, luộc","Rau, quả, củ dùng làm rau",48.0,3.11,g,,,8.89,g,,,2.04,mcg,24.44,mcg,20.17,mg,51.11,mg,0.67,mg,58.67,mg,356.11,mg,0.5,mg,86.67,g,0.03,mg,0.07,mg,0.13,mg,0.1,mg,0.08,mg,0.02,mg,0.01,mg,0.05,mg,0.04,mg,0.06,mg,0.15,mg,0.02,mg,0.11,mg,0.14,mg,0.23,mg,0.06,mg,0.09,mg,0.09,mg,0.01,g,0.01,g,0.0,g,0.01,g,,g,0.05,g,0.02,g,0.03,g,2.89,g,1.33,g,21.11,mg,55.56,mg,0.34,mg,0.69,mg,0.78,mcg,,mcg,0.53,mg,0.04,mg,0.04,mg,0.16,mg,0.18,mg,0.1,mg,10.67,mcg,,mcg,0.11,mcg,,g,,,,mcg,,,1.89,g,,,0.01,g,,,,g,,g,,g,,g,,g,,g,,,,g,,g,,mcg,,mcg,,mg,,mcg,,mg,,,,,,g
4097,"Củ su hào, khô","Rau, quả, củ dùng làm rau",311.0,20.0,g,1.4,g,54.6,g,,,,,,,3.0,mg,,,,,,,,,,,15.0,g,,,,,,,,,,,,,,,,,,,,,,,,,,,,,,,,,,,,,,,,,,,,,,,,,,,,,,,9.0,g,,,,,,,,,,,,,,,,,,,,,,,,,,,,,,,,,,,,,,,12.5,g,,,,,,,,,,,,,,,,,,,,,,,,,,,,,,,,,,,,,,,,
4098,"Quả su su, tươi","Rau, quả, củ dùng làm rau",23.0,0.8,g,0.1,g,4.6,g,,,,,,,4.0,mg,17.0,mg,0.4,mg,2.0,mg,125.0,mg,0.74,mg,94.0,g,11.0,mg,40.0,mg,44.0,mg,77.0,mg,39.0,mg,1.0,mg,,,47.0,mg,32.0,mg,63.0,mg,35.0,mg,15.0,mg,51.0,mg,92.0,mg,125.0,mg,41.0,mg,44.0,mg,47.0,mg,0.03,g,0.02,g,0.0,g,0.01,g,0.01,g,0.06,g,0.02,g,0.04,g,1.85,g,0.5,g,12.0,mg,14.0,mg,0.12,mg,0.19,mg,0.2,mcg,,,0.12,mg,0.01,mg,0.02,mg,0.4,mg,0.25,mg,0.08,mg,93.0,mcg,93.0,mcg,4.6,mcg,,,,,,,,,1.0,g,,,,,,,,,,,,,,,,,,,,,,,,,,,,,,,,,,,,,,,,
4098002,"Su su, luộc","Rau, quả, củ dùng làm rau",24.0,0.88,g,,,5.16,g,,,,,,,2.42,mg,18.68,mg,0.44,mg,2.2,mg,137.36,mg,0.81,mg,93.41,g,0.01,mg,0.04,mg,0.05,mg,0.08,mg,0.04,mg,0.0,mg,,mg,0.05,mg,0.04,mg,0.07,mg,0.04,mg,0.02,mg,0.06,mg,0.1,mg,0.14,mg,0.05,mg,0.05,mg,0.05,mg,0.03,g,0.03,g,0.0,g,0.01,g,,g,0.06,g,0.02,g,0.04,g,2.03,g,0.55,g,13.19,mg,15.38,mg,0.14,mg,0.21,mg,0.22,mcg,,mcg,0.13,mg,0.01,mg,0.02,mg,0.31,mg,0.27,mg,0.05,mg,61.32,mcg,,mcg,5.05,mcg,,g,,,,mcg,,,1.1,g,,,0.01,g,,,,g,,g,,g,,g,,g,,g,,,,g,,g,,mcg,,mcg,,mg,,mcg,,mg,,,,,,g
4099,"Súp lơ trắng, tươi","Rau, quả, củ dùng làm rau",34.0,2.5,g,0.15,g,5.65,g,,,0.67,mcg,8.0,mcg,34.0,mg,26.0,mg,1.4,mg,20.0,mg,349.0,mg,0.2,mg,90.9,g,35.0,mg,100.0,mg,104.0,mg,161.0,mg,134.0,mg,46.0,mg,36.0,mg,81.0,mg,35.0,mg,138.0,mg,108.0,mg,46.0,mg,192.0,mg,200.0,mg,184.0,mg,165.0,mg,124.0,mg,109.0,mg,0.03,g,0.03,g,0.0,g,0.01,g,0.01,g,0.1,g,0.02,g,0.08,g,2.4,g,0.8,g,22.0,mg,51.0,mg,0.14,mg,0.2,mg,0.6,mcg,,,0.08,mg,0.11,mg,0.1,mg,0.6,mg,0.65,mg,0.22,mg,57.0,mcg,57.0,mcg,16.0,mcg,,,,,,,33.0,mcg,0.9,g,,,,,,,,,,,,,,,,,,,,,,,,,,,,,,,,,,,,,,,,
4099002,"Súp lơ trắng, luộc","Rau, quả, củ dùng làm rau",29.0,2.17,g,,,5.04,g,,,0.58,mcg,6.96,mcg,16.26,mg,22.61,mg,1.22,mg,17.39,mg,303.48,mg,0.17,mg,92.09,g,0.03,mg,0.09,mg,0.09,mg,0.14,mg,0.12,mg,0.04,mg,0.03,mg,0.07,mg,0.03,mg,0.12,mg,0.09,mg,0.04,mg,0.17,mg,0.17,mg,0.16,mg,0.14,mg,0.11,mg,0.09,mg,0.03,g,0.02,g,0.0,g,0.01,g,,g,0.09,g,0.02,g,0.07,g,2.09,g,0.7,g,19.13,mg,44.35,mg,0.12,mg,0.17,mg,0.52,mcg,,mcg,0.07,mg,0.06,mg,0.07,mg,0.37,mg,0.57,mg,0.12,mg,29.74,mcg,,mcg,13.91,mcg,,g,,,28.7,mcg,,,0.78,g,,,0.01,g,,,,g,,g,,g,,g,,g,,g,,,,g,,g,,mcg,,mcg,,mg,,mcg,,mg,,,,,,g
4100,"Súp lơ xanh, tươi","Rau, quả, củ dùng làm rau",39.0,2.95,g,0.3,g,6.08,g,,,7.75,mcg,93.0,mcg,88.1,mg,33.0,mg,0.73,mg,23.0,mg,300.0,mg,0.64,mg,89.79,g,39.0,mg,107.0,mg,112.0,mg,172.0,mg,158.0,mg,42.0,mg,34.0,mg,105.0,mg,64.0,mg,148.0,mg,142.0,mg,59.0,mg,156.0,mg,345.0,mg,393.0,mg,95.0,mg,127.0,mg,154.0,mg,0.05,g,0.04,g,0.0,g,0.03,g,0.02,g,0.13,g,0.03,g,0.1,g,3.03,g,0.88,g,20.0,mg,62.0,mg,0.04,mg,0.25,mg,0.6,mcg,,,0.04,mg,0.08,mg,0.1,mg,0.73,mg,0.7,mg,0.22,mg,57.0,mcg,57.0,mcg,20.2,mcg,0.0,g,,,,,42.0,mcg,3.2,g,,,,,,,,,,,,,,,,,,,,,,,,,,,,,,,,,,,,,,,,
4100002,"Súp lơ xanh, luộc","Rau, quả, củ dùng làm rau",34.0,2.57,g,0.26,g,5.29,g,,,6.74,mcg,80.87,mcg,42.13,mg,28.7,mg,0.63,mg,20.0,mg,260.87,mg,0.56,mg,91.12,g,0.03,mg,0.09,mg,0.1,mg,0.15,mg,0.14,mg,0.04,mg,0.03,mg,0.09,mg,0.06,mg,0.13,mg,0.12,mg,0.05,mg,0.14,mg,0.3,mg,0.34,mg,0.08,mg,0.11,mg,0.13,mg,0.04,g,0.03,g,0.0,g,0.02,g,,g,0.12,g,0.03,g,0.09,g,2.63,g,0.77,g,17.39,mg,53.91,mg,0.04,mg,0.21,mg,0.52,mcg,,mcg,0.03,mg,0.05,mg,0.07,mg,0.45,mg,0.61,mg,0.12,mg,29.74,mcg,,mcg,17.57,mcg,,g,,,36.52,mcg,,,2.78,g,,,0.02,g,,,,g,,g,,g,,g,,g,,g,0.0,g,,g,,g,,mcg,,mcg,,mg,,mcg,,mg,,,,,,g
4101,"Thìa là, tươi","Rau, quả, củ dùng làm rau",47.0,2.6,g,0.96,g,6.94,g,,,237.5,mcg,2850.0,mcg,63.0,mg,200.0,mg,1.2,mg,48.0,mg,360.6,mg,0.5,mg,88.4,g,14.0,mg,68.0,mg,195.0,mg,159.0,mg,246.0,mg,11.0,mg,17.0,mg,65.0,mg,96.0,mg,154.0,mg,142.0,mg,71.0,mg,227.0,mg,343.0,mg,290.0,mg,169.0,mg,248.0,mg,158.0,mg,0.06,g,0.05,g,0.01,g,0.8,g,0.8,g,0.1,g,0.08,g,0.01,g,,,1.1,g,55.0,mg,12.2,mg,0.22,mg,0.55,mg,,,,,,,0.05,mg,0.12,mg,0.7,mg,0.4,mg,0.19,mg,150.0,mcg,150.0,mcg,,,0.0,g,,,,,,,5.0,g,,,,,,,,,,,,,,,,,,,,,,,,,,,,,,,,,,,,,,,,
4102,"Tía tô, tươi","Rau, quả, củ dùng làm rau",40.0,2.9,g,,,7.0,g,,,460.0,mcg,5520.0,mcg,13.0,mg,190.0,mg,3.2,mg,2.8,mg,284.1,mg,0.86,mg,89.1,g,,,,,,,,,,,,,,,,,,,,,,,,,,,,,,,,,,,,,,,,,,,,,,,,,,,,,,,1.0,g,111.88,mg,18.3,mg,0.46,mg,0.73,mg,,,,,,,,,,,,,,,,,,,,,,,,,,,,,,,3.6,g,,,,,,,,,,,,,,,,,,,,,,,,,,,,,,,,,,,,,,,,
4103,"Tỏi ta, tươi","Rau, quả, củ dùng làm rau",126.0,6.0,g,0.35,g,24.65,g,,,,,,,10.0,mg,24.0,mg,1.5,mg,18.0,mg,373.0,mg,0.9,mg,67.7,g,66.0,mg,157.0,mg,217.0,mg,308.0,mg,273.0,mg,76.0,mg,65.0,mg,183.0,mg,81.0,mg,291.0,mg,634.0,mg,113.0,mg,132.0,mg,489.0,mg,805.0,mg,200.0,mg,100.0,mg,190.0,mg,0.09,g,0.09,g,,,0.01,g,0.01,g,0.25,g,0.23,g,0.02,g,1.0,g,1.3,g,8.0,mg,181.0,mg,0.3,mg,1.3,mg,77.1,mcg,,,0.01,mg,0.24,mg,0.03,mg,0.9,mg,0.6,mg,1.24,mg,3.0,mcg,3.0,mcg,1.4,mcg,,,,,,,26.0,mcg,1.5,g,,,,,,,,,,,,,,,,,,,,,,,,,,,,,,,,,,,,,,,,
4104,"Tỏi tây, cả lá, tươi","Rau, quả, củ dùng làm rau",35.0,1.4,g,,,7.4,g,,,0.83,mcg,10.0,mcg,20.0,mg,80.0,mg,2.0,mg,,,,,,,90.0,g,23.0,mg,82.0,mg,74.0,mg,140.0,mg,100.0,mg,35.0,mg,,,97.0,mg,,,98.0,mg,99.0,mg,38.0,mg,,,,,,,,,,,,,,,,,,,,,,,,,,,,,,,1.2,g,,,58.0,mg,,,,,,,,,,,0.06,mg,0.04,mg,0.5,mg,,,,,,,,,,,,,,,,,,,1.5,g,,,,,,,,,,,,,,,,,,,,,,,,,,,,,,,,,,,,,,,,
4105,"Trám đen, quả chín, tươi","Rau, quả, củ dùng làm rau",134.0,2.5,g,10.0,g,8.5,g,,,,,,,14.0,mg,140.0,mg,,,,,,,,,77.0,g,,,,,,,,,,,,,,,,,,,,,,,,,,,,,,,,,,,,,,,,,,,,,,,,,,,,,,,2.0,g,,,30.0,mg,,,,,,,,,,,,,,,,,,,,,,,,,,,,,,,,,,,4.9,g,,,,,,,,,,,,,,,,,,,,,,,,,,,,,,,,,,,,,,,,
4106,"Trám xanh, trám trắng, tươi","Rau, quả, củ dùng làm rau",56.0,1.2,g,1.6,g,9.3,g,,,27.5,mcg,330.0,mcg,20.0,mg,136.0,mg,,,,,,,,,86.7,g,,,,,,,,,,,,,,,,,,,,,,,,,,,,,,,,,,,,,,,,,,,,,,,,,,,,,,,1.2,g,,,9.0,mg,,,,,,,,,,,0.02,mg,0.11,mg,0.4,mg,,,,,,,,,,,,,,,,,,,4.9,g,,,,,,,,,,,,,,,,,,,,,,,,,,,,,,,,,,,,,,,,
4107,"Lá xương sông, tươi","Rau, quả, củ dùng làm rau",28.0,2.2,g,,,4.7,g,,,,,,,4.0,mg,112.0,mg,4.0,mg,11.95,mg,423.98,mg,,,91.7,g,,,,,,,,,,,,,,,,,,,,,,,,,,,,,,,,,,,,,,,,,,,,,,,,,,,,,,,1.4,g,49.56,mg,17.0,mg,,,,,,,,,,,,,,,,,,,,,,,,,,,,,,,,,,,3.2,g,,,,,,,,,,,,,,,,,,,,,,,,,,,,,,,,,,,,,,,,
4108,"Rau cải ngọt, tươi","Rau, quả, củ dùng làm rau",17.0,1.4,g,0.1,g,2.62,g,,,100.5,mcg,1206.0,mcg,78.4,mg,127.6,mg,0.77,mg,,,,,0.57,mg,95.2,g,,,81.96,mg,33.52,mg,71.29,mg,59.89,mg,0.41,mg,14.75,mg,44.75,mg,30.24,mg,47.22,mg,60.37,mg,110.7,mg,39.81,mg,97.42,mg,58.12,mg,8.25,mg,,,93.29,mg,,,,,,,,,,,,,,,,,,,0.68,g,,,176.6,mg,,,,,,,,,,,0.05,mg,0.02,mg,,,,,,,,,,,,,,,,,,,,,,,,,,,,,,,,,,,,,,,,,,,,,,,,,,,,,,,,,,,,,,
4108002,"Cải ngọt, luộc","Rau, quả, củ dùng làm rau",19.0,1.57,g,0.11,g,2.94,g,,,112.92,mcg,1355.06,mcg,48.45,mg,143.37,mg,0.87,mg,,mg,,mg,0.64,mg,94.61,g,,mg,0.09,mg,0.04,mg,0.08,mg,0.07,mg,0.0,mg,0.02,mg,0.05,mg,0.03,mg,0.05,mg,0.07,mg,0.12,mg,0.04,mg,0.11,mg,0.07,mg,0.01,mg,,mg,0.1,mg,,g,,g,,g,,g,,g,,g,,g,,g,,g,0.76,g,,mg,198.43,mg,,mg,,mg,,mcg,,mcg,,mg,0.04,mg,0.01,mg,,mg,,mg,,mg,,mcg,,mcg,,mcg,,g,,g,,mcg,,mcg,,g,,mg,,g,,mcg,,g,,g,,g,,g,,g,,g,,g,,g,,g,,mcg,,mcg,,mg,,mcg,,mg,,g,,g,,g
4109,"Rau cải thảo, tươi","Rau, quả, củ dùng làm rau",14.0,0.9,g,,,2.57,g,,,20.25,mcg,243.0,mcg,21.5,mg,64.1,mg,0.94,mg,,,,,0.91,mg,95.8,g,,,78.77,mg,25.12,mg,46.14,mg,46.47,mg,0.2,mg,11.67,mg,27.76,mg,20.64,mg,35.9,mg,53.76,mg,84.21,mg,25.1,mg,84.44,mg,51.38,mg,6.6,mg,,,112.92,mg,,,,,,,,,,,,,,,,,,,0.73,g,,,183.3,mg,,,,,,,,,,,0.05,mg,0.01,mg,,,,,,,,,,,,,,,,,,,,,,,,,,,,,,,,,,,,,,,,,,,,,,,,,,,,,,,,,,,,,,
4109002,"Cải thảo, luộc","Rau, quả, củ dùng làm rau",15.0,0.98,g,,,2.79,g,,,22.01,mcg,264.13,mcg,12.85,mg,69.67,mg,1.02,mg,,mg,,mg,0.99,mg,95.43,g,,mg,0.09,mg,0.03,mg,0.05,mg,0.05,mg,0.0,mg,0.01,mg,0.03,mg,0.02,mg,0.04,mg,0.06,mg,0.09,mg,0.03,mg,0.09,mg,0.06,mg,0.01,mg,,mg,0.12,mg,,g,,g,,g,,g,,g,,g,,g,,g,,g,0.79,g,,mg,199.24,mg,,mg,,mg,,mcg,,mcg,,mg,0.04,mg,0.01,mg,,mg,,mg,,mg,,mcg,,mcg,,mcg,,g,,g,,mcg,,mcg,,g,,mg,,g,,mcg,,g,,g,,g,,g,,g,,g,,g,,g,,g,,mcg,,mcg,,mg,,mcg,,mg,,g,,g,,g
4110,"Ngọn su su, tươi","Rau, quả, củ dùng làm rau",24.0,3.3,g,0.1,g,2.5,g,,,0.33,mcg,4.0,mcg,14.3,mg,93.4,mg,1.95,mg,,,,,0.91,mg,93.0,g,,,182.87,mg,131.25,mg,192.41,mg,180.87,mg,45.28,mg,136.78,mg,149.38,mg,82.76,mg,141.13,mg,139.64,mg,286.02,mg,236.69,mg,275.33,mg,173.4,mg,35.66,mg,,,195.72,mg,,,,,,,,,,,,,,,,,,,1.1,g,,,388.1,mg,,,,,,,,,,,0.05,mg,0.12,mg,,,,,,,,,,,,,,,,,,,,,,,,,,,,,,,,,,,,,,,,,,,,,,,,,,,,,,,,,,,,,,
4110002,"Ngọn su su, luộc","Rau, quả, củ dùng làm rau",14.0,3.37,g,0.1,g,,,,,0.34,mcg,4.08,mcg,8.03,mg,95.31,mg,1.99,mg,,mg,,mg,0.93,mg,95.41,g,,mg,0.19,mg,0.13,mg,0.2,mg,0.18,mg,0.05,mg,0.14,mg,0.15,mg,0.08,mg,0.14,mg,0.14,mg,0.29,mg,0.24,mg,0.28,mg,0.18,mg,0.04,mg,,mg,0.2,mg,,g,,g,,g,,g,,g,,g,,g,,g,,g,1.12,g,,mg,396.02,mg,,mg,,mg,,mcg,,mcg,,mg,0.03,mg,0.09,mg,,mg,,mg,,mg,,mcg,,mcg,,mcg,,g,,g,,mcg,,mcg,,g,,mg,,g,,mcg,,g,,g,,g,,g,,g,,g,,g,,g,,g,,mcg,,mcg,,mg,,mcg,,mg,,g,,g,,g
4111,"Quả đậu ván, tươi","Rau, quả, củ dùng làm rau",39.0,2.8,g,,,7.0,g,,,100.0,mcg,1200.0,mcg,23.3,mg,72.8,mg,1.15,mg,,,,,0.76,mg,89.6,g,,,122.72,mg,60.72,mg,81.15,mg,99.23,mg,17.01,mg,110.44,mg,56.43,mg,42.99,mg,76.41,mg,99.89,mg,417.17,mg,165.7,mg,265.18,mg,187.27,mg,17.66,mg,,,111.07,mg,,,,,,,,,,,,,,,,,,,0.6,g,,,336.1,mg,,,,,,,,,,,0.08,mg,0.03,mg,,,,,,,,,,,,,,,,,,,,,,,,,,,,,,,,,,,,,,,,,,,,,,,,,,,,,,,,,,,,,,
4112,"Cà chua, muối","Rau, quả, củ dùng làm rau",10.0,0.6,g,,,1.8,g,,,,,,,,,,,,,,,,,,,94.0,g,,,,,,,,,,,,,,,,,,,,,,,,,,,,,,,,,,,,,,,,,,,,,,,,,,,,,,,3.6,g,,,,,,,,,,,,,,,,,,,,,,,,,,,,,,,,,,,,,,,0.8,g,,,,,,,,,,,,,,,,,,,,,,,,,,,,,,,,,,,,,,,,
4113,"Cà pháo, muối nén","Rau, quả, củ dùng làm rau",20.0,1.3,g,,,3.7,g,,,3.33,mcg,40.0,mcg,,,15.0,mg,0.8,mg,,,,,,,81.0,g,,,,,,,,,,,,,,,,,,,,,,,,,,,,,,,,,,,,,,,,,,,,,,,,,,,,,,,14.0,g,,,18.0,mg,,,,,,,,,,,0.05,mg,0.06,mg,0.7,mg,,,,,,,,,,,,,,,,,,,1.7,g,,,,,,,,,,,,,,,,,,,,,,,,,,,,,,,,,,,,,,,,
4114,"Cà pháo, muối sổi ","Rau, quả, củ dùng làm rau",23.0,1.5,g,,,4.2,g,,,,,,,,,,,,,,,,,,,84.3,g,,,,,,,,,,,,,,,,,,,,,,,,,,,,,,,,,,,,,,,,,,,,,,,,,,,,,,,10.0,g,,,,,,,,,,,,,,,,,,,,,,,,,,,,,,,,,,,,,,,1.7,g,,,,,,,,,,,,,,,,,,,,,,,,,,,,,,,,,,,,,,,,
4115,Dưa cải bắp,"Rau, quả, củ dùng làm rau",24.0,1.2,g,,,4.9,g,,,1.67,mcg,20.0,mcg,20.0,mg,51.0,mg,0.3,mg,,,,,,,90.9,g,,,,,,,,,,,,,,,,,,,,,,,,,,,,,,,,,,,,,,,,,,,,,,,,,,,,,,,3.0,g,,,34.0,mg,,,,,,,,,,,0.01,mg,0.06,mg,0.3,mg,,,,,,,,,,,,,,,,,,,1.6,g,,,,,,,,,,,,,,,,,,,,,,,,,,,,,,,,,,,,,,,,
4116,Dưa cải bẹ,"Rau, quả, củ dùng làm rau",25.0,1.8,g,,,4.5,g,,,62.08,mcg,745.0,mcg,3.0,mg,100.0,mg,3.0,mg,,,,,,,90.1,g,,,,,,,,,,,,,,,,,,,,,,,,,,,,,,,,,,,,,,,,,,,,,,,,,,,,,,,3.6,g,,,21.0,mg,,,,,,,,,,,0.03,mg,0.12,mg,0.5,mg,,,,,,,,,,,,,,,,,,,2.1,g,,,,,,,,,,,,,,,,,,,,,,,,,,,,,,,,,,,,,,,,
4117,Dưa cải sen,"Rau, quả, củ dùng làm rau",17.0,1.1,g,,,3.1,g,,,,,,,,,63.0,mg,,,,,,,,,93.8,g,,,,,,,,,,,,,,,,,,,,,,,,,,,,,,,,,,,,,,,,,,,,,,,,,,,,,,,2.0,g,,,41.0,mg,,,,,,,,,,,,,,,,,,,,,,,,,,,,,,,,,,,1.8,g,,,,,,,,,,,,,,,,,,,,,,,,,,,,,,,,,,,,,,,,
4118,"Dưa chuột, muối","Rau, quả, củ dùng làm rau",17.0,0.8,g,0.14,g,3.06,g,,,8.33,mcg,100.0,mcg,4.0,mg,25.0,mg,1.2,mg,1208.0,mg,23.0,mg,0.02,mg,92.1,g,4.0,mg,18.0,mg,18.0,mg,26.0,mg,23.0,mg,5.0,mg,6.0,mg,15.0,mg,18.0,mg,24.0,mg,39.0,mg,9.0,mg,23.0,mg,46.0,mg,123.0,mg,25.0,mg,15.0,mg,24.0,mg,0.05,g,0.04,g,0.01,g,0.0,g,0.0,g,0.08,g,0.04,g,0.05,g,,,3.9,g,4.0,mg,20.0,mg,0.09,mg,0.01,mg,,,,,0.06,mg,0.01,mg,0.02,mg,0.2,mg,0.04,mg,0.01,mg,1.0,mcg,1.0,mcg,13.0,mcg,,,,,,,,,0.7,g,,,,,,,,,,,,,,,,,,,,,,,,,,,,,,,,,,,,,,,,
4119,Dưa giá đậu xanh,"Rau, quả, củ dùng làm rau",47.0,5.0,g,,,6.8,g,,,,,,,,,22.0,mg,1.1,mg,,,,,,,86.2,g,,,,,,,,,,,,,,,,,,,,,,,,,,,,,,,,,,,,,,,,,,,,,,,,,,,,,,,2.0,g,,,33.0,mg,,,,,,,,,,,,,,,,,,,,,,,,,,,,,,,,,,,2.0,g,,,,,,,,,,,,,,,,,,,,,,,,,,,,,,,,,,,,,,,,
4120,"Hành củ, muối","Rau, quả, củ dùng làm rau",24.0,1.4,g,,,4.7,g,,,1.5,mcg,18.0,mcg,,,12.0,mg,1.3,mg,,,,,,,88.5,g,,,,,,,,,,,,,,,,,,,,,,,,,,,,,,,,,,,,,,,,,,,,,,,,,,,,,,,5.4,g,,,5.0,mg,,,,,,,,,,,0.02,mg,0.03,mg,0.1,mg,,,,,,,,,,,,,,,,,,,0.7,g,,,,,,,,,,,,,,,,,,,,,,,,,,,,,,,,,,,,,,,,
4121,"Kiệu, muối","Rau, quả, củ dùng làm rau",29.0,1.3,g,,,5.9,g,,,,,,,12.4,mg,50.0,mg,1.2,mg,812.0,mg,120.0,mg,,,89.5,g,,,,,,,,,,,,,,,,,,,,,,,,,,,,,,,,,,,,,,,,,,,,,,,,,,,,,,,3.3,g,102.0,mg,35.0,mg,,,,,,,,,,,0.05,mg,0.1,mg,,,,,,,,,,,,,,,,,,,,,1.2,g,,,,,,,,,,,,,,,,,,,,,,,,,,,,,,,,,,,,,,,,
4122,"Nhút (dưa muối từ mít non, lá đậu xanh non...)","Rau, quả, củ dùng làm rau",25.0,2.5,g,,,3.8,g,,,,,,,,,204.0,mg,9.0,mg,,,,,,,84.9,g,,,,,,,,,,,,,,,,,,,,,,,,,,,,,,,,,,,,,,,,,,,,,,,,,,,,,,,8.8,g,,,33.0,mg,,,,,,,,,,,,,,,,,,,,,,,,,,,,,,,,,,,2.3,g,,,,,,,,,,,,,,,,,,,,,,,,,,,,,,,,,,,,,,,,
4123,"Men bia, khô","Rau, quả, củ dùng làm rau",367.0,52.5,g,3.2,g,32.0,g,,,,,,,,,44.0,mg,16.1,mg,,,,,,,7.5,g,,,,,,,,,,,,,,,,,,,,,,,,,,,,,,,,,,,,,,,,,,,,,,,,,,,,,,,4.8,g,,,1291.0,mg,,,,,,,,,,,2.33,mg,5.44,mg,36.7,mg,,,,,,,,,,,,,,,,,,,6.6,g,,,,,,,,,,,,,,,,,,,,,,,,,,,,,,,,,,,,,,,,
4124,"Men bia, tươi","Rau, quả, củ dùng làm rau",103.0,16.2,g,1.3,g,6.5,g,,,,,,,,,30.0,mg,5.0,mg,,,,,,,74.6,g,226.0,mg,678.0,mg,678.0,mg,1017.0,mg,949.0,mg,203.0,mg,158.0,mg,633.0,mg,678.0,mg,881.0,mg,588.0,mg,362.0,mg,994.0,mg,1424.0,mg,1876.0,mg,655.0,mg,633.0,mg,746.0,mg,,,,,,,,,,,,,,,,,,,1.4,g,,,272.0,mg,,,,,,,,,,,0.77,mg,1.06,mg,8.27,mg,,,,,,,,,,,,,,,,,,,2.0,g,,,,,,,,,,,,,,,,,,,,,,,,,,,,,,,,,,,,,,,,
4125,"Mộc nhĩ, khô","Rau, quả, củ dùng làm rau",332.0,10.6,g,0.2,g,72.0,g,,,1.67,mcg,20.0,mcg,1.4,mg,357.0,mg,56.1,mg,70.0,mg,708.0,mg,7.52,mg,11.4,g,,,,,,,,,,,,,,,,,,,,,,,,,,,,,,,,,,,,,,,,,,,,,,,,,,,,,,,5.8,g,146.0,mg,201.0,mg,5.07,mg,1.15,mg,133.1,mcg,,,,,0.15,mg,0.55,mg,2.7,mg,21.48,mg,0.95,mg,160.0,mcg,160.0,mcg,,,,,,,,,,,7.0,g,,,,,,,,,,,,,,,,,,,,,,,,,,,,,,,,,,,,,,,,
4126,"Nấm hương, khô","Rau, quả, củ dùng làm rau",342.0,36.0,g,4.0,g,40.5,g,,,,,,,,,184.0,mg,35.0,mg,,,,,,,13.0,g,,,,,,,,,,,,,,,,,,,,,,,,,,,,,,,,,,,,,,,,,,,,,,,,,,,,,,,6.5,g,,,606.0,mg,,,,,,,,,,,0.16,mg,1.59,mg,23.4,mg,,,,,,,,,,,,,,,,,,,17.0,g,,,,,,,,,,,,,,,,,,,,,,,,,,,,,,,,,,,,,,,,
4127,"Nấm hương, tươi","Rau, quả, củ dùng làm rau",51.0,5.5,g,0.5,g,6.1,g,,,,,,,,,27.0,mg,5.2,mg,,,,,,,87.0,g,,,,,,,,,,,,,,,,,,,,,,,,,,,,,,,,,,,,,,,,,,,,,,,,,,,,,,,0.9,g,,,89.0,mg,,,,,,,,,,,,,,,,,,,,,,,,,,,,,,,,,,,3.0,g,,,,,,,,,,,,,,,,,,,,,,,,,,,,,,,,,,,,,,,,
4128,"Nấm mỡ (Nấm tây), tươi","Rau, quả, củ dùng làm rau",37.0,4.0,g,0.3,g,4.5,g,,,0.83,mcg,10.0,mcg,4.0,mg,28.0,mg,1.3,mg,12.0,mg,322.0,mg,0.3,mg,90.4,g,25.0,mg,90.0,mg,95.0,mg,206.0,mg,259.0,mg,62.0,mg,105.0,mg,92.0,mg,90.0,mg,71.0,mg,112.0,mg,121.0,mg,121.0,mg,228.0,mg,342.0,mg,91.0,mg,115.0,mg,100.0,mg,,,,,,,,,,,,,,,,,,,0.8,g,14.0,mg,80.0,mg,1.79,mg,0.1,mg,13.0,mcg,,,,,0.11,mg,0.16,mg,3.3,mg,,,,,,,,,,,,,,,,,,,1.1,g,,,,,,,,,,,,,,,,,,,,,,,,,,,,,,,,,,,,,,,,
4129,"Nấm rơm, tươi","Rau, quả, củ dùng làm rau",61.0,3.6,g,3.2,g,4.5,g,,,,,,,2.0,mg,28.0,mg,1.2,mg,,,,,,,87.9,g,,,,,,,,,,,,,,,,,,,,,,,,,,,,,,,,,,,,,,,,,,,,,,,,,,,,,,,0.8,g,,,80.0,mg,,,,,,,,,,,0.12,mg,0.33,mg,9.1,mg,,,,,,,,,,,,,,,,,,,1.1,g,,,,,,,,,,,,,,,,,,,,,,,,,,,,,,,,,,,,,,,,
4130,"Nấm thường, tươi","Rau, quả, củ dùng làm rau",48.0,4.6,g,0.8,g,5.7,g,,,0.83,mcg,10.0,mcg,6.0,mg,2.3,mg,0.7,mg,5.0,mg,318.0,mg,0.52,mg,88.0,g,35.0,mg,107.0,mg,76.0,mg,120.0,mg,107.0,mg,31.0,mg,12.0,mg,85.0,mg,44.0,mg,232.0,mg,78.0,mg,57.0,mg,199.0,mg,195.0,mg,343.0,mg,92.0,mg,76.0,mg,94.0,mg,0.05,g,0.04,g,0.01,g,,,,,0.16,g,0.16,g,,,1.65,g,0.9,g,9.0,mg,59.0,mg,0.32,mg,0.05,mg,9.3,mcg,1.9,mcg,0.01,mg,0.25,mg,0.3,mg,5.2,mg,1.5,mg,0.1,mg,16.0,mcg,16.0,mcg,,,,,,,,,,,3.5,g,,,,,,,,,,,,,,,,,,,,,,,,,,,,,,,,,,,,,,,,
4132,Hành khô,"Rau, quả, củ dùng làm rau",326.0,15.6,g,,,66.0,g,,,,,,,,,384.0,mg,13.2,mg,204.0,mg,2544.0,mg,6.24,mg,10.0,g,,,,,,,,,,,,,,,,,,,,,,,,,,,,,,,,,,,,,,,,,,,,,,,,,,,,,,,,,,,,,,,,,,,,,,,,,,,,,,,,,,,,,,,,,,,,,,,8.4,g,,,,,,,,,,,,,,,,,,,,,,,,,,,,,,,,,,,,,,,,
4133,Nấm kim châm,"Rau, quả, củ dùng làm rau",44.0,2.66,g,0.29,g,7.81,g,,,,,,,,,,,1.15,mg,3.0,mg,359.0,mg,0.65,mg,88.34,g,0.04,mg,0.11,mg,0.09,mg,0.13,mg,0.13,mg,0.03,mg,0.02,mg,0.15,mg,0.14,mg,0.23,mg,0.11,mg,0.07,mg,0.19,mg,0.19,mg,0.38,mg,0.11,mg,0.06,mg,0.09,mg,0.03,g,0.03,g,,,,,,,0.12,g,,,,,0.22,g,0.91,g,16.0,mg,105.0,mg,0.11,mg,0.08,mg,2.2,mcg,,,,,0.23,mg,0.2,mg,7.03,mg,1.35,mg,0.1,mg,48.0,mcg,48.0,mcg,,,,,,,,,,,2.7,g,,,,,,,,,,,,,,,,,,,,,0.08,g,0.04,g,,,,,,,48.0,mcg,47.7,mg,,,,,,
4134,Cải ngồng,"Rau, quả, củ dùng làm rau",17.0,1.5,g,0.2,g,2.18,g,,,223.0,mcg,2681.0,mcg,45.0,mg,105.0,mg,0.8,mg,65.0,mg,252.0,mg,0.19,mg,95.32,g,0.02,mg,0.05,mg,0.09,mg,0.09,mg,0.09,mg,0.01,mg,0.02,mg,0.04,mg,0.03,mg,0.07,mg,0.08,mg,0.03,mg,0.09,mg,0.11,mg,0.36,mg,0.04,mg,0.03,mg,0.05,mg,0.03,g,0.02,g,0.0,g,0.02,g,,,0.1,g,,,,,1.18,g,0.8,g,19.0,mg,37.0,mg,0.02,mg,0.16,mg,0.5,mcg,,,,,0.04,mg,0.07,mg,0.5,mg,0.09,mg,0.19,mg,66.0,mcg,66.0,mcg,,,,,,,,,,,1.0,g,,,,,,,,,,,,,,,0.0,g,0.0,g,,,0.04,g,0.06,g,,,,,0.09,mg,66.0,mcg,6.4,mg,,,,,,
4134002,"Cải ngồng, luộc","Rau, quả, củ dùng làm rau",18.0,1.6,g,0.21,g,2.32,g,,,237.23,mcg,2852.13,mcg,26.33,mg,111.7,mg,0.85,mg,69.15,mg,268.09,mg,0.2,mg,95.02,g,0.02,mg,0.05,mg,0.09,mg,0.09,mg,0.09,mg,0.01,mg,0.02,mg,0.05,mg,0.03,mg,0.07,mg,0.09,mg,0.03,mg,0.09,mg,0.11,mg,0.38,mg,0.05,mg,0.03,mg,0.05,mg,0.03,g,0.03,g,0.0,g,0.02,g,,g,0.1,g,,g,,g,1.26,g,0.85,g,20.21,mg,39.36,mg,0.02,mg,0.17,mg,0.53,mcg,,mcg,,mg,0.03,mg,0.06,mg,0.37,mg,0.09,mg,0.12,mg,42.13,mcg,42.13,mcg,,mcg,,g,,g,,mcg,,mcg,1.06,g,,mg,0.02,g,,,,g,,g,,g,,g,0.0,g,0.0,g,,g,0.04,g,0.06,g,,mcg,,mcg,0.1,mg,42.13,mcg,6.81,mg,,g,,g,,g
4135,Rau cải chíp,"Rau, quả, củ dùng làm rau",17.0,1.5,g,0.2,g,2.18,g,,,223.0,mcg,2681.0,mcg,45.0,mg,105.0,mg,0.8,mg,65.0,mg,252.0,mg,0.19,mg,95.32,g,0.02,mg,0.05,mg,0.09,mg,0.09,mg,0.09,mg,0.01,mg,0.02,mg,0.04,mg,0.03,mg,0.07,mg,0.08,mg,0.03,mg,0.09,mg,0.11,mg,0.36,mg,0.04,mg,0.03,mg,0.05,mg,0.03,g,0.02,g,0.0,g,0.02,g,,,0.1,g,,,,,1.18,g,0.8,g,19.0,mg,37.0,mg,0.02,mg,0.16,mg,0.5,mcg,,,,,0.04,mg,0.07,mg,0.5,mg,0.09,mg,0.19,mg,66.0,mcg,66.0,mcg,,,,,,,,,,,1.0,g,,,0.02,g,,,,,,,,,,,0.0,g,0.0,g,,,0.04,g,0.06,g,,,,,0.09,mg,66.0,mcg,6.4,mg,,,,,,
4135002,Rau cải chíp luộc,"Rau, quả, củ dùng làm rau",17.0,1.5,g,0.2,g,2.18,g,,,223.0,mcg,2681.0,mcg,24.75,mg,105.0,mg,0.8,mg,65.0,mg,252.0,mg,0.19,mg,95.32,g,0.02,mg,0.05,mg,0.09,mg,0.09,mg,0.09,mg,0.01,mg,0.02,mg,0.04,mg,0.03,mg,0.07,mg,0.08,mg,0.03,mg,0.09,mg,0.11,mg,0.36,mg,0.04,mg,0.03,mg,0.05,mg,0.03,g,0.02,g,0.0,g,0.02,g,,g,0.1,g,,g,,g,1.18,g,0.8,g,19.0,mg,37.0,mg,0.02,mg,0.16,mg,0.5,mcg,,mcg,,mg,0.03,mg,0.06,mg,0.35,mg,0.09,mg,0.12,mg,39.6,mcg,39.6,mcg,,mcg,,g,,g,,mcg,,mcg,1.0,g,,mg,0.02,g,,,,g,,g,,g,,g,0.0,g,0.0,g,,g,0.04,g,0.06,g,,mcg,,mcg,0.09,mg,39.6,mcg,6.4,mg,,g,,g,,g
4139,Rong biển,"Rau, quả, củ dùng làm rau",700.0,20.0,g,60.0,g,20.0,g,,,,,,,,,,,,,1600.0,mg,,,,,,,,,,,,,,,,,,,,,,,,,,,,,,,,,,,,,,,,,,,,,,,,,,,,,,,,,,,20.0,g,,,,,,,,,,,,,,,,,,,,,,,,,,,,,,,,,,,,,,,,,,,,,,,,,,,,,,,,,,,,,,,,,,,,,,,,,,,,,,,,,,
5001,"Bưởi, tươi",Quả chín,33.0,0.2,g,,,8.0,g,,,0.42,mcg,,,95.0,mg,23.0,mg,0.5,mg,2.6,mg,158.7,mg,0.16,mg,91.4,g,,,,,,,,,,,,,,,,,,,,,,,,,,,,,,,,,,,,,,,,,,,,,,,,,,,,,,,0.4,g,6.0,mg,18.0,mg,0.12,mg,0.02,mg,,,,,,,0.04,mg,0.02,mg,0.3,mg,,,0.04,mg,,,,,,,,,,,,,,,0.7,g,,,,,,,,,,,,,,,,,,,,,,,,,,,,,,,,,,,,,,,,
5002,"Cam, tươi",Quả chín,43.0,0.9,g,0.06,g,9.74,g,,,7.75,mcg,29.0,mcg,40.0,mg,34.0,mg,0.4,mg,3.5,mg,108.1,mg,0.22,mg,88.8,g,6.0,mg,12.0,mg,23.0,mg,22.0,mg,43.0,mg,12.0,mg,10.0,mg,30.0,mg,17.0,mg,31.0,mg,52.0,mg,12.0,mg,51.0,mg,114.0,mg,99.0,mg,83.0,mg,46.0,mg,23.0,mg,0.02,g,0.01,g,,,0.02,g,0.02,g,0.03,g,0.02,g,0.01,g,9.35,g,0.5,g,10.0,mg,23.0,mg,0.14,mg,0.52,mg,0.4,mcg,,,0.18,mg,0.08,mg,0.03,mg,0.2,mg,0.25,mg,0.06,mg,30.0,mcg,30.0,mcg,,,0.0,g,,,,,129.0,mcg,1.4,g,,,,,,,,,,,,,,,,,,,,,,,,,,,,,,,,,,,,,,,,
5003,"Chanh, tươi",Quả chín,29.0,0.9,g,0.14,g,5.96,g,,,,,,,77.0,mg,40.0,mg,0.6,mg,3.0,mg,145.0,mg,0.1,mg,92.5,g,5.0,mg,11.0,mg,22.0,mg,19.0,mg,28.0,mg,11.0,mg,10.0,mg,27.0,mg,15.0,mg,28.0,mg,47.0,mg,11.0,mg,46.0,mg,106.0,mg,88.0,mg,74.0,mg,41.0,mg,22.0,mg,0.04,g,0.04,g,0.0,g,0.01,g,0.01,g,0.09,g,0.06,g,0.03,g,,,0.5,g,12.0,mg,22.0,mg,0.26,mg,,,,,,,,,0.04,mg,0.01,mg,0.1,mg,0.23,mg,0.11,mg,,,,,,,0.0,g,,,,,,,1.3,g,,,,,,,,,,,,,,,,,,,,,,,,,,,,,,,,,,,,,,,,
5004,"Chôm chôm, tươi",Quả chín,77.0,1.5,g,,,17.7,g,,,,,,,,,27.8,mg,0.5,mg,94.0,mg,69.0,mg,,,80.3,g,,,,,,,,,,,,,,,,,,,,,,,,,,,,,,,,,,,,,,,,,,,,,,,,,,,,,,,0.5,g,25.0,mg,15.0,mg,,,,,,,,,,,,,,,,,,,,,,,,,,,,,,,,,,,1.3,g,,,,,,,,,,,,,,,,,,,,,,,,,,,,,,,,,,,,,,,,
5005,"Chuối, khô",Quả chín,301.0,5.0,g,,,70.3,g,,,,,,,,,,,,,,,,,,,22.0,g,,,,,,,,,,,,,,,,,,,,,,,,,,,,,,,,,,,,,,,,,,,,,,,,,,,,,,,2.7,g,,,,,,,,,,,,,,,,,,,,,,,,,,,,,,,,,,,,,,,2.3,g,,,,,,,,,,,,,,,,,,,,,,,,,,,,,,,,,,,,,,,,
5006,"Chuối tây, tươi",Quả chín,66.0,0.9,g,0.3,g,15.0,g,,,3.21,mcg,26.0,mcg,6.0,mg,12.0,mg,0.5,mg,17.1,mg,285.5,mg,0.32,mg,83.2,g,14.0,mg,30.0,mg,21.0,mg,55.0,mg,44.0,mg,7.0,mg,8.0,mg,27.0,mg,14.0,mg,32.0,mg,40.0,mg,80.0,mg,42.0,mg,152.0,mg,190.0,mg,38.0,mg,36.0,mg,38.0,mg,0.11,g,0.1,g,0.01,g,0.03,g,0.02,g,0.07,g,0.01,g,0.02,g,12.23,g,0.6,g,27.0,mg,25.0,mg,0.15,mg,0.31,mg,1.0,mcg,,,0.1,mg,0.04,mg,0.07,mg,0.6,mg,0.33,mg,0.37,mg,20.0,mcg,20.0,mcg,0.5,mcg,0.01,g,,,,,22.0,mcg,,g,,,,,,,,,,,,,,,,,,,,,,,,,,,,,,,,,,,,,,,,
5007,"Chuối tiêu, tươi",Quả chín,100.0,1.5,g,0.2,g,23.0,g,,,3.75,mcg,45.0,mcg,6.0,mg,8.0,mg,0.6,mg,19.3,mg,329.4,mg,0.37,mg,74.4,g,,,,,,,,,,,,,,,,,,,,,,,,,,,,,,,,,,,,,,,,,,,,,,,,,,,,,,,0.9,g,41.0,mg,28.0,mg,0.14,mg,0.12,mg,0.9,mcg,,,,,0.04,mg,0.05,mg,0.7,mg,,,,,,,,,,,,,,,,,,,0.8,g,,,,,,,,,,,,,,,,,,,,,,,,,,,,,,,,,,,,,,,,
5008,"Dâu gia, tươi ",Quả chín,27.0,0.6,g,,,6.2,g,,,,,,,2.0,mg,20.0,mg,0.5,mg,,,,,,,92.8,g,,,,,,,,,,,,,,,,,,,,,,,,,,,,,,,,,,,,,,,,,,,,,,,,,,,,,,,0.4,g,,,12.0,mg,,,,,,,,,,,,,,,,,,,,,,,,,,,,,,,,,,,,,,,,,,,,,,,,,,,,,,,,,,,,,,,,,,,,,,,,,,,,
5009,"Dâu tây, tươi",Quả chín,59.0,1.8,g,0.4,g,12.1,g,,,2.5,mcg,30.0,mcg,60.0,mg,22.0,mg,0.7,mg,37.0,mg,292.0,mg,,,84.9,g,9.0,mg,25.0,mg,18.0,mg,42.0,mg,33.0,mg,1.0,mg,7.0,mg,23.0,mg,27.0,mg,23.0,mg,35.0,mg,16.0,mg,42.0,mg,182.0,mg,120.0,mg,33.0,mg,26.0,mg,31.0,mg,,,,,,,,,,,,,,,,,,,0.8,g,17.0,mg,23.0,mg,,,,,,,,,,,0.03,mg,0.06,mg,0.3,mg,,,,,,,,,,,,,,,,,,,4.0,g,,,,,,,,,,,,,,,,,,,,,,,,,,,,,,,,,,,,,,,,
5010,"Dưa bở, tươi",Quả chín,21.0,0.5,g,0.2,g,4.3,g,,,16.58,mcg,150.0,mcg,9.0,mg,36.0,mg,0.3,mg,,,201.0,mg,0.17,mg,94.5,g,2.0,mg,17.0,mg,21.0,mg,29.0,mg,30.0,mg,12.0,mg,2.0,mg,23.0,mg,14.0,mg,33.0,mg,29.0,mg,15.0,mg,95.0,mg,136.0,mg,209.0,mg,26.0,mg,19.0,mg,42.0,mg,0.03,g,0.02,g,0.0,g,0.09,g,0.09,g,0.11,g,0.11,g,0.0,g,7.89,g,0.5,g,9.0,mg,36.0,mg,0.09,mg,0.05,mg,,,,,0.77,mg,0.04,mg,0.02,mg,0.4,mg,0.19,mg,0.03,mg,5.0,mcg,5.0,mcg,2.2,mcg,0.0,g,,,,,130.0,mcg,0.7,g,,,,,,,,,,,,,,,,,,,,,,,,,,,,,,,,,,,,,,,,
5011,"Dưa hấu, tươi",Quả chín,18.0,1.2,g,0.2,g,2.8,g,,,36.83,mcg,403.0,mcg,7.0,mg,8.0,mg,1.0,mg,4.5,mg,187.2,mg,0.11,mg,95.5,g,7.0,mg,28.0,mg,20.0,mg,18.0,mg,64.0,mg,6.0,mg,2.0,mg,16.0,mg,12.0,mg,16.0,mg,60.0,mg,6.0,mg,17.0,mg,40.0,mg,65.0,mg,10.0,mg,25.0,mg,16.0,mg,0.02,g,0.01,g,0.01,g,0.04,g,0.04,g,0.05,g,0.05,g,,,6.2,g,0.3,g,15.0,mg,13.0,mg,0.08,mg,0.03,mg,0.4,mcg,,,0.05,mg,0.04,mg,0.04,mg,0.2,mg,0.22,mg,0.05,mg,3.0,mcg,3.0,mcg,0.1,mcg,,,,,2001.0,mcg,28.0,mcg,0.5,g,,,,,,,,,,,,,,,,,,,,,,,,,,,,,,,,,,,,,,,,
5012,"Dưa hồng, tươi",Quả chín,19.0,0.3,g,0.1,g,4.1,g,,,2.5,mcg,30.0,mcg,7.0,mg,27.0,mg,0.4,mg,18.0,mg,228.0,mg,0.09,mg,95.0,g,5.0,mg,13.0,mg,13.0,mg,16.0,mg,18.0,mg,5.0,mg,5.0,mg,15.0,mg,10.0,mg,18.0,mg,14.0,mg,5.0,mg,44.0,mg,88.0,mg,153.0,mg,16.0,mg,12.0,mg,23.0,mg,0.04,g,0.03,g,0.0,g,0.0,g,0.0,g,0.06,g,0.03,g,0.03,g,8.12,g,0.5,g,10.0,mg,12.0,mg,0.02,mg,0.03,mg,0.7,mcg,,,0.02,mg,0.02,mg,0.02,mg,0.5,mg,0.16,mg,0.09,mg,19.0,mcg,19.0,mcg,2.9,mcg,,,,,,,27.0,mcg,0.4,g,,,,,,,,,,,,,,,,,,,,,,,,,,,,,,,,,,,,,,,,
5013,"Dưa lê, tươi",Quả chín,20.0,0.4,g,,,4.7,g,,,,,,,,,11.0,mg,0.6,mg,,,,,,,93.3,g,,,,,,,,,,,,,,,,,,,,,,,,,,,,,,,,,,,,,,,,,,,,,,,,,,,,,,,1.6,g,,,21.0,mg,,,,,,,,,,,,,,,,,,,,,,,,,,,,,,,,,,,0.5,g,,,,,,,,,,,,,,,,,,,,,,,,,,,,,,,,,,,,,,,,
5014,"Dứa ta, tươi",Quả chín,32.0,0.8,g,,,7.3,g,,,3.33,mcg,40.0,mcg,24.0,mg,15.0,mg,0.5,mg,24.2,mg,156.9,mg,0.25,mg,91.5,g,,,,,,,,,,,,,,,,,,,,,,,,,,,,,,,,,,,,,,,,,,,,,,,,,,,,,,,0.4,g,22.0,mg,17.0,mg,0.32,mg,0.12,mg,0.5,mcg,,,,,0.08,mg,0.02,mg,0.2,mg,,,,,,,,,,,,,,,,,,,0.8,g,,,,,,,,,,,,,,,,,,,,,,,,,,,,,,,,,,,,,,,,
5015,"Dứa tây, tươi",Quả chín,40.0,0.5,g,0.07,g,9.23,g,,,2.83,mcg,34.0,mcg,26.0,mg,32.0,mg,0.3,mg,1.0,mg,115.0,mg,0.1,mg,89.7,g,5.0,mg,19.0,mg,19.0,mg,24.0,mg,24.0,mg,12.0,mg,14.0,mg,21.0,mg,19.0,mg,24.0,mg,19.0,mg,10.0,mg,33.0,mg,121.0,mg,79.0,mg,24.0,mg,17.0,mg,35.0,mg,0.01,g,0.01,g,0.0,g,0.01,g,0.01,g,0.04,g,0.02,g,0.02,g,9.26,g,0.5,g,12.0,mg,11.0,mg,0.1,mg,1.18,mg,0.1,mcg,,,0.02,mg,0.08,mg,0.03,mg,0.2,mg,0.21,mg,0.11,mg,15.0,mcg,15.0,mcg,0.7,mcg,0.0,g,,,,,,,0.4,g,,,,,,,,,,,,,,,,,,,,,,,,,,,,,,,,,,,,,,,,
5016,"Đào, tươi",Quả chín,37.0,0.9,g,0.2,g,7.8,g,,,16.29,mcg,162.0,mcg,10.0,mg,20.0,mg,0.45,mg,,,190.0,mg,0.17,mg,90.5,g,6.0,mg,44.0,mg,21.0,mg,46.0,mg,48.0,mg,50.0,mg,14.0,mg,29.0,mg,33.0,mg,64.0,mg,27.0,mg,27.0,mg,64.0,mg,148.0,mg,229.0,mg,25.0,mg,44.0,mg,54.0,mg,0.02,g,0.02,g,0.0,g,0.07,g,0.07,g,0.09,g,0.08,g,0.0,g,8.39,g,0.6,g,9.0,mg,34.0,mg,0.07,mg,0.06,mg,0.1,mcg,,,0.73,mg,0.02,mg,0.05,mg,0.9,mg,0.15,mg,0.03,mg,4.0,mcg,4.0,mcg,2.6,mcg,0.0,g,,,,,91.0,mcg,1.5,g,,,,,,,,,,,,,,,,,,,,,,,,,,,,,,,,,,,,,,,,
5017,"Đu đủ chín, tươi",Quả chín,38.0,1.0,g,0.11,g,8.19,g,,,55.79,mcg,265.0,mcg,54.0,mg,40.0,mg,2.6,mg,4.3,mg,220.5,mg,0.1,mg,90.1,g,8.0,mg,11.0,mg,8.0,mg,16.0,mg,25.0,mg,2.0,mg,,,9.0,mg,5.0,mg,10.0,mg,10.0,mg,5.0,mg,14.0,mg,49.0,mg,33.0,mg,18.0,mg,10.0,mg,15.0,mg,0.04,g,0.03,g,0.0,g,0.04,g,0.02,g,0.03,g,0.01,g,0.03,g,5.9,g,0.6,g,8.0,mg,32.0,mg,0.04,mg,0.84,mg,0.6,mcg,,,0.73,mg,0.02,mg,0.02,mg,0.4,mg,0.22,mg,0.02,mg,38.0,mcg,38.0,mcg,2.6,mcg,0.02,g,,,9.5,mcg,4.0,mcg,0.6,g,,,,,,,,,,,,,,,,,,,,,,,,,,,,,,,,,,,,,,,,
5018,"Gioi, tươi",Quả chín,27.0,0.4,g,,,6.4,g,,,,,,,30.0,mg,12.0,mg,0.5,mg,,,123.0,mg,0.06,mg,93.0,g,,,,,,,,,,,,,,,,,,,,,,,,,,,,,,,,,,,,,,,,,,,,,,,,,,,,,,,0.2,g,5.0,mg,6.0,mg,0.02,mg,0.03,mg,,,,,,,0.03,mg,0.02,mg,0.2,mg,,,,,,,,,,,,,,,,,,,2.9,g,,,,,,,,,,,,,,,,,,,,,,,,,,,,,,,,,,,,,,,,
5019,"Hồng bì, tươi",Quả chín,44.0,1.4,g,,,9.6,g,,,,,,,24.0,mg,48.0,mg,0.4,mg,,,,,,,88.2,g,,,,,,,,,,,,,,,,,,,,,,,,,,,,,,,,,,,,,,,,,,,,,,,,,,,,,,,0.8,g,,,9.0,mg,,,,,,,,,,,0.02,mg,0.11,mg,3.3,mg,,,,,,,,,,,,,,,,,,,2.4,g,,,,,,,,,,,,,,,,,,,,,,,,,,,,,,,,,,,,,,,,
5020,"Hồng đỏ, tươi",Quả chín,38.0,0.7,g,0.1,g,8.6,g,,,81.38,mcg,253.0,mcg,16.0,mg,10.0,mg,0.2,mg,4.3,mg,214.2,mg,0.19,mg,90.0,g,11.0,mg,38.0,mg,28.0,mg,40.0,mg,32.0,mg,6.0,mg,14.0,mg,29.0,mg,15.0,mg,29.0,mg,36.0,mg,13.0,mg,22.0,mg,52.0,mg,110.0,mg,21.0,mg,19.0,mg,22.0,mg,0.02,g,0.02,g,0.0,g,0.04,g,0.04,g,0.04,g,0.04,g,0.0,g,12.53,g,0.6,g,9.0,mg,19.0,mg,0.1,mg,1.12,mg,0.6,mcg,,,0.73,mg,0.01,mg,0.02,mg,0.2,mg,,,0.1,mg,8.0,mcg,8.0,mcg,2.6,mcg,,,,,158.0,mcg,834.0,mcg,2.5,g,,,,,,,,,,,,,,,,,,,,,,,,,,,,,,,,,,,,,,,,
5021,"Hồng ngâm, tươi",Quả chín,48.0,0.9,g,,,11.1,g,,,134.58,mcg,1615.0,mcg,16.0,mg,10.0,mg,0.2,mg,2.6,mg,217.2,mg,0.22,mg,87.5,g,11.0,mg,38.0,mg,28.0,mg,40.0,mg,32.0,mg,6.0,mg,14.0,mg,29.0,mg,15.0,mg,29.0,mg,36.0,mg,13.0,mg,22.0,mg,52.0,mg,110.0,mg,21.0,mg,19.0,mg,22.0,mg,,,,,,,,,,,,,,,,,,,0.5,g,,,19.0,mg,0.1,mg,1.22,mg,,,,,,,0.01,mg,0.02,mg,0.2,mg,,,,,,,,,,,,,,,,,,,2.5,g,,,,,,,,,,,,,,,,,,,,,,,,,,,,,,,,,,,,,,,,
5022,"Hồng xiêm, tươi",Quả chín,58.0,0.5,g,0.7,g,12.5,g,,,,,,,8.0,mg,52.0,mg,2.3,mg,12.0,mg,193.0,mg,0.1,mg,85.7,g,5.0,mg,12.0,mg,15.0,mg,24.0,mg,39.0,mg,3.0,mg,,,13.0,mg,14.0,mg,16.0,mg,17.0,mg,16.0,mg,14.0,mg,32.0,mg,38.0,mg,17.0,mg,36.0,mg,18.0,mg,0.19,g,0.1,g,0.09,g,,,,,0.01,g,0.01,g,,,,,0.6,g,12.0,mg,24.0,mg,0.09,mg,,,0.6,mcg,,,,,,,0.02,mg,0.2,mg,0.25,mg,0.04,mg,14.0,mcg,14.0,mcg,,,0.52,g,,,,,,,2.5,g,,,,,,,,,,,,,,,,,,,,,,,,,,,,,,,,,,,,,,,,
5023,"Lê, tươi",Quả chín,48.0,0.7,g,0.2,g,10.8,g,,,2.5,mcg,27.0,mcg,4.0,mg,19.0,mg,2.3,mg,5.0,mg,88.4,mg,0.13,mg,87.8,g,8.0,mg,42.0,mg,37.0,mg,50.0,mg,37.0,mg,8.0,mg,4.0,mg,46.0,mg,18.0,mg,37.0,mg,32.0,mg,4.0,mg,21.0,mg,210.0,mg,40.0,mg,12.0,mg,10.0,mg,24.0,mg,0.01,g,0.01,g,0.0,g,0.03,g,0.03,g,0.03,g,0.03,g,,,9.8,g,0.5,g,7.0,mg,16.0,mg,0.14,mg,0.05,mg,0.1,mcg,,,0.12,mg,0.02,mg,0.04,mg,0.1,mg,0.05,mg,0.03,mg,7.0,mcg,7.0,mcg,4.5,mcg,0.0,g,,,,,,,0.6,g,,,,,,,,,,,,,,,,,,,,,,,,,,,,,,,,,,,,,,,,
5024,"Lựu, tươi",Quả chín,79.0,0.6,g,0.15,g,18.85,g,,,5.42,mcg,40.0,mcg,6.0,mg,13.0,mg,0.7,mg,3.0,mg,259.0,mg,0.12,mg,79.6,g,,,,,,,,,,,,,,,,,,,,,,,,,,,,,,,,,,,,,0.04,g,0.02,g,0.01,g,0.05,g,0.04,g,0.06,g,0.06,g,,,16.57,g,0.8,g,3.0,mg,23.0,mg,0.07,mg,,,0.6,mcg,,,0.6,mg,0.07,mg,0.01,mg,0.3,mg,0.6,mg,0.11,mg,6.0,mcg,6.0,mcg,4.6,mcg,0.01,g,,,,,,,2.5,g,,,,,,,,,,,,,,,,,,,,,,,,,,,,,,,,,,,,,,,,
5025,"Mãng cầu xiêm, tươi",Quả chín,58.0,1.8,g,,,12.6,g,,,,,,,19.2,mg,38.1,mg,0.7,mg,4.0,mg,382.0,mg,,,84.7,g,7.0,mg,,,,,,,37.0,mg,4.0,mg,,,,,,,,,,,,,,,,,,,,,,,,,0.23,g,,,,,,,,,,,,,,,,,0.9,g,18.0,mg,14.2,mg,,,,,,,,,,,0.08,mg,0.1,mg,0.5,mg,0.14,mg,0.22,mg,,,,,,,,,,,,,,,1.9,g,,,,,,,,,,,,,,,,,,,,,,,,,,,,,,,,,,,,,,,,
5026,"Mắc coọc, tươi",Quả chín,24.0,0.2,g,,,5.7,g,,,,,,,2.0,mg,32.0,mg,0.6,mg,,,,,,,93.8,g,,,,,,,,,,,,,,,,,,,,,,,,,,,,,,,,,,,,,,,,,,,,,,,,,,,,,,,0.3,g,,,7.0,mg,,,,,,,,,,,,,,,,,,,,,,,,,,,,,,,,,,,,,,,,,,,,,,,,,,,,,,,,,,,,,,,,,,,,,,,,,,,,
5027,"Mận tím, tươi",Quả chín,23.0,0.6,g,0.2,g,4.6,g,,,138.71,mcg,1633.0,mcg,3.0,mg,28.0,mg,0.4,mg,,,157.0,mg,0.1,mg,94.1,g,9.0,mg,10.0,mg,14.0,mg,15.0,mg,16.0,mg,8.0,mg,2.0,mg,14.0,mg,8.0,mg,16.0,mg,9.0,mg,9.0,mg,28.0,mg,352.0,mg,35.0,mg,9.0,mg,27.0,mg,23.0,mg,0.02,g,0.01,g,0.0,g,0.13,g,0.13,g,0.04,g,0.04,g,,,9.92,g,0.5,g,7.0,mg,20.0,mg,0.06,mg,0.05,mg,,,,,0.26,mg,0.06,mg,0.04,mg,0.5,mg,0.14,mg,0.03,mg,5.0,mcg,5.0,mcg,6.4,mcg,0.0,g,,,,,327.0,mcg,0.7,g,,,,,,,,,,,,,,,,,,,,,,,,,,,,,,,,,,,,,,,,
5028,"Mít dai, tươi",Quả chín,54.0,0.6,g,0.19,g,12.41,g,,,15.0,mcg,180.0,mcg,5.0,mg,21.0,mg,0.4,mg,2.5,mg,367.5,mg,0.67,mg,85.4,g,,,,,,,,,,,,,,,,,,,,,,,,,,,,,,,,,,,,,0.06,g,0.04,g,0.02,g,0.04,g,0.04,g,0.09,g,0.06,g,0.02,g,,,1.4,g,37.0,mg,28.0,mg,0.12,mg,0.15,mg,0.6,mcg,,,,,0.09,mg,0.04,mg,0.7,mg,,,0.11,mg,14.0,mcg,14.0,mcg,,,0.0,g,,,,,,,1.2,g,,,,,,,,,,,,,,,,,,,,,,,,,,,,,,,,,,,,,,,,
5029,Mít khô,Quả chín,286.0,2.9,g,,,68.5,g,,,,,,,,,,,,,,,,,,,26.0,g,,,,,,,,,,,,,,,,,,,,,,,,,,,,,,,,,,,,,,,,,,,,,,,,,,,,,,,2.6,g,,,,,,,,,,,,,,,,,,,,,,,,,,,,,,,,,,,,,,,1.5,g,,,,,,,,,,,,,,,,,,,,,,,,,,,,,,,,,,,,,,,,
5030,"Mít mật , tươi",Quả chín,67.0,1.5,g,,,15.2,g,,,6.67,mcg,80.0,mcg,5.0,mg,21.0,mg,0.4,mg,,,,,,,82.2,g,,,,,,,,,,,,,,,,,,,,,,,,,,,,,,,,,,,,,,,,,,,,,,,,,,,,,,,1.1,g,,,28.0,mg,,,,,,,,,,,0.09,mg,0.04,mg,0.7,mg,,,,,,,,,,,,,,,,,,,1.2,g,,,,,,,,,,,,,,,,,,,,,,,,,,,,,,,,,,,,,,,,
5031,"Mơ, tươi",Quả chín,50.0,0.9,g,0.27,g,11.03,g,,,212.83,mcg,2554.0,mcg,7.0,mg,28.0,mg,2.1,mg,1.0,mg,259.0,mg,0.2,mg,87.1,g,2.0,mg,14.0,mg,12.0,mg,20.0,mg,20.0,mg,4.0,mg,6.0,mg,11.0,mg,9.0,mg,15.0,mg,9.0,mg,11.0,mg,24.0,mg,148.0,mg,42.0,mg,12.0,mg,19.0,mg,20.0,mg,0.03,g,0.02,g,0.0,g,0.17,g,0.17,g,0.08,g,0.08,g,,,9.24,g,0.7,g,10.0,mg,26.0,mg,0.08,mg,0.08,mg,0.1,mcg,,,0.89,mg,0.04,mg,0.06,mg,0.7,mg,0.24,mg,0.05,mg,9.0,mcg,9.0,mcg,3.3,mcg,,,,,5.0,mcg,,,0.8,g,,,,,,,,,,,,,,,,,,,,,,,,,,,,,,,,,,,,,,,,
5032,"Mơ, khô",Quả chín,290.0,3.0,g,1.1,g,66.9,g,,,180.25,mcg,2163.0,mcg,5.0,mg,62.0,mg,4.5,mg,10.0,mg,1162.0,mg,0.39,mg,25.9,g,16.0,mg,73.0,mg,63.0,mg,105.0,mg,83.0,mg,15.0,mg,19.0,mg,62.0,mg,39.0,mg,78.0,mg,66.0,mg,47.0,mg,110.0,mg,937.0,mg,188.0,mg,70.0,mg,821.0,mg,87.0,mg,0.02,g,0.02,g,,,0.07,g,0.07,g,0.07,g,0.07,g,,,53.44,g,3.1,g,32.0,mg,106.0,mg,0.34,mg,0.24,mg,2.2,mcg,,,4.33,mg,0.08,mg,0.09,mg,1.6,mg,0.52,mg,0.14,mg,10.0,mcg,10.0,mcg,3.1,mcg,,,,,,,,,4.1,g,,,,,,,,,,,,,,,,,,,,,,,,,,,,,,,,,,,,,,,,
5033,"Muỗm, quéo, tươi",Quả chín,69.0,0.6,g,0.4,g,15.7,g,,,158.75,mcg,1905.0,mcg,60.0,mg,4.0,mg,0.2,mg,,,,,,,82.9,g,,,,,,,,,,,,,,,,,,,,,,,,,,,,,,,,,,,,,,,,,,,,,,,,,,,,,,,0.4,g,,,4.0,mg,,,,,,,,,,,0.06,mg,0.06,mg,0.9,mg,,,,,,,,,,,,,,,,,,,0.4,g,,,,,,,,,,,,,,,,,,,,,,,,,,,,,,,,,,,,,,,,
5034,"Na, tươi",Quả chín,69.0,1.6,g,0.2,g,15.1,g,,,,,,,36.0,mg,35.0,mg,0.6,mg,22.3,mg,259.5,mg,0.21,mg,82.5,g,10.0,mg,,,,,,,55.0,mg,7.0,mg,,,,,,,,,,,,,,,,,,,,,,,,,0.05,g,0.03,g,0.02,g,0.11,g,0.11,g,0.04,g,0.04,g,,,,,0.6,g,21.0,mg,45.0,mg,0.2,mg,0.17,mg,0.6,mcg,,,,,0.11,mg,0.1,mg,0.8,mg,0.23,mg,0.2,mg,14.0,mcg,14.0,mcg,,,,,,,,,,,0.8,g,,,,,,,,,,,,,,,,,,,,,,,,,,,,,,,,,,,,,,,,
5035,"Nhãn, tươi ",Quả chín,52.0,0.9,g,,,12.0,g,,,,,,,58.0,mg,21.0,mg,0.4,mg,25.5,mg,257.1,mg,0.29,mg,86.3,g,,,34.0,mg,26.0,mg,54.0,mg,46.0,mg,13.0,mg,,,30.0,mg,25.0,mg,58.0,mg,35.0,mg,12.0,mg,157.0,mg,126.0,mg,209.0,mg,42.0,mg,42.0,mg,48.0,mg,,,,,,,,,,,,,,,,,,,0.8,g,10.0,mg,12.0,mg,0.15,mg,0.1,mg,,,,,,,0.03,mg,0.14,mg,0.3,mg,,,,,,,,,,,,,,,,,,,1.0,g,,,,,,,,,,,,,,,,,,,,,,,,,,,,,,,,,,,,,,,,
5036,"Nhãn, khô",Quả chín,292.0,4.3,g,0.5,g,67.6,g,,,,,,,34.0,mg,32.0,mg,4.4,mg,,,,,,,25.0,g,,,128.0,mg,97.0,mg,202.0,mg,172.0,mg,49.0,mg,,,112.0,mg,94.0,mg,217.0,mg,131.0,mg,45.0,mg,585.0,mg,469.0,mg,780.0,mg,158.0,mg,158.0,mg,180.0,mg,,,,,,,,,,,,,,,,,,,2.6,g,46.0,mg,117.0,mg,,,,,,,,,,,0.02,mg,0.5,mg,1.0,mg,,,,,,,,,,,,,,,,,,,1.7,g,,,,,,,,,,,,,,,,,,,,,,,,,,,,,,,,,,,,,,,,
5037,"Nho ngọt, tươi",Quả chín,71.0,0.4,g,0.11,g,16.99,g,,,3.29,mcg,39.0,mcg,3.0,mg,17.0,mg,0.6,mg,2.0,mg,191.0,mg,0.07,mg,82.1,g,2.0,mg,14.0,mg,4.0,mg,10.0,mg,11.0,mg,17.0,mg,8.0,mg,10.0,mg,9.0,mg,14.0,mg,37.0,mg,18.0,mg,21.0,mg,60.0,mg,104.0,mg,15.0,mg,17.0,mg,24.0,mg,0.05,g,0.05,g,0.01,g,0.01,g,0.01,g,0.05,g,0.04,g,0.01,g,15.48,g,0.4,g,7.0,mg,22.0,mg,0.13,mg,0.07,mg,0.1,mcg,,,0.19,mg,0.06,mg,0.04,mg,0.2,mg,0.05,mg,0.09,mg,2.0,mcg,2.0,mcg,14.6,mcg,,,,,,,72.0,mcg,0.6,g,,,,,,,,,,,,,,,,,,,,,,,,,,,,,,,,,,,,,,,,
5038,"Nho ta (nho chua), tươi",Quả chín,24.0,0.4,g,,,5.5,g,,,1.25,mcg,15.0,mcg,45.0,mg,40.0,mg,1.4,mg,11.4,mg,119.8,mg,0.17,mg,93.6,g,,,,,,,,,,,,,,,,,,,,,,,,,,,,,,,,,,,,,,,,,,,,,,,,,,,,,,,0.5,g,15.0,mg,21.0,mg,0.16,mg,0.07,mg,,,,,,,0.05,mg,0.04,mg,0.3,mg,,,,,,,,,,,,,,,,,,,2.4,g,,,,,,,,,,,,,,,,,,,,,,,,,,,,,,,,,,,,,,,,
5039,"Nhót, tươi",Quả chín,22.0,1.2,g,,,4.4,g,,,,,,,,,27.0,mg,0.2,mg,,,,,,,94.0,g,,,,,,,,,,,,,,,,,,,,,,,,,,,,,,,,,,,,,,,,,,,,,,,,,,,,,,,0.4,g,,,30.0,mg,,,,,,,,,,,,,,,,,,,,,,,,,,,,,,,,,,,2.3,g,,,,,,,,,,,,,,,,,,,,,,,,,,,,,,,,,,,,,,,,
5040,"Ổi, quả chín, tươi",Quả chín,61.0,0.6,g,0.76,g,12.94,g,,,31.17,mcg,374.0,mcg,62.0,mg,10.0,mg,1.3,mg,4.0,mg,291.0,mg,2.4,mg,85.0,g,22.0,mg,96.0,mg,93.0,mg,171.0,mg,72.0,mg,16.0,mg,,,6.0,mg,31.0,mg,87.0,mg,,,22.0,mg,128.0,mg,162.0,mg,333.0,mg,128.0,mg,78.0,mg,75.0,mg,0.27,g,0.23,g,0.03,g,0.09,g,0.08,g,0.4,g,0.29,g,0.11,g,8.92,g,0.7,g,22.0,mg,16.0,mg,0.02,mg,0.15,mg,0.6,mcg,,,0.73,mg,0.05,mg,0.04,mg,1.1,mg,0.45,mg,0.11,mg,49.0,mcg,49.0,mcg,2.6,mcg,0.01,g,,,5204.0,mcg,,,6.0,g,,,,,,,,,,,,,,,,,,,,,,,,,,,,,,,,,,,,,,,,
5041,"Quả bơ vỏ tím, tươi",Quả chín,76.0,1.8,g,6.2,g,3.2,g,,,,,,,,,48.6,mg,1.4,mg,,,,,,,88.3,g,,,,,,,,,,,,,,,,,,,,,,,,,,,,,,,,,,,,,,,,,,,,,,,,,,,,,,,0.5,g,,,69.0,mg,,,,,,,,,,,,,,,,,,,,,,,,,,,,,,,,,,,0.4,g,,,,,,,,,,,,,,,,,,,,,,,,,,,,,,,,,,,,,,,,
5042,"Quả bơ vỏ xanh, tươi",Quả chín,103.0,1.9,g,9.4,g,2.8,g,,,7.04,mcg,53.0,mcg,17.4,mg,59.9,mg,1.6,mg,0.93,mg,162.5,mg,0.19,mg,85.4,g,28.0,mg,82.0,mg,94.0,mg,160.0,mg,147.0,mg,42.0,mg,31.0,mg,260.0,mg,54.0,mg,120.0,mg,99.0,mg,55.0,mg,121.0,mg,264.0,mg,321.0,mg,116.0,mg,110.0,mg,128.0,mg,1.96,g,1.91,g,0.06,g,5.51,g,4.69,g,1.68,g,1.58,g,0.1,g,2.42,g,0.5,g,11.11,mg,84.9,mg,0.14,mg,0.04,mg,,,,,2.66,mg,0.02,mg,0.05,mg,0.67,mg,0.93,mg,0.08,mg,35.0,mcg,35.0,mcg,,,0.83,g,,,,,,,0.5,g,,,,,,,,,,,,,,,,,,,,,,,,,,,,,,,,,,,,,,,,
5043,"Quả cóc, tươi",Quả chín,62.0,1.8,g,,,13.7,g,,,,,,,,,37.6,mg,1.6,mg,,,,,,,83.9,g,,,,,,,,,,,,,,,,,,,,,,,,,,,,,,,,,,,,,,,,,,,,,,,,,,,,,,,0.6,g,,,24.1,mg,,,,,,,,,,,,,,,,,,,,,,,,,,,,,,,,,,,0.9,g,,,,,,,,,,,,,,,,,,,,,,,,,,,,,,,,,,,,,,,,
5044,"Quả thanh long, tươi",Quả chín,47.0,1.3,g,,,10.5,g,,,,,,,9.6,mg,10.7,mg,0.6,mg,,,,,,,87.6,g,,,,,,,,,,,,,,,,,,,,,,,,,,,,,,,,,,,,,,,,,,,,,,,,,,,,,,,0.6,g,,,10.8,mg,,,,,,,,,,,,,,,,,,,,,,,,,,,,,,,,,,,1.8,g,,,,,,,,,,,,,,,,,,,,,,,,,,,,,,,,,,,,,,,,
5045,"Quả trứng gà, tươi",Quả chín,106.0,4.3,g,0.4,g,21.3,g,,,,,,,,,101.0,mg,,,,,,,,,73.4,g,,,,,,,,,,,,,,,,,,,,,,,,,,,,,,,,,,,,,,,,,,,,,,,,,,,,,,,0.6,g,,,270.0,mg,,,,,,,,,,,,,,,,,,,,,,,,,,,,,,,,,,,,,,,,,,,,,,,,,,,,,,,,,,,,,,,,,,,,,,,,,,,,
5046,"Quất chín, tươi",Quả chín,42.0,0.9,g,,,9.6,g,,,8.33,mcg,100.0,mcg,43.0,mg,124.0,mg,0.3,mg,,,,,,,89.0,g,,,,,,,,,,,,,,,,,,,,,,,,,,,,,,,,,,,,,,,,,,,,,,,,,,,,,,,0.5,g,,,42.0,mg,,,,,,,,,,,0.1,mg,0.02,mg,0.2,mg,,,,,,,,,,,,,,,,,,,4.1,g,,,,,,,,,,,,,,,,,,,,,,,,,,,,,,,,,,,,,,,,
5047,"Quít, tươi",Quả chín,40.0,0.8,g,,,9.2,g,,,24.67,mcg,43.0,mcg,55.0,mg,35.0,mg,0.4,mg,3.6,mg,110.9,mg,0.2,mg,89.5,g,2.0,mg,16.0,mg,17.0,mg,28.0,mg,32.0,mg,2.0,mg,2.0,mg,18.0,mg,15.0,mg,21.0,mg,68.0,mg,11.0,mg,28.0,mg,129.0,mg,61.0,mg,19.0,mg,74.0,mg,33.0,mg,0.04,g,0.04,g,0.0,g,0.06,g,0.05,g,0.07,g,0.05,g,0.02,g,10.58,g,0.5,g,10.0,mg,17.0,mg,0.1,mg,0.08,mg,0.4,mcg,,,0.2,mg,0.08,mg,0.03,mg,0.2,mg,0.22,mg,0.08,mg,16.0,mcg,16.0,mcg,,,0.01,g,,,,,243.0,mcg,0.6,g,,,,,,,,,,,,,,,,,,,,,,,,,,,,,,,,,,,,,,,,
5048,"Sầu riêng, tươi",Quả chín,138.0,2.5,g,1.6,g,28.3,g,,,2.17,mcg,23.0,mcg,37.0,mg,20.0,mg,0.9,mg,1.0,mg,601.0,mg,0.28,mg,66.8,g,,,,,,,,,,,,,,,,,,,,,,,,,,,,,,,,,,,,,,,,,,,,,,,,,,,,,,,0.8,g,33.0,mg,63.0,mg,0.0,mg,0.33,mg,,,,,,,0.27,mg,0.29,mg,1.2,mg,0.23,mg,0.32,mg,36.0,mcg,36.0,mcg,,,,,,,,,,,1.4,g,,,,,,,,,,,,,,,,,,,,,,,,,,,,,,,,,,,,,,,,
5049,"Sấu chín, tươi   ",Quả chín,49.0,1.3,g,,,10.9,g,,,,,,,3.0,mg,100.0,mg,,,,,,,,,87.0,g,,,,,,,,,,,,,,,,,,,,,,,,,,,,,,,,,,,,,,,,,,,,,,,,,,,,,,,0.8,g,,,44.0,mg,,,,,,,,,,,,,,,,,,,,,,,,,,,,,,,,,,,2.7,g,,,,,,,,,,,,,,,,,,,,,,,,,,,,,,,,,,,,,,,,
5050,"Táo ta, tươi",Quả chín,40.0,0.8,g,,,9.2,g,,,0.42,mcg,5.0,mcg,24.0,mg,44.0,mg,0.2,mg,3.0,mg,250.0,mg,0.05,mg,89.5,g,,,,,,,,,,,,,,,,,,,,,,,,,,,,,,,,,,,,,,,,,,,,,,,,,,,,,,,0.5,g,10.0,mg,25.0,mg,0.07,mg,0.08,mg,,,,,,,0.06,mg,0.04,mg,0.6,mg,,,0.08,mg,,,,,,,,,,,,,,,0.7,g,,,,,,,,,,,,,,,,,,,,,,,,,,,,,,,,,,,,,,,,
5051,"Táo tây, tươi",Quả chín,50.0,0.5,g,0.09,g,11.71,g,,,2.71,mcg,27.0,mcg,7.0,mg,19.0,mg,2.5,mg,15.2,mg,101.9,mg,0.2,mg,87.2,g,6.0,mg,22.0,mg,21.0,mg,37.0,mg,36.0,mg,5.0,mg,8.0,mg,15.0,mg,9.0,mg,24.0,mg,16.0,mg,12.0,mg,27.0,mg,125.0,mg,67.0,mg,23.0,mg,19.0,mg,26.0,mg,0.03,g,0.02,g,0.0,g,0.01,g,0.01,g,0.05,g,0.04,g,0.01,g,10.39,g,0.5,g,3.0,mg,13.0,mg,0.1,mg,0.06,mg,0.2,mcg,,,0.18,mg,0.04,mg,0.03,mg,0.2,mg,0.06,mg,0.04,mg,3.0,mcg,3.0,mcg,2.2,mcg,,,,,,,29.0,mcg,0.6,g,,,,,,,,,,,,,,,,,,,,,,,,,,,,,,,,,,,,,,,,
5052,"Vải, tươi   ",Quả chín,49.0,0.7,g,0.35,g,10.75,g,,,,,,,36.0,mg,6.0,mg,0.5,mg,1.0,mg,171.0,mg,0.07,mg,87.8,g,7.0,mg,,,,,,,41.0,mg,9.0,mg,,,,,,,,,,,,,,,,,,,,,,,,,0.1,g,0.07,g,0.02,g,0.12,g,0.12,g,0.13,g,0.07,g,0.07,g,15.23,g,0.4,g,10.0,mg,34.0,mg,0.15,mg,0.06,mg,0.6,mcg,,,0.07,mg,0.02,mg,0.04,mg,0.7,mg,,,0.1,mg,14.0,mcg,14.0,mcg,0.4,mcg,0.0,g,,,,,,,1.1,g,,,,,,,,,,,,,,,,,,,,,,,,,,,,,,,,,,,,,,,,
5053,"Vải, khô",Quả chín,264.0,3.0,g,1.9,g,58.6,g,,,,,,,183.0,mg,25.0,mg,1.4,mg,3.0,mg,1110.0,mg,0.28,mg,34.9,g,,,,,,,,,,,,,,,,,,,,,,,,,,,,,,,,,,,,,0.27,g,0.19,g,0.07,g,0.33,g,0.32,g,0.36,g,0.18,g,0.18,g,66.1,g,1.6,g,42.0,mg,58.0,mg,0.63,mg,0.23,mg,1.3,mcg,,,0.31,mg,0.01,mg,0.57,mg,3.1,mg,,,0.09,mg,12.0,mcg,12.0,mcg,1.6,mcg,0.0,g,,,,,,,1.0,g,,,,,,,,,,,,,,,,,,,,,,,,,,,,,,,,,,,,,,,,
5054,"Vú sữa, tươi",Quả chín,51.0,1.0,g,,,11.7,g,,,,,,,5.0,mg,68.0,mg,0.4,mg,,,,,,,86.5,g,,,,,,,,,,,,,,,,,,,,,,,,,,,,,,,,,,,,,,,,,,,,,,,,,,,,,,,0.8,g,,,32.0,mg,,,,,,,,,,,0.01,mg,0.02,mg,0.9,mg,,,,,,,,,,,,,,,,,,,2.3,g,,,,,,,,,,,,,,,,,,,,,,,,,,,,,,,,,,,,,,,,
5055,"Xoài chín, tươi",Quả chín,69.0,0.6,g,0.3,g,15.9,g,,,38.25,mcg,445.0,mcg,30.0,mg,10.0,mg,0.4,mg,2.1,mg,114.1,mg,0.56,mg,82.6,g,8.0,mg,19.0,mg,18.0,mg,31.0,mg,41.0,mg,5.0,mg,,,17.0,mg,10.0,mg,26.0,mg,19.0,mg,12.0,mg,51.0,mg,42.0,mg,60.0,mg,21.0,mg,18.0,mg,22.0,mg,0.07,g,0.05,g,0.0,g,0.1,g,0.05,g,0.05,g,0.01,g,0.04,g,14.8,g,0.6,g,9.0,mg,13.0,mg,0.15,mg,0.28,mg,0.6,mcg,,,1.12,mg,0.05,mg,0.05,mg,0.3,mg,0.16,mg,0.13,mg,14.0,mcg,14.0,mcg,4.2,mcg,0.05,g,,,,,,,,,,,,,,,,,,,,,,,,,,,,,,,,,,,,,,,,,,,,,,,,
5056,"Quả kiwi, tươi",Quả chín,68.0,1.14,g,0.52,g,14.66,g,,,4.33,mcg,52.0,mcg,92.7,mg,34.0,mg,0.31,mg,3.0,mg,312.0,mg,0.14,mg,83.07,g,15.0,mg,47.0,mg,51.0,mg,66.0,mg,61.0,mg,24.0,mg,31.0,mg,44.0,mg,34.0,mg,57.0,mg,81.0,mg,27.0,mg,53.0,mg,126.0,mg,184.0,mg,60.0,mg,44.0,mg,53.0,mg,0.03,g,0.02,g,0.01,g,0.05,g,0.05,g,0.29,g,0.25,g,0.04,g,8.99,g,0.61,g,17.0,mg,34.0,mg,0.13,mg,0.1,mg,0.2,mcg,,,1.46,mg,0.03,mg,0.03,mg,0.34,mg,0.18,mg,0.06,mg,25.0,mcg,25.0,mcg,40.3,mcg,,,,,,,122.0,mcg,3.0,g,,,,,,,,,,,,,,,,,,,,,,,,,,,,,,,,,,,,,,,,
5058,Táo mèo,Quả chín,92.0,1.94,g,0.17,g,20.65,g,,,,,,,,,,,,,,,,,,,74.6,g,,,,,,,,,,,,,,,,,,,,,,,,,,,,,,,,,,,,,,,,,,,,,,,,,,,,,,,,,,,,,,,,,,,,,,,,,,,,,,,,,,,,,,,,,,,,,,,7.16,g,,,,,,,,,,,,,,,,,,,,,,,,,,,,,,,,,,,,,,,,
5060,Dưa lưới,Quả chín,38.0,0.84,g,0.19,g,8.16,g,,,169.0,mcg,2020.0,mcg,36.7,mg,9.0,mg,0.21,mg,16.0,mg,267.0,mg,0.18,mg,90.15,g,,mg,,mg,,mg,,mg,,mg,,mg,,mg,,mg,,mg,,mg,,mg,,mg,,mg,,mg,,mg,,mg,,mg,,mg,0.05,g,0.04,g,0.01,g,0.0,g,,,0.08,g,,,,,7.86,g,,,12.0,mg,15.0,mg,0.04,mg,,,0.4,mcg,,,,,0.04,mg,0.02,mg,0.73,mg,,,0.07,mg,21.0,mcg,21.0,mcg,,,,,,,,,,,0.9,g,,,0.0,g,,,,,,,,,,,0.0,g,0.0,g,,,0.04,g,0.05,g,,,,,0.05,mg,21.0,mcg,7.6,mg,,,,,,
5061,Măng cụt,Quả chín,65.0,0.6,g,0.6,g,14.4,g,,,,,,,3.0,mg,11.0,mg,0.6,mg,10.0,mg,63.0,mg,0.1,mg,82.7,g,,mg,,mg,,mg,,mg,,mg,,mg,,mg,,mg,,mg,,mg,,mg,,mg,,mg,,mg,,mg,,mg,,mg,,mg,,,,,,,,,,,,,,,,,,,0.2,g,,,13.0,mg,0.1,mg,,,,,,,,,0.06,mg,0.03,mg,0.3,mg,,,,,,,,,,,,,,,,,,,1.5,g,,,,,,,,,,,,,,,,,,,,,,,,,,,,,,,,,,,,,,,,
6001,Bơ,"Dầu, mỡ, bơ",756.0,0.5,g,83.5,g,0.5,g,600.0,mcg,613.17,mcg,158.0,mcg,,,12.0,mg,0.1,mg,11.0,mg,24.0,mg,0.09,mg,15.4,g,,,,,,,,,,,,,,,,,,,,,,,,,,,,,,,,,,,,,51.37,g,21.7,g,10.0,g,21.02,g,16.98,g,3.04,g,2.17,g,0.32,g,,,0.1,g,2.0,mg,12.0,mg,0.02,mg,0.0,mg,1.0,mcg,,,2.32,mg,0.01,mg,0.04,mg,0.04,mg,0.11,mg,0.0,mg,3.0,mcg,3.0,mcg,7.0,mcg,0.96,g,,,,,,,,,,,,,,,,,,,,,,,,,,,,,,,,,,,,,,,,,,,0.14,g,,,,
6002,"Dầu thảo mộc (Lạc, vừng, cám...)","Dầu, mỡ, bơ",897.0,,,99.7,g,,,,,,,,,,,,,,,,,,,,,0.3,g,,,,,,,,,,,,,,,,,,,,,,,,,,,,,,,,,,,,,,,,,,,,,,,,,,,,,,,,,,,,,,,,,,,,,,,,,,,,,,,,,,,,,,,,,,,,,,,,,,,,,,,,,,,,,,,,,,,,,,,,,,,,,,,,,,,,,,,,
6003,"Mỡ lợn, muối","Dầu, mỡ, bơ",827.0,2.0,g,91.0,g,,,,,,,,,,,,,,,,,,,,,3.0,g,,,,,,,,,,,,,,,,,,,,,,,,,,,,,,,,,,,,,,,,,,,,,,,,,,,,,,,4.0,g,,,,,,,,,,,,,,,,,,,,,,,,,,,,,,,,,,,,,,,,,,,,,,,,,,,,,,,,,,,,,,,,,,,,,,,,,,,,,,,,
6004,"Mỡ lợn, nước","Dầu, mỡ, bơ",896.0,,,99.6,g,,,,,,,,,,,,,,,,,,,,,0.4,g,,,,,,,,,,,,,,,,,,,,,,,,,,,,,,,,,,,,,39.1,g,23.8,g,13.5,g,45.1,g,41.2,g,11.2,g,10.2,g,1.0,g,,,,,,,12.0,mg,,,,,,,,,,,0.02,mg,,,,,,,,,,,,,,,2.7,g,,,,,,,,,,,,,,,,,,,,,,,,,,,,,,,,,,,,,,,,,,,,,,,,
6005,Bơ thực vật,"Dầu, mỡ, bơ",729.0,0.5,g,80.7,g,0.1,g,768.0,mcg,818.83,mcg,610.0,mcg,0.1,mg,17.0,mg,,,2.0,mg,25.0,mg,0.02,mg,18.5,g,7.0,mg,22.0,mg,30.0,mg,49.0,mg,39.0,mg,12.0,mg,5.0,mg,24.0,mg,24.0,mg,33.0,mg,18.0,mg,13.0,mg,17.0,mg,38.0,mg,104.0,mg,11.0,mg,48.0,mg,27.0,mg,15.0,g,9.5,g,5.0,g,36.7,g,36.7,g,25.0,g,24.7,g,0.3,g,,,0.2,g,2.0,mg,13.0,mg,,,,,,,,,12.8,mg,0.01,mg,0.02,mg,0.01,mg,0.05,mg,0.01,mg,1.0,mcg,1.0,mcg,93.0,mcg,,,,,,,,,,,,,,,,,,,,,,,,,,,,,,,,,,,,,,,,,,,,,,,,,,
6006,Dầu bông,"Dầu, mỡ, bơ",900.0,,,100.0,g,,,,,,,,,,,,,,,,,,,,,,,,,,,,,,,,,,,,,,,,,,,,,,,,,,,,,,,,,,,25.9,g,22.7,g,2.3,g,17.8,g,17.0,g,51.9,g,51.5,g,0.2,g,,,,,,,,,,,,,,,,,35.3,mg,,,,,,,,,,,,,,,24.7,mcg,0.8,g,,,,,,,,,,,,,,,,,,,,,,,,,,,,,,,,,,,,,,,,,,,,,,,,
6007,Dầu cám gạo,"Dầu, mỡ, bơ",900.0,,,100.0,g,,,,,,,,,,,,,0.07,mg,,,,,,,,,,,,,,,,,,,,,,,,,,,,,,,,,,,,,,,,,,,,,19.7,g,16.9,g,1.6,g,39.3,g,39.1,g,35.0,g,33.4,g,1.6,g,,,,,,,,,,,,,,,,,32.3,mg,,,,,,,,,,,,,,,24.7,mcg,0.2,g,,,,,,,,,,,,,,,,,,,,,,,,,,,,,,,,,,,,,,,,,,,,,,,,
6008,Dầu cọ,"Dầu, mỡ, bơ",900.0,,,100.0,g,,,,,,,,,,,,,,,,,,,,,,,,,,,,,,,,,,,,,,,,,,,,,,,,,,,,,,,,,,,49.3,g,43.5,g,4.3,g,37.0,g,36.6,g,9.3,g,9.1,g,0.2,g,,,,,,,,,,,,,,,,,15.94,mg,,,,,,,,,,,,,,,8.0,mcg,0.3,g,,,,,,,,,,,,,,,,,,,,,,,,,,,,,,,,,,,,,,,,,,,,,,,,
6009,Dầu dừa,"Dầu, mỡ, bơ",900.0,,,100.0,g,,,,,,,,,,,,,0.04,mg,,,,,,,,,,,,,,,,,,,,,,,,,,,,,,,,,,,,,,,,,,,,,86.5,g,8.2,g,2.8,g,5.8,g,5.8,g,1.8,g,1.8,g,,,,,,,,,,,,,,,,,,,0.09,mg,,,,,,,,,,,,,,,0.5,mcg,,,,,,,,,,,,,,,,,,,,,,,,,,,,,,,,,,,,,,,,,,,,,,,,,,
6010,Dầu đậu tương,"Dầu, mỡ, bơ",900.0,,,100.0,g,,,,,,,,,,,,,0.02,mg,,,,,,,,,,,,,,,,,,,,,,,,,,,,,,,,,,,,,,,,,,,,,14.4,g,10.3,g,3.8,g,23.3,g,22.8,g,57.9,g,51.0,g,6.8,g,,,,,,,,,,,,,,,,,9.21,mg,,,,,,,,,,,,,,,197.6,mcg,0.2,g,,,,,,,,,,,,,,,,,,,,,,,,,,,,,,,,,,,,,,,,,,,,,,,,
6011,Dầu lạc,"Dầu, mỡ, bơ",900.0,,,100.0,g,,,,,,,,,,,,,0.03,mg,,,,,,,,,,,,,,,,,,,,,,,,,,,,,,,,,,,,,,,,,,,,,16.9,g,9.5,g,2.2,g,46.2,g,44.8,g,32.0,g,32.0,g,,,,,,,,,,,,,,,,,,,15.69,mg,,,,,,,,,,,,,,,0.7,mcg,0.1,g,,,,,,,,,,,,,,,,,,,,,,,,,,,,,,,,,,,,,,,,,,,1.4,g,2.8,g,,
6012,Dầu mè,"Dầu, mỡ, bơ",900.0,,,100.0,g,,,,,,,,,,,,,,,,,,,,,,,,,,,,,,,,,,,,,,,,,,,,,,,,,,,,,,,,,,,14.2,g,8.9,g,4.8,g,39.7,g,39.3,g,41.7,g,41.3,g,0.3,g,,,,,,,,,,,,,,,,,1.4,mg,,,,,,,,,,,,,,,13.6,mcg,0.2,g,,,,,,,,,,,,,,,,,,,,,,,,,,,,,,,,,,,,,,,,,,,,,,,,
6013,Dầu ngô ,"Dầu, mỡ, bơ",900.0,,,100.0,g,,,,,,,,,,,,,,,,,,,,,,,,,,,,,,,,,,,,,,,,,,,,,,,,,,,,,,,,,,,12.95,g,10.58,g,1.85,g,27.58,g,27.33,g,54.68,g,53.23,g,1.16,g,,,,,,,,,,,,,,,,,14.3,mg,,,,,,,,,,,,,,,1.9,mcg,0.11,g,,,,,,,,,,,,,,,,,,,,,,,,,,,,,,,,,,,,,,,,,,,0.43,g,,,,
6014,Dầu oliu,"Dầu, mỡ, bơ",900.0,,,100.0,g,,,,,,,,,,,1.0,mg,0.56,mg,2.0,mg,1.0,mg,,,,,,,,,,,,,,,,,,,,,,,,,,,,,,,,,,,,,,,,,13.81,g,11.29,g,1.95,g,72.96,g,71.27,g,10.52,g,9.76,g,0.76,g,,,,,,,,,,,,,,,,,14.35,mg,,,,,,,,,,,,,,,60.2,mcg,1.26,g,,,,,,,,,,,,,,,,,,,,,,,,,,,,,,,,,,,,,,,,,,,0.41,g,0.13,g,,
6023,Dầu hỗn hợp,"Dầu, mỡ, bơ",897.0,,,99.7,g,,,,,,,,,,,,,,,,,,,,,0.3,g,,,,,,,,,,,,,,,,,,,,,,,,,,,,,,,,,,,,,,,,,,,,,,,,,,,,,,,,,,,,,,,,,,,,,,,,,,,,,,,,,,,,,,,,,,,,,,,,,,,,,,,,,,,,,,,,,,,,,,,,,,,,,,,,,,,,,,,,
7001,"Thịt bê, mỡ, tươi",Thịt và sản phẩm chế biến,144.0,19.0,g,7.5,g,,,,,,,,,2.0,mg,8.0,mg,1.7,mg,76.0,mg,329.0,mg,2.55,mg,72.8,g,199.0,mg,788.0,mg,946.0,mg,1481.0,mg,1544.0,mg,473.0,mg,158.0,mg,756.0,mg,662.0,mg,977.0,mg,1229.0,mg,630.0,mg,1135.0,mg,1734.0,mg,2648.0,mg,1009.0,mg,851.0,mg,788.0,mg,3.35,g,1.76,g,1.1,g,3.04,g,2.6,g,0.51,g,0.39,g,0.06,g,,,0.7,g,24.0,mg,188.0,mg,0.11,mg,0.03,mg,8.5,mcg,,,0.25,mg,0.23,mg,0.25,mg,6.2,mg,1.36,mg,0.49,mg,13.0,mcg,13.0,mcg,4.6,mcg,0.35,g,0.06,g,,,,,,,,,,,,,,,,,,,,,,,,,,,,,,,,,,,,,,,,,,,,,,
7002,"Thịt bê, nạc, tươi",Thịt và sản phẩm chế biến,85.0,20.0,g,0.5,g,,,,,,,,,2.0,mg,8.0,mg,1.7,mg,80.0,mg,348.0,mg,2.73,mg,78.2,g,201.0,mg,796.0,mg,955.0,mg,1496.0,mg,1560.5,mg,478.0,mg,159.0,mg,764.0,mg,669.0,mg,987.0,mg,1242.0,mg,637.0,mg,1146.0,mg,1751.0,mg,2675.0,mg,1019.0,mg,860.0,mg,796.0,mg,0.15,g,0.08,g,0.05,g,0.16,g,0.14,g,0.05,g,0.04,g,0.0,g,,,1.3,g,26.0,mg,176.0,mg,0.12,mg,0.03,mg,8.7,mcg,,,0.25,mg,0.23,mg,0.25,mg,6.2,mg,1.45,mg,0.52,mg,14.0,mcg,14.0,mcg,,,0.02,g,0.01,g,,,,,,,,,,,,,,,,,,,,,,,,,,,,,,,,,,,,,,,,,,,,,,
7003,"Thịt bò, loại I, tươi",Thịt và sản phẩm chế biến,118.0,21.0,g,3.8,g,,,12.0,mcg,,,,,1.0,mg,12.0,mg,3.1,mg,83.0,mg,378.0,mg,2.2,mg,74.1,g,234.0,mg,959.0,mg,1005.0,mg,1695.0,mg,1860.0,mg,564.0,mg,268.0,mg,920.0,mg,752.0,mg,1047.0,mg,1321.0,mg,713.0,mg,1221.0,mg,179.0,mg,3194.0,mg,1016.0,mg,790.0,mg,842.0,mg,,,0.9,g,0.63,g,,,,,,,0.09,g,0.03,g,,,1.1,g,28.0,mg,226.0,mg,0.16,mg,,,,,,,,,0.1,mg,0.17,mg,4.2,mg,,,,,,,,,,,,,,,,,,,,,,,,,,,,,,,,,,,,,,,,,,,,,,,,,,,,,,,,,,,,
7004,"Thịt bò, loại II, tươi",Thịt và sản phẩm chế biến,167.0,18.0,g,10.5,g,,,2.0,mcg,2.0,mcg,,,1.0,mg,10.0,mg,2.7,mg,,,,,,,70.5,g,184.0,mg,809.0,mg,833.0,mg,1419.0,mg,1557.0,mg,456.0,mg,208.0,mg,770.0,mg,595.0,mg,889.0,mg,1246.0,mg,580.0,mg,1181.0,mg,1633.0,mg,2773.0,mg,1484.0,mg,982.0,mg,740.0,mg,,,,,,,,,,,,,,,,,,,1.0,g,,,194.0,mg,,,,,,,,,,,0.1,mg,0.17,mg,4.2,mg,,,,,,,,,,,,,,,,,,,,,,,,,,,,,,,,,,,,,,,,,,,,,,,,,,,,,,,,,,,,
7005,"Thịt bò, lưng, nạc, tươi",Thịt và sản phẩm chế biến,121.0,23.07,g,3.16,g,0.1,g,,,,,,,,,23.0,mg,1.63,mg,57.0,mg,361.0,mg,4.05,mg,72.68,g,152.0,mg,922.0,mg,1050.0,mg,1835.0,mg,1950.0,mg,601.0,mg,298.0,mg,911.0,mg,735.0,mg,1145.0,mg,1492.0,mg,736.0,mg,1403.0,mg,2102.0,mg,3464.0,mg,1405.0,mg,1100.0,mg,909.0,mg,1.43,g,0.86,g,0.48,g,1.56,g,1.44,g,0.17,g,0.14,g,0.01,g,,,0.99,g,24.0,mg,214.0,mg,0.08,mg,0.01,mg,31.2,mcg,,,0.29,mg,0.08,mg,0.12,mg,6.7,mg,0.68,mg,0.65,mg,13.0,mcg,13.0,mcg,1.2,mcg,0.12,g,0.02,g,,,,,,,,,,,,,,,,,,,,,,,,,,,,,,,,,,,,,,,,,,,,,,
7005018,"Thịt bò, lưng, nạc, chần",Thịt và sản phẩm chế biến,157.0,34.43,g,,,4.87,g,,,,,,,,,34.33,mg,2.43,mg,85.07,mg,538.81,mg,6.04,mg,59.22,g,0.23,mg,1.38,mg,1.57,mg,2.74,mg,2.91,mg,0.9,mg,0.44,mg,1.36,mg,1.1,mg,1.71,mg,2.23,mg,1.1,mg,2.09,mg,3.14,mg,5.17,mg,2.1,mg,1.64,mg,1.36,mg,2.14,g,1.28,g,0.71,g,2.33,g,,g,0.25,g,0.2,g,0.01,g,,,1.48,g,35.82,mg,319.4,mg,0.12,mg,0.02,mg,46.57,mcg,,mcg,,mg,0.09,mg,0.15,mg,8.0,mg,0.81,mg,0.78,mg,,mcg,9.7,mcg,1.79,mcg,,g,0.04,g,,,,,,,59.7,mg,2.14,g,1.17,mcg,,g,,g,,g,,g,,g,,g,0.18,g,,g,,g,,mcg,,mcg,0.35,mg,9.7,mcg,,mg,,,,,,g
7006,"Thịt bò, lưng, nạc và mỡ, tươi",Thịt và sản phẩm chế biến,174.0,21.53,g,9.49,g,0.7,g,,,,,,,,,5.0,mg,1.78,mg,59.0,mg,349.0,mg,3.64,mg,67.39,g,241.0,mg,940.0,mg,968.0,mg,1702.0,mg,1791.0,mg,551.0,mg,241.0,mg,841.0,mg,723.0,mg,1047.0,mg,1361.0,mg,737.0,mg,1299.0,mg,1967.0,mg,3235.0,mg,1175.0,mg,951.0,mg,823.0,mg,4.29,g,2.54,g,1.23,g,4.81,g,4.19,g,0.39,g,0.31,g,0.02,g,,,0.89,g,22.0,mg,185.0,mg,0.08,mg,0.01,mg,17.8,mcg,,,,,0.1,mg,0.15,mg,4.45,mg,0.36,mg,0.44,mg,7.0,mcg,7.0,mcg,,,0.39,g,0.05,g,,,,,,,,,,,,,,,,,,,,,,,,,,,,,,,,,,,,,,,,,,,,,,
7006018,"Thịt bò, lưng, nạc và mỡ, chần",Thịt và sản phẩm chế biến,189.0,32.13,g,,,15.21,g,,,,,,,,,7.46,mg,2.66,mg,88.06,mg,520.9,mg,5.43,mg,51.33,g,0.36,mg,1.4,mg,1.44,mg,2.54,mg,2.67,mg,0.82,mg,0.36,mg,1.26,mg,1.08,mg,1.56,mg,2.03,mg,1.1,mg,1.94,mg,2.94,mg,4.83,mg,1.75,mg,1.42,mg,1.23,mg,6.4,g,3.79,g,1.84,g,7.18,g,,g,0.58,g,0.46,g,0.03,g,,,1.33,g,32.84,mg,276.12,mg,0.12,mg,0.02,mg,26.57,mcg,,mcg,,mg,0.12,mg,0.18,mg,5.31,mg,0.43,mg,0.53,mg,5.22,mcg,,mcg,,mcg,,g,0.07,g,,,,,,,88.06,mg,6.25,g,3.64,mcg,,g,,g,,g,,g,,g,,g,0.58,g,,g,,g,,mcg,,mcg,,mg,,mcg,,mg,,,,,,g
7007,"Thịt bồ câu, cả con non (ra ràng), tươi",Thịt và sản phẩm chế biến,340.0,17.5,g,30.0,g,,,73.0,mcg,73.0,mcg,,,5.2,mg,45.0,mg,5.4,mg,54.0,mg,199.0,mg,2.2,mg,51.7,g,268.0,mg,884.0,mg,943.0,mg,1506.0,mg,1537.0,mg,552.0,mg,320.0,mg,773.0,mg,789.0,mg,967.0,mg,1210.0,mg,647.0,mg,1194.0,mg,1557.0,mg,2378.0,mg,1491.0,mg,839.0,mg,878.0,mg,8.43,g,4.79,g,2.69,g,9.72,g,6.26,g,3.07,g,2.67,g,,,,,0.8,g,22.0,mg,217.0,mg,0.44,mg,0.02,mg,13.3,mcg,,,,,0.1,mg,0.28,mg,5.3,mg,0.76,mg,0.41,mg,6.0,mcg,6.0,mcg,,,3.47,g,0.16,g,,,,,,,,,,,,,,,,,,,,,,,,,,,,,,,,,,,,,,,,,,,,,,
7008,"Thịt chó, sấn, tươi",Thịt và sản phẩm chế biến,338.0,16.0,g,30.4,g,,,,,,,,,,,16.0,mg,1.0,mg,20.0,mg,255.0,mg,,,53.0,g,,,,,,,,,,,,,,,,,,,,,,,,,,,,,,,,,,,,,,,,,,,,,,,,,,,,,,,0.6,g,46.0,mg,43.0,mg,,,,,,,,,,,0.04,mg,0.08,mg,1.8,mg,,,,,,,,,,,,,,,,,,,,,,,,,,,,,,,,,,,,,,,,,,,,,,,,,,,,,,,,,,,,
7009,"Thịt chó, vai, tươi",Thịt và sản phẩm chế biến,230.0,18.0,g,17.6,g,,,,,,,,,,,20.0,mg,0.7,mg,32.0,mg,176.0,mg,,,63.8,g,,,,,,,,,,,,,,,,,,,,,,,,,,,,,,,,,,,,,,,,,,,,,,,,,,,,,,,0.6,g,35.0,mg,36.0,mg,,,,,,,,,,,0.04,mg,0.08,mg,1.8,mg,,,,,,,,,,,,,,,,,,,,,,,,,,,,,,,,,,,,,,,,,,,,,,,,,,,,,,,,,,,,
7010,"Thịt cừu, nạc, tươi",Thịt và sản phẩm chế biến,219.0,16.4,g,17.0,g,,,30.0,mcg,30.0,mcg,,,3.0,mg,9.0,mg,2.5,mg,91.0,mg,256.0,mg,2.9,mg,65.8,g,212.0,mg,764.0,mg,933.0,mg,1395.0,mg,1580.0,mg,441.0,mg,307.0,mg,598.0,mg,598.0,mg,870.0,mg,212.0,mg,870.0,mg,1300.0,mg,454.0,mg,1028.0,mg,1466.0,mg,2320.0,mg,794.0,mg,6.7,g,3.3,g,2.5,g,9.7,g,7.5,g,,,1.2,g,0.3,g,,,0.8,g,27.0,mg,177.0,mg,0.16,mg,0.04,mg,17.8,mcg,,,,,0.17,mg,0.15,mg,5.8,mg,,,,,,,,,,,,,,,,,,,,,,,,,,,,,,,,,,,,,,,,,,,,,,,,,,,,,,,,,,,,
7011,"Thịt dê, nạc, tươi",Thịt và sản phẩm chế biến,122.0,20.7,g,4.3,g,,,91.0,mcg,91.0,mcg,,,1.0,mg,11.0,mg,2.0,mg,44.32,mg,208.11,mg,2.16,mg,74.4,g,306.0,mg,981.0,mg,1042.0,mg,1716.0,mg,1532.0,mg,552.0,mg,245.0,mg,715.0,mg,633.0,mg,1103.0,mg,1512.0,mg,429.0,mg,,,,,,,,,,,,,0.71,g,0.33,g,0.33,g,1.03,g,0.94,g,0.17,g,0.1,g,0.02,g,,,0.6,g,,,129.0,mg,0.14,mg,0.02,mg,4.76,mcg,,,,,0.07,mg,0.13,mg,4.9,mg,,,,,5.0,mcg,5.0,mcg,,,0.04,g,0.06,g,,,,,,,,,,,,,,,,,,,,,,,,,,,,,,,,,,,,,,,,,,,,,,
7011003,"Thịt dê, nạc, hấp",Thịt và sản phẩm chế biến,213.0,36.32,g,7.54,g,,,,,159.65,mcg,,,0.88,mg,19.3,mg,3.51,mg,143.86,mg,675.44,mg,7.02,mg,55.09,g,0.54,mg,1.72,mg,1.83,mg,3.01,mg,2.69,mg,0.97,mg,0.43,mg,1.25,mg,1.11,mg,1.94,mg,2.65,mg,0.75,mg,,mg,,mg,,mg,,mg,,mg,,mg,1.25,g,0.58,g,0.58,g,1.81,g,,g,0.3,g,0.18,g,0.04,g,,,1.05,g,,mg,226.32,mg,0.45,mg,0.07,mg,15.44,mcg,,mcg,,mg,0.1,mg,0.18,mg,6.88,mg,,mg,,mg,4.39,mcg,,mcg,,mcg,,g,0.11,g,,,159.65,mcg,,,100.0,mg,1.65,g,1.59,mcg,,g,,g,,g,,g,,g,,g,0.07,g,,g,,g,,mcg,,mcg,,mg,,mcg,,mg,,,,,,g
7012,"Thịt gà rừng, tươi",Thịt và sản phẩm chế biến,141.0,24.4,g,4.8,g,,,,,,,,,,,14.0,mg,0.4,mg,,,,,,,69.7,g,,,,,,,,,,,,,,,,,,,,,,,,,,,,,,,,,,,,,,,,,,,,,,,,,,,,,,,1.1,g,,,263.0,mg,,,,,,,,,,,,,,,,,,,,,,,,,,,,,,,,,,,,,,,,,,,,,,,,,,,,,,,,,,,,,,,,,,,,,,,,,,,,
7013,"Thịt gà ta, tươi",Thịt và sản phẩm chế biến,199.0,20.3,g,13.1,g,,,120.0,mcg,120.0,mcg,,,4.0,mg,12.0,mg,1.5,mg,70.0,mg,189.0,mg,1.5,mg,65.6,g,246.0,mg,787.0,mg,1293.0,mg,1629.0,mg,1859.0,mg,653.0,mg,288.0,mg,717.0,mg,595.0,mg,972.0,mg,1190.0,mg,432.0,mg,1088.0,mg,1965.0,mg,2848.0,mg,797.0,mg,925.0,mg,938.0,mg,3.75,g,2.74,g,0.76,g,5.43,g,4.5,g,2.81,g,2.51,g,0.12,g,,,1.0,g,29.0,mg,200.0,mg,0.05,mg,0.02,mg,14.4,mcg,,,0.3,mg,0.15,mg,0.16,mg,8.1,mg,0.91,mg,0.35,mg,6.0,mcg,6.0,mcg,1.5,mcg,0.72,g,0.07,g,,,,,,,,,,,,,,,,,,,,,,,,,,,,,,,,,,,,,,,,,,,,,,
7014,"Thịt gà tây, tươi",Thịt và sản phẩm chế biến,218.0,20.06,g,15.3,g,0.04,g,180.0,mcg,180.0,mcg,,,,,24.0,mg,3.2,mg,66.0,mg,236.0,mg,2.67,mg,63.6,g,198.0,mg,760.0,mg,746.0,mg,1267.0,mg,1356.0,mg,459.0,mg,154.0,mg,631.0,mg,538.0,mg,810.0,mg,1088.0,mg,472.0,mg,1042.0,mg,1622.0,mg,2536.0,mg,1071.0,mg,829.0,mg,666.0,mg,3.66,g,2.43,g,0.82,g,4.94,g,3.99,g,3.23,g,2.83,g,0.18,g,,,1.0,g,18.0,mg,320.0,mg,0.13,mg,0.02,mg,26.4,mcg,,,,,0.06,mg,0.08,mg,7.0,mg,0.92,mg,0.29,mg,9.0,mcg,9.0,mcg,,,0.84,g,0.14,g,,,,,,,,,,,,,,,,,,,,,,,,,,,,,,,,,,,,,,,,,,,,,,
7015,"Thịt hươu, tươi",Thịt và sản phẩm chế biến,94.0,19.0,g,2.0,g,,,8.0,mcg,8.0,mcg,,,,,11.0,mg,2.8,mg,51.0,mg,318.0,mg,2.09,mg,77.9,g,,,,,,,,,,,,,,,,,,,,,,,,,,,,,,,,,,,,,0.79,g,0.34,g,0.42,g,0.55,g,0.52,g,0.39,g,0.26,g,0.06,g,,,1.1,g,23.0,mg,205.0,mg,0.25,mg,0.04,mg,9.7,mcg,,,0.2,mg,0.26,mg,0.6,mg,5.1,mg,,,0.37,mg,4.0,mcg,4.0,mcg,1.1,mcg,0.02,g,0.08,g,,,,,,,,,,,,,,,,,,,,,,,,,,,,,,,,,,,,,,,,,,,,,,
7016,"Thịt lợn, mỡ, tươi",Thịt và sản phẩm chế biến,394.0,14.5,g,37.3,g,,,2.0,mcg,2.0,mcg,,,,,8.0,mg,0.4,mg,42.0,mg,253.0,mg,1.59,mg,47.5,g,160.0,mg,610.0,mg,616.0,mg,1088.0,mg,1230.0,mg,347.0,mg,169.0,mg,547.0,mg,454.0,mg,737.0,mg,911.0,mg,509.0,mg,832.0,mg,1249.0,mg,2062.0,mg,868.0,mg,672.0,mg,574.0,mg,12.44,g,7.65,g,4.2,g,15.93,g,14.66,g,3.8,g,3.3,g,0.29,g,,,0.7,g,13.0,mg,156.0,mg,0.06,mg,0.01,mg,28.4,mcg,,,,,,,,,,,0.53,mg,0.28,mg,4.0,mcg,4.0,mcg,,,0.99,g,0.11,g,,,,,,,,,,,,,,,,,,,,,,,,,,,,,,,,,,,,,,,,,,,,,,
7017,"Thịt lợn, nạc, tươi",Thịt và sản phẩm chế biến,139.0,19.0,g,7.0,g,,,2.0,mcg,2.0,mcg,,,0.8,mg,6.7,mg,0.96,mg,76.0,mg,341.0,mg,2.5,mg,73.0,g,230.0,mg,740.0,mg,940.0,mg,1190.0,mg,1440.0,mg,400.0,mg,202.0,mg,690.0,mg,644.0,mg,910.0,mg,1010.0,mg,510.0,mg,990.0,mg,1607.0,mg,2603.0,mg,1023.0,mg,821.0,mg,752.0,mg,2.47,g,1.57,g,0.77,g,3.23,g,2.93,g,0.77,g,0.62,g,0.03,g,,,1.0,g,32.0,mg,190.0,mg,0.19,mg,0.01,mg,23.9,mcg,,,,,0.9,mg,0.18,mg,4.4,mg,0.82,mg,0.42,mg,5.0,mcg,5.0,mcg,,,0.23,g,0.09,g,,,,,,,,,,,,,,,,,,,,,,,,,,,,,,,,,,,,,,,,,,,,,,
7018,"Thịt lợn, nửa nạc, nửa mỡ, tươi",Thịt và sản phẩm chế biến,260.0,16.5,g,21.5,g,,,10.0,mcg,10.0,mcg,,,2.0,mg,9.0,mg,1.5,mg,55.0,mg,285.0,mg,1.91,mg,60.9,g,202.0,mg,757.0,mg,767.0,mg,1344.0,mg,1517.0,mg,432.0,mg,210.0,mg,674.0,mg,567.0,mg,911.0,mg,1104.0,mg,640.0,mg,1014.0,mg,1547.0,mg,2568.0,mg,999.0,mg,789.0,mg,705.0,mg,7.29,g,4.52,g,2.41,g,9.34,g,8.58,g,2.24,g,1.88,g,0.16,g,,,1.1,g,19.0,mg,178.0,mg,0.06,mg,0.01,mg,28.7,mcg,,,,,0.53,mg,0.16,mg,2.7,mg,0.67,mg,0.39,mg,4.0,mcg,4.0,mcg,,,0.58,g,0.09,g,,,,,,,,,,,,,,,,,,,,,,,,,,,,,,,,,,,,,,,,,,,,,,
7018002,"Thịt lợn nửa nạc, nửa mỡ, luộc",Thịt và sản phẩm chế biến,220.0,13.98,g,18.22,g,,,,,8.47,mcg,,,0.85,mg,7.63,mg,1.27,mg,46.61,mg,241.53,mg,1.62,mg,66.86,g,0.17,mg,0.64,mg,0.65,mg,1.14,mg,1.29,mg,0.37,mg,0.18,mg,0.57,mg,0.48,mg,0.77,mg,0.94,mg,0.54,mg,0.86,mg,1.31,mg,2.18,mg,0.85,mg,0.67,mg,0.6,mg,6.18,g,3.83,g,2.04,g,7.92,g,,g,1.9,g,1.59,g,0.14,g,,,0.93,g,16.1,mg,150.85,mg,0.05,mg,0.01,mg,24.32,mcg,,mcg,,mg,0.36,mg,0.11,mg,1.83,mg,0.46,mg,0.27,mg,1.69,mcg,,mcg,,mcg,,g,0.08,g,,,8.47,mcg,,,57.63,mg,7.27,g,0.41,mcg,,g,,g,,g,,g,,g,,g,0.49,g,,g,,g,,mcg,,mcg,,mg,,mcg,,mg,,,,,,g
7019,"Thịt ngỗng, tươi",Thịt và sản phẩm chế biến,409.0,14.0,g,39.2,g,,,17.0,mcg,17.0,mcg,,,4.2,mg,13.0,mg,1.8,mg,73.0,mg,308.0,mg,1.72,mg,46.1,g,204.0,mg,651.0,mg,641.0,mg,1199.0,mg,1252.0,mg,350.0,mg,99.0,mg,618.0,mg,501.0,mg,699.0,mg,948.0,mg,395.0,mg,888.0,mg,1330.0,mg,2231.0,mg,869.0,mg,627.0,mg,565.0,mg,9.78,g,6.95,g,2.33,g,17.77,g,16.68,g,3.76,g,3.34,g,0.21,g,,,0.7,g,18.0,mg,210.0,mg,0.27,mg,0.02,mg,14.4,mcg,,,,,0.2,mg,0.19,mg,5.7,mg,1.29,mg,0.39,mg,4.0,mcg,4.0,mcg,,,0.98,g,,,,,,,,,,,,,,,,,,,,,,,,,,,,,,,,,,,,,,,,,,,,,,,,
7019002,"Thịt ngỗng, luộc",Thịt và sản phẩm chế biến,568.0,19.44,g,54.44,g,,,,,23.61,mcg,,,2.92,mg,18.06,mg,2.5,mg,101.39,mg,427.78,mg,2.39,mg,25.14,g,0.28,mg,0.9,mg,0.89,mg,1.67,mg,1.74,mg,0.49,mg,0.14,mg,0.86,mg,0.7,mg,0.97,mg,1.32,mg,0.55,mg,1.23,mg,1.85,mg,3.1,mg,1.21,mg,0.87,mg,0.78,mg,13.58,g,9.65,g,3.24,g,24.68,g,,g,5.22,g,4.64,g,0.29,g,,,0.97,g,25.0,mg,291.67,mg,0.38,mg,0.03,mg,20.0,mcg,,mcg,,mg,0.22,mg,0.21,mg,6.33,mg,1.44,mg,0.43,mg,2.78,mcg,,mcg,,mcg,,g,,,,,23.61,mcg,,,111.11,mg,23.17,g,0.38,mcg,,g,,g,,g,,g,,g,,g,1.36,g,,g,,g,,mcg,,mcg,,mg,,mcg,,mg,,,,,,g
7020,"Thịt ngựa, tươi",Thịt và sản phẩm chế biến,176.0,21.5,g,10.0,g,,,37.0,mcg,37.0,mcg,,,0.6,mg,13.0,mg,3.1,mg,62.0,mg,291.0,mg,4.61,mg,66.8,g,217.0,mg,839.0,mg,1398.0,mg,2043.0,mg,2150.0,mg,602.0,mg,280.0,mg,819.0,mg,796.0,mg,1077.0,mg,1548.0,mg,602.0,mg,1163.0,mg,1785.0,mg,2625.0,mg,925.0,mg,860.0,mg,908.0,mg,3.48,g,2.67,g,0.76,g,3.2,g,2.67,g,2.25,g,1.1,g,0.96,g,,,1.7,g,20.0,mg,200.0,mg,0.14,mg,0.02,mg,6.0,mcg,0.3,mcg,0.23,mg,0.07,mg,0.1,mg,4.2,mg,0.6,mg,0.5,mg,8.0,mcg,8.0,mcg,,,0.48,g,0.19,g,,,,,,,,,,,,,,,,,,,,,,,,,,,,,,,,,,,,,,,,,,,,,,
7021,"Thịt thỏ nhà, tươi",Thịt và sản phẩm chế biến,158.0,21.5,g,8.0,g,,,10.0,mcg,10.0,mcg,,,,,21.0,mg,1.6,mg,41.0,mg,330.0,mg,1.57,mg,69.3,g,337.0,mg,1136.0,mg,1207.0,mg,1456.0,mg,1811.0,mg,675.0,mg,273.0,mg,781.0,mg,746.0,mg,1420.0,mg,1243.0,mg,568.0,mg,1314.0,mg,2201.0,mg,3550.0,mg,1136.0,mg,1101.0,mg,1139.0,mg,1.66,g,1.25,g,0.26,g,1.5,g,1.28,g,1.08,g,0.86,g,0.22,g,,,1.2,g,19.0,mg,224.0,mg,0.15,mg,0.03,mg,23.7,mcg,,,0.4,mg,0.08,mg,0.06,mg,7.6,mg,0.8,mg,0.5,mg,8.0,mcg,8.0,mcg,,,0.18,g,,,,,,,,,,,,,,,,,,,,,,,,,,,,,,,,,,,,,,,,,,,,,,,,
7022,"Thịt thỏ rừng, tươi",Thịt và sản phẩm chế biến,103.0,23.5,g,1.0,g,,,,,,,,,,,17.0,mg,4.8,mg,50.0,mg,378.0,mg,,,74.3,g,288.0,mg,975.0,mg,1034.0,mg,1698.0,mg,1908.0,mg,545.0,mg,274.0,mg,895.0,mg,776.0,mg,1108.0,mg,1346.0,mg,611.0,mg,1315.0,mg,2129.0,mg,3496.0,mg,1183.0,mg,1065.0,mg,966.0,mg,0.3,g,0.22,g,0.05,g,0.27,g,0.23,g,0.19,g,0.16,g,0.04,g,,,1.2,g,29.0,mg,226.0,mg,,,,,9.4,mcg,,,,,0.09,mg,0.06,mg,8.07,mg,,,,,,,,,,,0.03,g,,,,,,,,,,,,,,,,,,,,,,,,,,,,,,,,,,,,,,,,,,,,,,,,
7023,"Thịt trâu, tươi",Thịt và sản phẩm chế biến,97.0,20.39,g,1.37,g,0.89,g,,,,,,,,,12.0,mg,1.61,mg,53.0,mg,297.0,mg,1.93,mg,76.3,g,249.0,mg,976.0,mg,1023.0,mg,1755.0,mg,1610.0,mg,511.0,mg,326.0,mg,817.0,mg,818.0,mg,1084.0,mg,1278.0,mg,675.0,mg,,,2034.0,mg,2956.0,mg,795.0,mg,780.0,mg,875.0,mg,0.46,g,0.25,g,0.19,g,0.42,g,0.37,g,0.27,g,0.16,g,0.04,g,,,1.05,g,32.0,mg,197.0,mg,0.15,mg,,,9.0,mcg,,,,,0.04,mg,0.2,mg,5.97,mg,0.16,mg,0.53,mg,8.0,mcg,8.0,mcg,,,0.03,g,0.07,g,,,,,,,,,,,,,,,,,,,,,,,,,,,,,,,,,,,,,,,,,,,,,,
7024,"Thịt trâu, bắp, tươi",Thịt và sản phẩm chế biến,115.0,21.9,g,3.0,g,,,,,,,,,,,30.0,mg,,,,,,,,,74.2,g,,,,,,,,,,,,,,,,,,,,,,,,,,,,,,,,,,,,,,,,,,,,,,,,,,,,,,,0.9,g,,,150.0,mg,,,,,,,,,,,,,,,,,,,,,,,,,,,,,,,,,,,,,,,,,,,,,,,,,,,,,,,,,,,,,,,,,,,,,,,,,,,,
7024002,"Thịt trâu bắp, luộc",Thịt và sản phẩm chế biến,171.0,32.69,g,4.48,g,,,,,,,,,,mg,44.78,mg,,mg,,mg,,mg,,mg,61.49,g,,mg,,mg,,mg,,mg,,mg,,mg,,mg,,mg,,mg,,mg,,mg,,mg,,mg,,mg,,mg,,mg,,mg,,mg,,g,,g,,g,,g,,g,,g,,g,,g,,,1.34,g,,mg,223.88,mg,,mg,,mg,,mcg,,mcg,,mg,,mg,,mg,,mg,,mg,,mg,,mcg,,mcg,,mcg,,g,,g,,,,mcg,,,,mg,,g,,mcg,,g,,g,,g,,g,,g,,g,,g,,g,,g,,mcg,,mcg,,mg,,mcg,,mg,,g,,g,,g
7024018,"Thịt trâu bắp, chần",Thịt và sản phẩm chế biến,153.0,29.2,g,4.0,g,,,,,,,,,,mg,40.0,mg,,mg,,mg,,mg,,mg,65.6,g,,mg,,mg,,mg,,mg,,mg,,mg,,mg,,mg,,mg,,mg,,mg,,mg,,mg,,mg,,mg,,mg,,mg,,mg,,g,,g,,g,,g,,g,,g,,g,,g,,,1.2,g,,mg,200.0,mg,,mg,,mg,,mcg,,mcg,,mg,,mg,,mg,,mg,,mg,,mg,,mcg,,mcg,,mcg,,g,,g,,,,mcg,,,,mg,,g,,mcg,,g,,g,,g,,g,,g,,g,,g,,g,,g,,mcg,,mcg,,mg,,mcg,,mg,,g,,g,,g
7025,"Thịt trâu, cổ, tươi",Thịt và sản phẩm chế biến,112.0,20.9,g,3.1,g,,,,,,,,,,,20.0,mg,,,,,,,,,74.9,g,,,,,,,,,,,,,,,,,,,,,,,,,,,,,,,,,,,,,,,,,,,,,,,,,,,,,,,1.1,g,,,160.0,mg,,,,,,,,,,,,,,,,,,,,,,,,,,,,,,,,,,,,,,,,,,,,,,,,,,,,,,,,,,,,,,,,,,,,,,,,,,,,
7026,"Thịt trâu, đùi, tươi",Thịt và sản phẩm chế biến,112.0,21.2,g,3.0,g,,,,,,,,,,,20.0,mg,,,,,,,,,74.9,g,,,,,,,,,,,,,,,,,,,,,,,,,,,,,,,,,,,,,,,,,,,,,,,,,,,,,,,0.9,g,,,215.0,mg,,,,,,,,,,,,,,,,,,,,,,,,,,,,,,,,,,,,,,,,,,,,,,,,,,,,,,,,,,,,,,,,,,,,,,,,,,,,
7027,"Thịt trâu, đùi, tươi",Thịt và sản phẩm chế biến,121.0,22.8,g,3.3,g,,,5.17,mcg,5.17,mcg,,,,,26.0,mg,3.3,mg,,,,,,,73.0,g,,,,,,,,,,,,,,,,,,,,,,,,,,,,,,,,,,,,,,,,,,,,,,,,,,,,,,,0.9,g,,,165.0,mg,,,,,,,,,,,0.06,mg,0.16,mg,3.5,mg,,,,,,,,,,,,,,,,,,,,,,,,,,,,,,,,,,,,,,,,,,,,,,,,,,,,,,,,,,,,
7027002,"Thịt trâu thăn, luộc",Thịt và sản phẩm chế biến,180.0,34.03,g,4.93,g,,,,,7.72,mcg,,,,mg,38.81,mg,4.93,mg,,mg,,mg,,mg,59.7,g,,mg,,mg,,mg,,mg,,mg,,mg,,mg,,mg,,mg,,mg,,mg,,mg,,mg,,mg,,mg,,mg,,mg,,mg,,g,,g,,g,,g,,g,,g,,g,,g,,,1.34,g,,mg,246.27,mg,,mg,,mg,,mcg,,mcg,,mg,0.07,mg,0.19,mg,4.18,mg,,mg,,mg,,mcg,,mcg,,mcg,,g,,g,,,7.72,mcg,,,,mg,,g,,mcg,,g,,g,,g,,g,,g,,g,,g,,g,,g,,mcg,,mcg,,mg,,mcg,,mg,,g,,g,,g
7027018,"Thịt trâu thăn, chần",Thịt và sản phẩm chế biến,161.0,30.4,g,4.4,g,,,,,6.89,mcg,,,,mg,34.67,mg,4.4,mg,,mg,,mg,,mg,64.0,g,,mg,,mg,,mg,,mg,,mg,,mg,,mg,,mg,,mg,,mg,,mg,,mg,,mg,,mg,,mg,,mg,,mg,,mg,,g,,g,,g,,g,,g,,g,,g,,g,,,1.2,g,,mg,220.0,mg,,mg,,mg,,mcg,,mcg,,mg,0.06,mg,0.17,mg,3.73,mg,,mg,,mg,,mcg,,mcg,,mcg,,g,,g,,,6.89,mcg,,,,mg,,g,,mcg,,g,,g,,g,,g,,g,,g,,g,,g,,g,,mcg,,mcg,,mg,,mcg,,mg,,g,,g,,g
7028,"Thịt vịt, tươi",Thịt và sản phẩm chế biến,267.0,17.8,g,21.8,g,,,270.0,mcg,270.0,mcg,,,2.8,mg,13.0,mg,1.8,mg,63.0,mg,209.0,mg,1.36,mg,59.5,g,144.0,mg,471.0,mg,537.0,mg,900.0,mg,912.0,mg,291.0,mg,180.0,mg,459.0,mg,395.0,mg,573.0,mg,770.0,mg,283.0,mg,777.0,mg,1102.0,mg,1709.0,mg,928.0,mg,686.0,mg,488.0,mg,7.33,g,5.31,g,1.77,g,10.36,g,9.27,g,2.82,g,2.6,g,0.22,g,,,0.9,g,15.0,mg,145.0,mg,0.24,mg,0.02,mg,12.4,mcg,,,0.7,mg,0.07,mg,0.15,mg,4.7,mg,0.95,mg,0.19,mg,13.0,mcg,13.0,mcg,5.5,mcg,0.85,g,,,,,,,,,,,,,,,,,,,,,,,,,,,,,,,,,,,,,,,,,,,,,,,,
7028002,"Thịt vịt, luộc",Thịt và sản phẩm chế biến,371.0,24.72,g,30.28,g,,,,,375.0,mcg,,,1.94,mg,18.06,mg,2.5,mg,87.5,mg,290.28,mg,1.89,mg,43.75,g,0.2,mg,0.65,mg,0.75,mg,1.25,mg,1.27,mg,0.4,mg,0.25,mg,0.64,mg,0.55,mg,0.8,mg,1.07,mg,0.39,mg,1.08,mg,1.53,mg,2.37,mg,1.29,mg,0.95,mg,0.68,mg,18.36,g,13.31,g,4.44,g,25.96,g,,g,7.06,g,6.51,g,0.54,g,,,1.25,g,20.83,mg,201.39,mg,0.33,mg,0.02,mg,17.22,mcg,,mcg,0.78,mg,0.08,mg,0.17,mg,5.22,mg,1.06,mg,0.21,mg,9.03,mcg,,mcg,7.64,mcg,,g,,,,,375.0,mcg,,,105.56,mg,23.24,g,0.28,mcg,,g,,g,,g,,g,,g,,g,2.14,g,,g,,g,,mcg,,mcg,,mg,,mcg,,mg,,,,,,g
7029,"Bầu dục bò, tươi",Thịt và sản phẩm chế biến,67.0,12.5,g,1.8,g,0.3,g,330.0,mcg,330.0,mcg,,,6.0,mg,9.0,mg,7.1,mg,200.0,mg,262.0,mg,1.92,mg,84.3,g,172.0,mg,667.0,mg,1011.0,mg,1514.0,mg,1138.0,mg,451.0,mg,286.0,mg,809.0,mg,575.0,mg,919.0,mg,971.0,mg,446.0,mg,824.0,mg,1183.0,mg,2241.0,mg,1106.0,mg,779.0,mg,732.0,mg,0.51,g,0.23,g,0.22,g,0.34,g,0.31,g,0.32,g,0.17,g,0.0,g,,,1.1,g,13.0,mg,219.0,mg,0.32,mg,0.1,mg,141.0,mcg,0.8,mcg,0.22,mg,0.4,mg,1.75,mg,5.1,mg,3.97,mg,0.67,mg,98.0,mcg,98.0,mcg,,,0.02,g,0.13,g,20.0,mcg,,,,,,,,,,,,,,,,,,,,,,,,,,,,,,,,,,,,,,,0.01,g,0.02,g,,
7029002,"Bầu dục bò, luộc",Thịt và sản phẩm chế biến,91.0,16.89,g,2.43,g,0.41,g,,,445.95,mcg,,,4.05,mg,12.16,mg,9.59,mg,270.27,mg,354.05,mg,2.59,mg,78.78,g,0.23,mg,0.9,mg,1.37,mg,2.05,mg,1.54,mg,0.61,mg,0.39,mg,1.09,mg,0.78,mg,1.24,mg,1.31,mg,0.6,mg,1.11,mg,1.6,mg,3.03,mg,1.49,mg,1.05,mg,0.99,mg,1.17,g,0.53,g,0.51,g,0.79,g,,g,0.74,g,0.39,g,0.01,g,,g,1.49,g,17.57,mg,295.95,mg,0.44,mg,0.14,mg,190.54,mcg,1.08,mcg,0.24,mg,0.43,mg,1.89,mg,5.51,mg,4.29,mg,0.72,mg,66.22,mcg,,mcg,,,,g,0.31,g,,,445.95,mcg,,,555.41,mg,0.72,g,29.73,mcg,,g,,g,,g,,g,,g,,g,0.05,g,,g,,g,,mcg,,mcg,,mg,,mcg,,mg,0.02,g,0.05,g,0.14,g
7030,"Bầu dục lợn, tươi",Thịt và sản phẩm chế biến,81.0,13.0,g,3.1,g,0.3,g,150.0,mcg,150.0,mcg,,,5.0,mg,8.0,mg,8.0,mg,121.0,mg,390.0,mg,2.75,mg,82.5,g,209.0,mg,704.0,mg,678.0,mg,1728.0,mg,1330.0,mg,339.0,mg,235.0,mg,548.0,mg,522.0,mg,913.0,mg,913.0,mg,574.0,mg,861.0,mg,1434.0,mg,2008.0,mg,965.0,mg,913.0,mg,782.0,mg,1.04,g,0.58,g,0.41,g,1.07,g,0.97,g,0.26,g,0.17,g,0.01,g,,,1.1,g,17.0,mg,223.0,mg,0.45,mg,0.1,mg,190.0,mcg,,,,,0.38,mg,1.12,mg,4.8,mg,3.13,mg,0.44,mg,42.0,mcg,42.0,mcg,,,0.09,g,0.08,g,,,,,,,,,,,,,,,,,,,,,,,,,,,,,,,,,,,,,,,,,,,,,,
7030002,"Bầu dục lợn, luộc",Thịt và sản phẩm chế biến,110.0,17.57,g,4.19,g,0.41,g,,,202.7,mcg,,,3.38,mg,10.81,mg,10.81,mg,163.51,mg,527.03,mg,3.72,mg,76.35,g,0.28,mg,0.95,mg,0.92,mg,2.34,mg,1.8,mg,0.46,mg,0.32,mg,0.74,mg,0.71,mg,1.23,mg,1.23,mg,0.78,mg,1.16,mg,1.94,mg,2.71,mg,1.3,mg,1.23,mg,1.06,mg,1.41,g,0.78,g,0.55,g,1.45,g,,g,0.35,g,0.23,g,0.01,g,,,1.49,g,22.97,mg,301.35,mg,0.6,mg,0.14,mg,256.76,mcg,,mcg,,mg,0.41,mg,1.21,mg,5.19,mg,3.38,mg,0.48,mg,28.38,mcg,,mcg,,mcg,,g,0.11,g,,,202.7,mcg,,,431.08,mg,1.31,g,9.18,mcg,,g,,g,,g,,g,,g,,g,0.12,g,,g,,g,,mcg,,mcg,,mg,,mcg,,mg,,,,,,g
7031,"Bì lợn, tươi",Thịt và sản phẩm chế biến,118.0,23.3,g,2.7,g,,,,,,,,,,,11.0,mg,0.4,mg,,,,,,,73.3,g,,,,,,,,,,,,,,,,,,,,,,,,,,,,,,,,,,,,,,,,,,,,,,,,,,,,,,,0.7,g,,,8.0,mg,,,,,,,,,,,0.29,mg,0.05,mg,,,,,,,,,,,,,,,,,,,,,,,,,,,,,,,,,,,,,,,,,,,,,,,,,,,,,,,,,,,,,,
7032,"Chân giò lợn, tươi",Thịt và sản phẩm chế biến,230.0,15.7,g,18.6,g,,,30.0,mcg,30.0,mcg,,,0.7,mg,24.0,mg,2.1,mg,47.0,mg,315.0,mg,1.93,mg,64.7,g,208.0,mg,776.0,mg,787.0,mg,1376.0,mg,1550.0,mg,444.0,mg,216.0,mg,689.0,mg,583.0,mg,931.0,mg,1120.0,mg,659.0,mg,1032.0,mg,1584.0,mg,2636.0,mg,992.0,mg,790.0,mg,720.0,mg,6.54,g,4.06,g,2.16,g,8.38,g,7.7,g,2.01,g,1.69,g,0.14,g,,,1.0,g,20.0,mg,106.0,mg,0.07,mg,0.02,mg,29.4,mcg,,,,,0.01,mg,0.07,mg,1.6,mg,0.69,mg,0.4,mg,7.0,mcg,7.0,mcg,,,0.53,g,0.09,g,,,,,,,,,,,,,,,,,,,,,,,,,,,,,,,,,,,,,,,,,,,,,,
7032002,"Thịt chân giò lợn, luộc",Thịt và sản phẩm chế biến,230.0,15.7,g,18.6,g,,,,,30.0,mcg,,,0.35,mg,24.0,mg,2.1,mg,47.0,mg,315.0,mg,1.93,mg,64.7,g,0.21,mg,0.78,mg,0.79,mg,1.38,mg,1.55,mg,0.44,mg,0.22,mg,0.69,mg,0.58,mg,0.93,mg,1.12,mg,0.66,mg,1.03,mg,1.58,mg,2.64,mg,0.99,mg,0.79,mg,0.72,mg,6.54,g,4.06,g,2.16,g,8.38,g,,g,2.01,g,1.69,g,0.14,g,,g,1.0,g,20.0,mg,106.0,mg,0.07,mg,0.02,mg,29.4,mcg,,mcg,,mg,0.01,mg,0.05,mg,1.28,mg,0.55,mg,0.32,mg,3.5,mcg,,mcg,,mcg,,g,0.09,g,,,30.0,mcg,,,73.0,mg,7.7,g,0.5,mcg,,g,,g,,g,,g,,g,,g,0.53,g,,g,,g,,mcg,,mcg,,mg,,mcg,,mg,,,,,,g
7033,"Dạ dày bò, tươi",Thịt và sản phẩm chế biến,97.0,14.8,g,4.2,g,,,,,,,,,,,150.0,mg,0.9,mg,97.0,mg,67.0,mg,1.42,mg,80.5,g,149.0,mg,504.0,mg,467.0,mg,784.0,mg,933.0,mg,280.0,mg,149.0,mg,448.0,mg,336.0,mg,579.0,mg,821.0,mg,336.0,mg,784.0,mg,989.0,mg,1754.0,mg,1213.0,mg,989.0,mg,579.0,mg,1.29,g,0.64,g,0.46,g,1.53,g,1.41,g,0.18,g,0.12,g,0.01,g,,,0.5,g,13.0,mg,85.0,mg,0.07,mg,0.09,mg,12.5,mcg,,,0.09,mg,0.04,mg,0.2,mg,3.6,mg,0.23,mg,0.01,mg,5.0,mcg,5.0,mcg,,,0.09,g,0.05,g,,,,,,,,,,,,,,,,,,,,,,,,,,,,,,,,,,,,,,,,,0.0,g,0.01,g,,
7034,"Dạ dày lợn, tươi",Thịt và sản phẩm chế biến,85.0,14.6,g,2.9,g,,,,,,,,,,,8.0,mg,1.4,mg,75.0,mg,140.0,mg,1.85,mg,81.7,g,,,,,,,,,,,,,,,,,,,,,,,,,,,,,,,,,,,,,1.15,g,0.65,g,0.46,g,1.03,g,,,0.26,g,0.21,g,0.01,g,,,0.8,g,11.0,mg,144.0,mg,0.17,mg,0.04,mg,31.1,mcg,,,0.04,mg,0.05,mg,0.18,mg,2.5,mg,1.22,mg,0.03,mg,3.0,mcg,3.0,mcg,,,,,0.03,g,,,,,,,,,,,,,,,,,,,,,,,,,,,,,,,,,,,,,,,,,0.01,g,,,,
7034002,"Dạ dày lợn, luộc",Thịt và sản phẩm chế biến,106.0,18.25,g,3.63,g,,,,,,,,,,,10.0,mg,1.75,mg,93.75,mg,175.0,mg,2.31,mg,77.13,g,,mg,,mg,,mg,,mg,,mg,,mg,,mg,,mg,,mg,,mg,,mg,,mg,,mg,,mg,,mg,,mg,,mg,,mg,5.03,g,2.83,g,1.99,g,4.49,g,,g,1.12,g,0.91,g,0.03,g,,,1.0,g,13.75,mg,180.0,mg,0.21,mg,0.05,mg,38.88,mcg,,mcg,0.04,mg,0.05,mg,0.18,mg,2.5,mg,1.22,mg,0.03,mg,1.88,mcg,,mcg,,,,g,0.14,g,,,,,,,278.75,mg,,,0.3,mcg,,g,,g,,g,,g,,g,,g,,,,g,,g,,mcg,,mcg,,mg,,mcg,,mg,0.03,g,,,0.16,g
7035,"Đầu bò, tươi",Thịt và sản phẩm chế biến,185.0,18.1,g,12.5,g,,,,,,,,,,,,,,,,,,,,,68.7,g,,,,,,,,,,,,,,,,,,,,,,,,,,,,,,,,,,,,,,,,,,,,,,,,,,,,,,,0.7,g,,,,,,,,,,,,,,,,,,,,,,,,,,,,,,,,,,,,,,,,,,,,,,,,,,,,,,,,,,,,,,,,,,,,,,,,,,,,,,,,
7036,"Đầu lợn, tươi",Thịt và sản phẩm chế biến,335.0,13.4,g,31.3,g,,,,,,,,,,,,,,,,,,,,,54.6,g,,,,,,,,,,,,,,,,,,,,,,,,,,,,,,,,,,,,,,,,,,,,,,,,,,,,,,,0.7,g,,,,,,,,,,,,,,,,,,,,,,,,,,,,,,,,,,,,,,,,,,,,,,,,,,,,,,,,,,,,,,,,,,,,,,,,,,,,,,,,
7037,"Đuôi bò, tươi",Thịt và sản phẩm chế biến,137.0,19.7,g,6.5,g,,,,,,,,,,,7.0,mg,2.5,mg,,,,,,,73.0,g,,,,,,,,,,,,,,,,,,,,,,,,,,,,,,,,,,,,,,,,,,,,,,,,,,,,,,,0.8,g,,,162.0,mg,,,,,,,,,,,0.03,mg,0.03,mg,5.4,mg,,,,,,,,,,,,,,,,,,,,,,,,,,,,,,,,,,,,,,,,,,,,,,,,,,,,,,,,,,,,
7038,"Đuôi lợn, tươi",Thịt và sản phẩm chế biến,467.0,10.8,g,47.1,g,,,,,,,,,,,18.0,mg,0.99,mg,21.0,mg,114.0,mg,2.31,mg,41.8,g,89.0,mg,550.0,mg,408.0,mg,905.0,mg,1012.0,mg,320.0,mg,230.0,mg,479.0,mg,320.0,mg,515.0,mg,1189.0,mg,302.0,mg,1278.0,mg,1384.0,mg,2130.0,mg,2361.0,mg,1509.0,mg,692.0,mg,11.64,g,7.6,g,3.51,g,15.8,g,14.58,g,3.68,g,3.19,g,0.28,g,,,0.3,g,56.0,mg,50.0,mg,0.08,mg,0.01,mg,2.7,mcg,,,,,0.21,mg,0.11,mg,2.06,mg,0.67,mg,0.37,mg,5.0,mcg,5.0,mcg,,,1.22,g,0.21,g,,,,,,,,,,,,,,,,,,,,,,,,,,,,,,,,,,,,,,,,,,,,,,
7039,"Gan bò, tươi",Thịt và sản phẩm chế biến,110.0,17.4,g,3.1,g,3.0,g,5000.0,mcg,5061.88,mcg,621.0,mcg,30.0,mg,5.0,mg,9.0,mg,110.0,mg,213.0,mg,4.0,mg,75.2,g,280.0,mg,754.0,mg,1119.0,mg,1818.0,mg,1523.0,mg,641.0,mg,243.0,mg,1122.0,mg,690.0,mg,1388.0,mg,1283.0,mg,562.0,mg,1097.0,mg,1742.0,mg,2675.0,mg,1180.0,mg,948.0,mg,793.0,mg,1.23,g,0.31,g,0.86,g,0.48,g,0.42,g,0.47,g,0.3,g,0.02,g,,,1.3,g,13.0,mg,340.0,mg,1.5,mg,0.3,mg,39.7,mcg,0.4,mcg,0.38,mg,0.4,mg,3.0,mg,17.0,mg,7.71,mg,1.08,mg,290.0,mcg,290.0,mcg,3.1,mcg,0.04,g,0.14,g,13.0,mcg,,,,,,,,,,,,,,,,,,,,,,,,,,,,,,,,,,,,,,,,,0.01,g,,
7040,"Gan gà, tươi",Thịt và sản phẩm chế biến,111.0,18.2,g,3.4,g,2.0,g,3290.0,mcg,3295.58,mcg,56.0,mcg,7.0,mg,21.0,mg,8.2,mg,71.0,mg,335.0,mg,2.67,mg,75.0,g,179.0,mg,676.0,mg,1295.0,mg,1633.0,mg,1244.0,mg,463.0,mg,213.0,mg,764.0,mg,534.0,mg,889.0,mg,960.0,mg,338.0,mg,940.0,mg,1437.0,mg,2417.0,mg,798.0,mg,747.0,mg,710.0,mg,1.1,g,0.62,g,0.46,g,0.88,g,0.79,g,0.58,g,0.33,g,0.0,g,,,1.4,g,17.0,mg,260.0,mg,0.3,mg,0.2,mg,54.6,mcg,,,0.7,mg,0.38,mg,1.63,mg,10.4,mg,6.23,mg,0.85,mg,588.0,mcg,588.0,mcg,,,0.07,g,0.23,g,40.0,mcg,,,,,,,,,,,,,,,,,,,,,,,,,,,,,,,,,,,,,,,,,0.0,g,,
7040002,"Gan gà, luộc",Thịt và sản phẩm chế biến,155.0,25.28,g,4.72,g,2.78,g,,,4577.2,mcg,77.78,mcg,4.86,mg,29.17,mg,11.39,mg,98.61,mg,465.28,mg,3.71,mg,65.28,g,0.25,mg,0.94,mg,1.8,mg,2.27,mg,1.73,mg,0.64,mg,0.3,mg,1.06,mg,0.74,mg,1.23,mg,1.33,mg,0.47,mg,1.31,mg,2.0,mg,3.36,mg,1.11,mg,1.04,mg,0.99,mg,2.17,g,1.23,g,0.92,g,1.73,g,,g,1.14,g,0.66,g,0.01,g,,g,1.94,g,23.61,mg,361.11,mg,0.42,mg,0.28,mg,75.83,mcg,,mcg,0.78,mg,0.42,mg,1.81,mg,11.56,mg,6.93,mg,0.95,mg,408.33,mcg,,mcg,,,,g,0.45,g,,,4569.44,mcg,,,479.17,mg,1.57,g,18.42,mcg,,g,,g,,g,,g,,g,,g,0.15,g,,g,,g,,mcg,,mcg,,mg,,mcg,,mg,,,0.01,g,0.09,g
7041,"Gan lợn, tươi",Thịt và sản phẩm chế biến,116.0,18.8,g,3.6,g,2.0,g,6000.0,mcg,6000.0,mcg,,,18.0,mg,7.0,mg,12.0,mg,110.0,mg,447.0,mg,5.76,mg,74.1,g,340.0,mg,900.0,mg,1020.0,mg,1580.0,mg,1260.0,mg,600.0,mg,236.0,mg,1150.0,mg,709.0,mg,1170.0,mg,1080.0,mg,490.0,mg,1223.0,mg,1992.0,mg,2622.0,mg,1160.0,mg,986.0,mg,1005.0,mg,1.17,g,0.44,g,0.7,g,0.52,g,0.46,g,0.87,g,0.35,g,0.03,g,,,1.5,g,17.0,mg,353.0,mg,0.51,mg,0.3,mg,52.7,mcg,,,,,0.4,mg,2.11,mg,16.2,mg,6.65,mg,0.69,mg,211.0,mcg,211.0,mcg,,,0.03,g,0.44,g,,,,,,,,,,,,,,,,,,,,,,,,,,,,,,,,,,,,,,,,,,,,,,
7041002,"Gan lợn, luộc",Thịt và sản phẩm chế biến,150.0,24.42,g,4.68,g,2.6,g,,,7792.21,mcg,,mcg,11.69,mg,9.09,mg,15.58,mg,142.86,mg,580.52,mg,7.48,mg,66.36,g,0.44,mg,1.17,mg,1.32,mg,2.05,mg,1.64,mg,0.78,mg,0.31,mg,1.49,mg,0.92,mg,1.52,mg,1.4,mg,0.64,mg,1.59,mg,2.59,mg,3.41,mg,1.51,mg,1.28,mg,1.31,mg,1.52,g,0.57,g,0.91,g,0.68,g,,g,1.13,g,0.45,g,0.04,g,,g,1.95,g,22.08,mg,458.44,mg,0.66,mg,0.39,mg,68.44,mcg,,mcg,,mg,0.42,mg,2.19,mg,16.83,mg,6.91,mg,0.72,mg,137.01,mcg,,mcg,,mcg,,g,0.57,g,,,7792.21,mcg,,,390.91,mg,0.6,g,27.01,mcg,,g,,g,,g,,g,,g,,g,0.04,g,,g,,g,,mcg,,mcg,,mg,,mcg,,mg,,,,,,g
7042,"Gan vịt, tươi",Thịt và sản phẩm chế biến,122.0,17.1,g,4.7,g,2.8,g,11984.0,mcg,11984.0,mcg,,,7.0,mg,17.0,mg,4.8,mg,140.0,mg,230.0,mg,3.07,mg,74.1,g,264.0,mg,833.0,mg,995.0,mg,1691.0,mg,1418.0,mg,444.0,mg,252.0,mg,932.0,mg,660.0,mg,1181.0,mg,1148.0,mg,498.0,mg,1088.0,mg,1781.0,mg,2428.0,mg,1088.0,mg,929.0,mg,806.0,mg,1.14,g,0.8,g,0.63,g,0.71,g,0.65,g,0.63,g,0.37,g,,,,,1.3,g,24.0,mg,177.0,mg,5.96,mg,0.26,mg,67.0,mcg,,,,,0.44,mg,1.28,mg,9.1,mg,6.18,mg,0.76,mg,738.0,mcg,738.0,mcg,,,0.05,g,0.26,g,,,,,,,,,,,,,,,,,,,,,,,,,,,,,,,,,,,,,,,,,,,,,,
7042002,"Gan vịt, luộc",Thịt và sản phẩm chế biến,156.0,21.92,g,6.03,g,3.59,g,,,15364.1,mcg,,mcg,4.49,mg,21.79,mg,6.15,mg,179.49,mg,294.87,mg,3.94,mg,66.79,g,0.34,mg,1.07,mg,1.28,mg,2.17,mg,1.82,mg,0.57,mg,0.32,mg,1.19,mg,0.85,mg,1.51,mg,1.47,mg,0.64,mg,1.39,mg,2.28,mg,3.11,mg,1.39,mg,1.19,mg,1.03,mg,1.46,g,1.03,g,0.81,g,0.91,g,,g,0.81,g,0.47,g,,,,g,1.67,g,30.77,mg,226.92,mg,7.64,mg,0.33,mg,85.9,mcg,,mcg,,mg,0.45,mg,1.31,mg,9.33,mg,6.34,mg,0.78,mg,473.08,mcg,,mcg,,mcg,,g,0.33,g,,,15364.1,mcg,,,660.26,mg,0.83,g,55.38,mcg,,g,,g,,g,,g,,g,,g,0.06,g,,g,,g,,mcg,,mcg,,mg,,mcg,,mg,,,,,,g
7043,"Gân chân bò, tươi",Thịt và sản phẩm chế biến,124.0,30.2,g,0.3,g,,,,,,,,,,,,,,,,,,,,,69.2,g,,,,,,,,,,,,,,,,,,,,,,,,,,,,,,,,,,,,,,,,,,,,,,,,,,,,,,,0.3,g,,,,,,,,,,,,,,,,,,,,,,,,,,,,,,,,,,,,,,,,,,,,,,,,,,,,,,,,,,,,,,,,,,,,,,,,,,,,,,,,
7043006,"Thịt bò, gân, kho/om",Thịt và sản phẩm chế biến,175.0,21.05,g,7.02,g,7.02,g,,,,,,,,,,,,,,,,,,,,,,mg,,mg,,mg,,mg,,mg,,mg,,mg,,mg,,mg,,mg,,mg,,mg,,mg,,mg,,mg,,mg,,mg,,mg,,,,,,,,,,,,,,,,,,,,,,,,,,mg,,,,,,,,,,,,,,,,,,,,,,,,,,,,,,,,,,,,,,,,,,,,,,,,,,,,,,,,,,,,,,,,,,,,,,,,,,
7044,"Lưỡi bò, tươi",Thịt và sản phẩm chế biến,164.0,13.6,g,12.1,g,0.2,g,,,,,,,3.0,mg,7.0,mg,3.0,mg,69.0,mg,315.0,mg,2.87,mg,73.2,g,114.0,mg,648.0,mg,641.0,mg,1113.0,mg,1149.0,mg,315.0,mg,195.0,mg,615.0,mg,482.0,mg,713.0,mg,949.0,mg,386.0,mg,858.0,mg,1361.0,mg,2053.0,mg,894.0,mg,696.0,mg,601.0,mg,5.26,g,3.17,g,1.58,g,5.44,g,4.93,g,0.68,g,0.44,g,,,,,0.9,g,16.0,mg,162.0,mg,0.17,mg,0.03,mg,9.4,mcg,,,,,0.07,mg,0.15,mg,4.8,mg,0.65,mg,0.31,mg,7.0,mcg,7.0,mcg,,,0.41,g,0.23,g,,,,,,,,,,,,,,,,,,,,,,,,,,,,,,,,,,,,,,,,,,,,,,
7044002,"Lưỡi bò, luộc",Thịt và sản phẩm chế biến,234.0,19.43,g,17.29,g,0.29,g,,,,,,,2.14,mg,10.0,mg,4.29,mg,98.57,mg,450.0,mg,4.1,mg,61.71,g,0.16,mg,0.93,mg,0.92,mg,1.59,mg,1.64,mg,0.45,mg,0.28,mg,0.88,mg,0.69,mg,1.02,mg,1.36,mg,0.55,mg,1.23,mg,1.94,mg,2.93,mg,1.28,mg,0.99,mg,0.86,mg,10.0,g,6.03,g,3.0,g,10.34,g,,g,1.29,g,0.83,g,,,,g,1.29,g,22.86,mg,231.43,mg,0.24,mg,0.04,mg,13.43,mcg,,mcg,,mg,0.08,mg,0.17,mg,5.49,mg,0.75,mg,0.35,mg,5.0,mcg,,mcg,,mcg,,g,0.44,g,,,,,,,124.29,mg,9.36,g,4.33,mcg,,g,,g,,g,,g,,g,,g,0.79,g,,g,,g,,mcg,,mcg,,mg,,mcg,,mg,,,,,,g
7045,"Lưỡi lợn, tươi",Thịt và sản phẩm chế biến,178.0,14.2,g,12.8,g,1.4,g,,,,,,,4.4,mg,7.0,mg,2.4,mg,110.0,mg,243.0,mg,3.01,mg,70.8,g,188.0,mg,689.0,mg,743.0,mg,1307.0,mg,1333.0,mg,365.0,mg,235.0,mg,675.0,mg,496.0,mg,848.0,mg,1007.0,mg,409.0,mg,861.0,mg,1515.0,mg,2052.0,mg,1205.0,mg,861.0,mg,678.0,mg,4.44,g,2.84,g,1.29,g,6.05,g,5.43,g,1.32,g,1.27,g,0.06,g,,,0.8,g,18.0,mg,118.0,mg,0.07,mg,0.01,mg,10.4,mcg,,,,,0.08,mg,0.23,mg,3.0,mg,0.64,mg,0.24,mg,4.0,mcg,4.0,mcg,,,0.48,g,,,,,,,,,,,,,,,,,,,,,,,,,,,,,,,,,,,,,,,,,,,,,,,,
7045002,"Lưỡi lợn, luộc",Thịt và sản phẩm chế biến,254.0,20.29,g,18.29,g,2.0,g,,,,,,,3.14,mg,10.0,mg,3.43,mg,157.14,mg,347.14,mg,4.3,mg,58.29,g,0.27,mg,0.98,mg,1.06,mg,1.87,mg,1.9,mg,0.52,mg,0.34,mg,0.96,mg,0.71,mg,1.21,mg,1.44,mg,0.58,mg,1.23,mg,2.16,mg,2.93,mg,1.72,mg,1.23,mg,0.97,mg,8.51,g,5.46,g,2.47,g,11.61,g,,g,2.54,g,2.43,g,0.11,g,,,1.14,g,25.71,mg,168.57,mg,0.1,mg,0.02,mg,14.86,mcg,,mcg,,mg,0.09,mg,0.26,mg,3.43,mg,0.73,mg,0.27,mg,2.86,mcg,,mcg,,mcg,,g,,,,,,,,,144.29,mg,10.43,g,3.25,mcg,,g,,g,,g,,g,,g,,g,0.91,g,,g,,g,,mcg,,mcg,,mg,,mcg,,mg,,,,,,g
7046,"Lòng lợn (ruột già), tươi",Thịt và sản phẩm chế biến,167.0,6.9,g,15.1,g,0.8,g,,,,,,,,,12.0,mg,0.5,mg,,,,,,,76.6,g,,,,,,,,,,,,,,,,,,,,,,,,,,,,,,,,,,,,,,,,,,,,,,,,,,,,,,,0.6,g,,,55.0,mg,,,,,,,,,,,0.09,mg,0.08,mg,1.6,mg,,,,,,,,,,,,,,,,,,,,,,,,,,,,,,,,,,,,,,,,,,,,,,,,,,,,,,,,,,,,
7047,"Lòng lợn (ruột non), tươi",Thịt và sản phẩm chế biến,44.0,7.2,g,1.3,g,0.8,g,,,,,,,,,7.0,mg,0.8,mg,,,,,,,90.5,g,,,,,,,,,,,,,,,,,,,,,,,,,,,,,,,,,,,,,,,,,,,,,,,,,,,,,,,0.2,g,,,48.0,mg,,,,,,,,,,,0.09,mg,0.08,mg,1.6,mg,,,,,,,,,,,,,,,,,,,,,,,,,,,,,,,,,,,,,,,,,,,,,,,,,,,,,,,,,,,,
7047002,"Lòng lợn (ruột non), luộc",Thịt và sản phẩm chế biến,55.0,9.0,g,1.63,g,1.0,g,,,,,,,,mg,8.75,mg,1.0,mg,,mg,,mg,,mg,88.13,g,,mg,,mg,,mg,,mg,,mg,,mg,,mg,,mg,,mg,,mg,,mg,,mg,,mg,,mg,,mg,,mg,,mg,,mg,,g,,g,,g,,g,,g,,g,,g,,g,,g,0.25,g,,mg,60.0,mg,,mg,,mg,,mcg,,mcg,,mg,0.09,mg,0.08,mg,1.6,mg,,mg,,mg,,mcg,,mcg,,mcg,,g,,g,,,,mcg,,,,mg,,g,,mcg,,g,,g,,g,,g,,g,,g,,g,,g,,g,,mcg,,mcg,,mg,,mcg,,mg,,g,,g,,g
7048,"Mề gà, tươi",Thịt và sản phẩm chế biến,99.0,21.3,g,1.3,g,0.6,g,19.0,mcg,19.0,mcg,,,3.7,mg,48.0,mg,6.6,mg,69.0,mg,237.0,mg,2.72,mg,75.6,g,180.0,mg,840.0,mg,840.0,mg,1300.0,mg,1300.0,mg,470.0,mg,240.0,mg,760.0,mg,550.0,mg,820.0,mg,1300.0,mg,380.0,mg,730.0,mg,1700.0,mg,3100.0,mg,960.0,mg,930.0,mg,820.0,mg,0.33,g,0.22,g,0.1,g,0.32,g,0.27,g,0.23,g,0.16,g,0.0,g,,,1.2,g,15.0,mg,150.0,mg,0.12,mg,0.06,mg,25.5,mcg,,,0.33,mg,0.04,mg,0.2,mg,4.8,mg,0.63,mg,0.11,mg,5.0,mcg,5.0,mcg,,,0.05,g,0.05,g,,,,,,,,,,,,,,,,,,,,,,,,,,,,,,,,,,,,,,,,,0.0,g,0.0,g,,
7048002,"Mề gà, luộc",Thịt và sản phẩm chế biến,127.0,27.31,g,1.67,g,0.77,g,,,24.36,mcg,,,2.37,mg,61.54,mg,8.46,mg,88.46,mg,303.85,mg,3.49,mg,68.72,g,0.23,mg,1.08,mg,1.08,mg,1.67,mg,1.67,mg,0.6,mg,0.31,mg,0.97,mg,0.71,mg,1.05,mg,1.67,mg,0.49,mg,0.94,mg,2.18,mg,3.97,mg,1.23,mg,1.19,mg,1.05,mg,0.68,g,0.44,g,0.21,g,0.66,g,,g,0.46,g,0.32,g,0.0,g,,,1.54,g,19.23,mg,192.31,mg,0.15,mg,0.07,mg,32.69,mcg,,mcg,0.34,mg,0.04,mg,0.21,mg,4.92,mg,0.65,mg,0.11,mg,3.21,mcg,,mcg,,,,g,0.11,g,,,24.36,mcg,,,307.69,mg,0.55,g,1.24,mcg,,g,,g,,g,,g,,g,,g,0.09,g,,g,,g,,mcg,,mcg,,mg,,mcg,,mg,0.0,g,0.01,g,0.08,g
7049,"Óc bò, tươi",Thịt và sản phẩm chế biến,124.0,9.0,g,9.5,g,0.5,g,,,7.33,mcg,88.0,mcg,10.7,mg,6.0,mg,0.9,mg,126.0,mg,274.0,mg,1.02,mg,79.4,g,,,678.0,mg,965.0,mg,888.0,mg,839.0,mg,482.0,mg,132.0,mg,703.0,mg,516.0,mg,592.0,mg,784.0,mg,320.0,mg,,,,,,,,,,,,,2.3,g,0.92,g,1.27,g,1.89,g,1.65,g,1.59,g,0.04,g,,,,,1.6,g,13.0,mg,311.0,mg,0.29,mg,0.03,mg,21.3,mcg,,,0.99,mg,0.13,mg,0.21,mg,3.8,mg,2.01,mg,0.23,mg,3.0,mcg,3.0,mcg,,,0.02,g,0.32,g,,,,,,,,,,,,,,,,,,,,,,,,,,,,,,,,,,,,,,,,,0.02,g,0.03,g,,
7049002,"Óc bò, luộc",Thịt và sản phẩm chế biến,134.0,9.78,g,10.33,g,0.54,g,,,7.97,mcg,95.65,mcg,5.82,mg,6.52,mg,0.98,mg,136.96,mg,297.83,mg,1.11,mg,77.61,g,,mg,0.74,mg,1.05,mg,0.97,mg,0.91,mg,0.52,mg,0.14,mg,0.76,mg,0.56,mg,0.64,mg,0.85,mg,0.35,mg,,mg,,mg,,mg,,mg,,mg,,mg,2.5,g,1.0,g,1.38,g,2.05,g,,g,1.72,g,0.04,g,,,,g,1.74,g,14.13,mg,338.04,mg,0.31,mg,0.03,mg,23.15,mcg,,mcg,0.86,mg,0.11,mg,0.18,mg,3.3,mg,1.75,mg,0.2,mg,1.63,mcg,,mcg,,,,g,0.35,g,,,,,,,3271.74,mg,1.79,g,8.27,mcg,,g,,g,,g,,g,,g,,g,0.02,g,,g,,g,,mcg,,mcg,,mg,,mcg,,mg,0.02,g,0.04,g,0.66,g
7050,"Óc lợn, tươi",Thịt và sản phẩm chế biến,123.0,9.0,g,9.5,g,0.4,g,,,,,,,13.5,mg,7.0,mg,1.6,mg,120.0,mg,258.0,mg,1.27,mg,80.1,g,132.0,mg,385.0,mg,605.0,mg,771.0,mg,748.0,mg,354.0,mg,165.0,mg,704.0,mg,316.0,mg,531.0,mg,712.0,mg,245.0,mg,,,1028.0,mg,1202.0,mg,493.0,mg,,,,,2.08,g,1.03,g,1.0,g,1.66,g,1.07,g,1.43,g,0.09,g,0.12,g,,,1.0,g,14.0,mg,311.0,mg,0.24,mg,0.09,mg,15.9,mcg,,,,,0.14,mg,0.19,mg,2.8,mg,2.8,mg,0.19,mg,6.0,mcg,6.0,mcg,,,0.12,g,0.47,g,,,,,,,,,,,,,,,,,,,,,,,,,,,,,,,,,,,,,,,,,,,,,,
7050002,"Óc lợn, luộc",Thịt và sản phẩm chế biến,134.0,9.78,g,10.33,g,0.43,g,,,,,,,7.34,mg,7.61,mg,1.74,mg,130.43,mg,280.43,mg,1.38,mg,78.37,g,0.14,mg,0.42,mg,0.66,mg,0.84,mg,0.81,mg,0.38,mg,0.18,mg,0.77,mg,0.34,mg,0.58,mg,0.77,mg,0.27,mg,,mg,1.12,mg,1.31,mg,0.54,mg,,mg,,mg,2.26,g,1.12,g,1.09,g,1.8,g,,g,1.55,g,0.1,g,0.13,g,,g,1.09,g,15.22,mg,338.04,mg,0.26,mg,0.1,mg,17.28,mcg,,mcg,,mg,0.12,mg,0.17,mg,2.43,mg,2.43,mg,0.17,mg,3.26,mcg,,mcg,,mcg,,g,0.51,g,,,,,,,2385.87,mg,1.16,g,1.9,mcg,,g,,g,,g,,g,,g,,g,0.13,g,,g,,g,,mcg,,mcg,,mg,,mcg,,mg,,,,,,g
7051,"Phổi bò, tươi",Thịt và sản phẩm chế biến,103.0,15.2,g,4.7,g,,,14.0,mcg,14.0,mcg,,,38.5,mg,10.0,mg,6.7,mg,198.0,mg,340.0,mg,1.61,mg,79.1,g,148.0,mg,575.0,mg,754.0,mg,1008.0,mg,1137.0,mg,406.0,mg,120.0,mg,526.0,mg,385.0,mg,731.0,mg,880.0,mg,393.0,mg,1001.0,mg,977.0,mg,1726.0,mg,734.0,mg,1659.0,mg,816.0,mg,0.86,g,0.45,g,0.23,g,0.64,g,0.47,g,0.34,g,0.17,g,0.02,g,,,1.0,g,14.0,mg,195.0,mg,0.26,mg,0.02,mg,44.3,mcg,,,,,0.1,mg,0.14,mg,1.1,mg,1.0,mg,0.04,mg,11.0,mcg,11.0,mcg,,,0.09,g,0.14,g,,,,,,,,,,,,,,,,,,,,,,,,,,,,,,,,,,,,,,,,,,,,,,
7052,"Phổi lợn, tươi",Thịt và sản phẩm chế biến,92.0,14.8,g,3.6,g,,,,,,,,,12.3,mg,9.0,mg,6.4,mg,153.0,mg,303.0,mg,2.03,mg,80.6,g,124.0,mg,599.0,mg,1119.0,mg,1210.0,mg,1389.0,mg,541.0,mg,141.0,mg,653.0,mg,447.0,mg,872.0,mg,1189.0,mg,468.0,mg,890.0,mg,1266.0,mg,1464.0,mg,1027.0,mg,901.0,mg,621.0,mg,0.96,g,0.63,g,0.29,g,0.61,g,0.56,g,0.34,g,0.12,g,,,,,1.0,g,14.0,mg,230.0,mg,0.08,mg,0.02,mg,17.8,mcg,,,,,0.02,mg,0.14,mg,0.6,mg,0.9,mg,0.1,mg,3.0,mcg,3.0,mcg,,,0.05,g,0.18,g,,,,,,,,,,,,,,,,,,,,,,,,,,,,,,,,,,,,,,,,,,,,,,
7053,"Sườn lợn, tươi",Thịt và sản phẩm chế biến,187.0,17.9,g,12.8,g,,,,,,,,,,,7.4,mg,0.61,mg,60.0,mg,200.0,mg,3.6,mg,68.2,g,190.0,mg,740.0,mg,850.0,mg,1270.0,mg,1560.0,mg,420.0,mg,120.0,mg,650.0,mg,590.0,mg,930.0,mg,1050.0,mg,650.0,mg,1050.0,mg,1560.0,mg,2290.0,mg,910.0,mg,250.0,mg,680.0,mg,4.69,g,2.89,g,1.54,g,5.42,g,4.54,g,1.43,g,1.32,g,0.12,g,,,1.1,g,14.0,mg,160.0,mg,0.1,mg,0.01,mg,6.9,mcg,0.69,mcg,0.1,mg,0.96,mg,0.23,mg,5.2,mg,0.6,mg,0.26,mg,2.0,mcg,2.0,mcg,,,0.31,g,,,,,,,,,,,,,,,,,,,,,,,,,,,,,,,,,,,,,,,,,,,0.03,g,,,,
7054,"Tai lợn, tươi",Thịt và sản phẩm chế biến,126.0,21.0,g,4.1,g,1.3,g,,,,,,,,,21.0,mg,2.4,mg,191.0,mg,55.0,mg,0.19,mg,72.9,g,43.0,mg,629.0,mg,492.0,mg,1167.0,mg,1052.0,mg,133.0,mg,200.0,mg,718.0,mg,402.0,mg,830.0,mg,1861.0,mg,269.0,mg,2220.0,mg,1660.0,mg,2805.0,mg,4400.0,mg,2848.0,mg,941.0,mg,1.46,g,0.92,g,0.49,g,1.86,g,1.75,g,0.44,g,0.38,g,0.04,g,,,0.7,g,7.0,mg,41.0,mg,0.01,mg,0.12,mg,4.3,mcg,,,,,0.08,mg,0.11,mg,0.78,mg,0.07,mg,0.02,mg,,,,,,,0.12,g,0.02,g,,,,,,,,,,,,,,,,,,,,,,,,,,,,,,,,,,,,,,,,,,,,,,
7054002,"Tai lợn, luộc",Thịt và sản phẩm chế biến,126.0,21.0,g,4.1,g,1.3,g,,,,,,,,,21.0,mg,2.4,mg,191.0,mg,55.0,mg,0.19,mg,72.9,g,0.04,mg,0.63,mg,0.49,mg,1.17,mg,1.05,mg,0.13,mg,0.2,mg,0.72,mg,0.4,mg,0.83,mg,1.86,mg,0.27,mg,2.22,mg,1.66,mg,2.81,mg,4.4,mg,2.85,mg,0.94,mg,5.39,g,3.38,g,1.8,g,6.86,g,,g,1.61,g,1.41,g,0.13,g,,g,0.7,g,7.0,mg,41.0,mg,0.01,mg,0.12,mg,4.3,mcg,,mcg,,mg,0.06,mg,0.09,mg,0.62,mg,0.05,mg,0.02,mg,,,,mcg,,mcg,,g,0.07,g,,,,,,,82.0,mg,6.43,g,0.06,mcg,,g,,g,,g,,g,,g,,g,0.43,g,,g,,g,,mcg,,mcg,,mg,,mcg,,mg,,,,,,g
7055,"Tim bò, tươi",Thịt và sản phẩm chế biến,89.0,15.0,g,3.0,g,0.6,g,6.0,mcg,6.0,mcg,,,7.0,mg,5.0,mg,5.4,mg,98.0,mg,287.0,mg,1.7,mg,80.4,g,145.0,mg,626.0,mg,1067.0,mg,1336.0,mg,1431.0,mg,506.0,mg,182.0,mg,628.0,mg,499.0,mg,750.0,mg,911.0,mg,412.0,mg,805.0,mg,1323.0,mg,1410.0,mg,662.0,mg,605.0,mg,633.0,mg,1.05,g,0.47,g,0.47,g,0.87,g,0.81,g,0.42,g,0.3,g,0.01,g,,,1.0,g,21.0,mg,185.0,mg,0.4,mg,0.04,mg,21.8,mcg,,,0.22,mg,0.31,mg,0.49,mg,6.8,mg,1.79,mg,0.28,mg,3.0,mcg,3.0,mcg,,,0.04,g,0.1,g,17.0,mcg,,,,,,,,,,,,,,,,,,,,,,,,,,,,,,,,,,,,,,,0.0,g,,,,
7055002,"Tim bò, luộc",Thịt và sản phẩm chế biến,131.0,22.06,g,4.41,g,0.88,g,,,8.82,mcg,,,5.15,mg,7.35,mg,7.94,mg,144.12,mg,422.06,mg,2.5,mg,71.18,g,0.21,mg,0.92,mg,1.57,mg,1.96,mg,2.1,mg,0.74,mg,0.27,mg,0.92,mg,0.73,mg,1.1,mg,1.34,mg,0.61,mg,1.18,mg,1.95,mg,2.07,mg,0.97,mg,0.89,mg,0.93,mg,2.03,g,0.91,g,0.92,g,1.67,g,,g,0.8,g,0.58,g,0.02,g,,g,1.47,g,30.88,mg,272.06,mg,0.58,mg,0.05,mg,32.06,mcg,,mcg,0.26,mg,0.36,mg,0.58,mg,8.0,mg,2.11,mg,0.33,mg,2.21,mcg,,mcg,,,,g,0.19,g,,,8.82,mcg,,,182.35,mg,1.56,g,10.06,mcg,,g,,g,,g,,g,,g,,g,0.09,g,,g,,g,,mcg,,mcg,,mg,,mcg,,mg,0.01,g,,,0.26,g
7056,"Tim gà, tươi",Thịt và sản phẩm chế biến,114.0,16.0,g,5.5,g,,,9.0,mcg,9.0,mcg,,,3.2,mg,12.0,mg,5.96,mg,74.0,mg,176.0,mg,6.59,mg,77.5,g,199.0,mg,704.0,mg,833.0,mg,1355.0,mg,1303.0,mg,376.0,mg,211.0,mg,696.0,mg,557.0,mg,880.0,mg,997.0,mg,408.0,mg,980.0,mg,1512.0,mg,2308.0,mg,863.0,mg,793.0,mg,627.0,mg,1.57,g,0.85,g,0.46,g,1.4,g,1.17,g,1.6,g,1.13,g,0.04,g,,,1.0,g,15.0,mg,177.0,mg,0.35,mg,0.09,mg,4.3,mcg,,,,,0.15,mg,0.73,mg,4.88,mg,2.56,mg,0.36,mg,72.0,mcg,72.0,mcg,,,0.23,g,0.42,g,,,,,,,,,,,,,,,,,,,,,,,,,,,,,,,,,,,,,,,,,,,,,,
7056002,"Tim gà, luộc",Thịt và sản phẩm chế biến,160.0,22.54,g,7.75,g,,,,,12.68,mcg,,,2.25,mg,16.9,mg,8.39,mg,104.23,mg,247.89,mg,9.28,mg,68.31,g,0.28,mg,0.99,mg,1.17,mg,1.91,mg,1.84,mg,0.53,mg,0.3,mg,0.98,mg,0.78,mg,1.24,mg,1.4,mg,0.57,mg,1.38,mg,2.13,mg,3.25,mg,1.22,mg,1.12,mg,0.88,mg,3.75,g,2.04,g,1.1,g,3.34,g,,g,3.82,g,2.69,g,0.1,g,,g,1.41,g,21.13,mg,249.3,mg,0.49,mg,0.13,mg,6.06,mcg,,mcg,,mg,0.17,mg,0.82,mg,5.5,mg,2.88,mg,0.41,mg,50.7,mcg,,mcg,,mcg,,g,1.01,g,,,12.68,mcg,,,191.55,mg,2.79,g,8.21,mcg,,g,,g,,g,,g,,g,,g,0.55,g,,g,,g,,mcg,,mcg,,mg,,mcg,,mg,,,,,,g
7057,"Tim lợn, tươi",Thịt và sản phẩm chế biến,94.0,15.1,g,3.2,g,1.2,g,8.0,mcg,8.0,mcg,,,1.0,mg,7.0,mg,5.9,mg,56.0,mg,294.0,mg,2.8,mg,79.5,g,222.0,mg,762.0,mg,846.0,mg,1490.0,mg,1371.0,mg,406.0,mg,170.0,mg,762.0,mg,627.0,mg,965.0,mg,1049.0,mg,422.0,mg,1100.0,mg,1760.0,mg,2488.0,mg,914.0,mg,811.0,mg,762.0,mg,0.85,g,0.43,g,0.33,g,0.75,g,0.66,g,0.82,g,0.57,g,0.06,g,,,1.0,g,19.0,mg,213.0,mg,0.41,mg,0.06,mg,10.4,mcg,,,,,0.34,mg,0.49,mg,5.7,mg,2.52,mg,0.39,mg,4.0,mcg,4.0,mcg,,,0.07,g,0.2,g,,,,,,,,,,,,,,,,,,,,,,,,,,,,,,,,,,,,,,,,,,,,,,
7057002,"Tim lợn, luộc",Thịt và sản phẩm chế biến,138.0,22.21,g,4.71,g,1.76,g,,,11.76,mcg,,,0.74,mg,10.29,mg,8.68,mg,82.35,mg,432.35,mg,4.12,mg,69.85,g,0.33,mg,1.12,mg,1.24,mg,2.19,mg,2.02,mg,0.6,mg,0.25,mg,1.12,mg,0.92,mg,1.42,mg,1.54,mg,0.62,mg,1.62,mg,2.59,mg,3.66,mg,1.34,mg,1.19,mg,1.12,mg,1.71,g,0.87,g,0.66,g,1.5,g,,g,1.65,g,1.13,g,0.12,g,,g,1.47,g,27.94,mg,313.24,mg,0.6,mg,0.09,mg,15.29,mcg,,mcg,,mg,0.4,mg,0.58,mg,6.71,mg,2.96,mg,0.46,mg,2.94,mcg,,mcg,,mcg,,g,0.4,g,,,11.76,mcg,,,192.65,mg,1.32,g,4.46,mcg,,g,,g,,g,,g,,g,,g,0.15,g,,g,,g,,mcg,,mcg,,mg,,mcg,,mg,,,,,,g
7058,"Tiết bò, tươi",Thịt và sản phẩm chế biến,75.0,18.0,g,0.2,g,0.4,g,30.0,mcg,30.0,mcg,,,,,8.0,mg,52.6,mg,,,,,,,80.4,g,,,1281.0,mg,403.0,mg,2800.0,mg,3269.0,mg,781.0,mg,1735.0,mg,1438.0,mg,774.0,mg,2125.0,mg,1246.0,mg,1932.0,mg,,,,,,,,,,,,,,,,,,,,,,,,,,,,,,,1.0,g,,,31.0,mg,,,,,,,,,,,0.09,mg,0.03,mg,0.6,mg,,,,,,,,,,,,,,,,,,,,,,,,,,,,,,,,,,,,,,,,,,,,,,,,,,,,,,,,,,,,
7058002,"Tiết bò, luộc",Thịt và sản phẩm chế biến,75.0,17.82,g,0.2,g,0.4,g,,,29.7,mcg,,,,mg,7.92,mg,52.08,mg,,mg,,mg,,mg,80.59,g,,mg,1.27,mg,0.4,mg,2.77,mg,3.24,mg,0.77,mg,1.72,mg,1.42,mg,0.77,mg,2.1,mg,1.23,mg,1.91,mg,,mg,,mg,,mg,,mg,,mg,,mg,,g,,g,,g,,g,,g,,g,,g,,g,,g,0.99,g,,mg,30.69,mg,,mg,,mg,,mcg,,mcg,,mg,0.07,mg,0.02,mg,0.48,mg,,mg,,mg,,mcg,,mcg,,mcg,,g,,g,,,29.7,mcg,,,,mg,,g,,mcg,,g,,g,,g,,g,,g,,g,,g,,g,,g,,mcg,,mcg,,mg,,mcg,,mg,,g,,g,,g
7059,"Tiết lợn, luộc",Thịt và sản phẩm chế biến,44.0,10.7,g,0.1,g,,,93.0,mcg,93.0,mcg,,,,,7.0,mg,25.9,mg,343.0,mg,131.0,mg,,,86.8,g,,,,,,,,,,,,,,,,,,,,,,,,,,,,,,,,,,,,,,,,,,,,,,,,,,,,,,,2.4,g,65.0,mg,12.0,mg,,,,,,,,,,,,,0.1,mg,0.6,mg,,,,,,,,,,,,,,,,,,,,,,,,,,,,,,,,,,,,,,,,,,,,,,,,,,,,,,,,,,,,
7060,"Tiết lợn, tươi",Thịt và sản phẩm chế biến,25.0,5.7,g,0.1,g,0.2,g,25.83,mcg,25.83,mcg,,,,,7.0,mg,20.4,mg,,,,,,,91.9,g,,,268.0,mg,173.0,mg,473.0,mg,800.0,mg,134.0,mg,50.0,mg,410.0,mg,716.0,mg,608.0,mg,383.0,mg,593.0,mg,,,,,,,,,,,,,,,,,,,,,,,,,,,,,,,2.1,g,,,7.0,mg,,,,,,,,,,,,,0.1,mg,0.6,mg,,,,,,,,,,,,,,,,,,,,,,,,,,,,,,,,,,,,,,,,,,,,,,,,,,,,,,,,,,,,
7061,"Tủy xương bò, tươi",Thịt và sản phẩm chế biến,814.0,1.1,g,89.9,g,,,,,,,,,,,89.0,mg,,,,,,,,,8.7,g,,,,,,,,,,,,,,,,,,,,,,,,,,,,,,,,,,,,,,,,,,,,,,,,,,,,,,,0.3,g,,,,,,,,,,,,,,,,,0.01,mg,0.1,mg,,,,,,,,,,,,,,,,,,,,,,,,,,,,,,,,,,,,,,,,,,,,,,,,,,,,,,,,,,,,
7062,"Tủy xương lợn, tươi",Thịt và sản phẩm chế biến,749.0,2.3,g,82.2,g,,,,,,,,,,,,,,,,,,,,,15.0,g,,,,,,,,,,,,,,,,,,,,,,,,,,,,,,,,,,,,,,,,,,,,,,,,,,,,,,,0.5,g,,,,,,,,,,,,,,,,,,,,,,,,,,,,,,,,,,,,,,,,,,,,,,,,,,,,,,,,,,,,,,,,,,,,,,,,,,,,,,,,
7063,Ba tê lợn,Thịt và sản phẩm chế biến,326.0,10.8,g,24.6,g,15.4,g,,,1128.0,mcg,,,,,25.7,mg,4.2,mg,95.0,mg,166.0,mg,,,47.5,g,,,,,,,,,,,,,,,,,,,,,,,,,,,,,,,,,,,,,,,,,,,,,,,,,,,,,,,1.7,g,100.0,mg,88.0,mg,,,,,,,,,,,,,,,,,,,,,,,,,,,,,,,,,,,,,,,,,,,,,,,,,,,,,,,,,,,,,,,,,,,,,,,,,,,,
7064,Chả lợn,Thịt và sản phẩm chế biến,517.0,10.8,g,50.4,g,5.1,g,,,,,,,,,20.0,mg,1.8,mg,339.0,mg,407.0,mg,4.6,mg,32.6,g,,,,,,,,,,,,,,,,,,,,,,,,,,,,,,,,,,,,,,,,,,,,,,,,,,,,,,,1.1,g,192.0,mg,100.0,mg,,,,,,,,,,,1.0,mg,0.31,mg,6.0,mg,,,0.56,mg,,,,,,,,,,,,,,,,,,,,,,,,,,,,,,,,,,,,,,,,,,,,,,,,,,,,,,,,
7065,Chả quế lợn,Thịt và sản phẩm chế biến,416.0,16.2,g,39.0,g,,,,,,,,,,,16.4,mg,2.1,mg,,,,,,,42.5,g,,,,,,,,,,,,,,,,,,,,,,,,,,,,,,,,,,,,,,,,,,,,,,,,,,,,,,,2.3,g,,,44.8,mg,,,,,,,,,,,,,,,,,,,,,,,,,,,,,,,,,,,,,,,,,,,,,,,,,,,,,,,,,,,,,,,,,,,,,,,,,,,,
7066,Dăm bông lợn,Thịt và sản phẩm chế biến,318.0,23.0,g,25.0,g,0.3,g,,,,,,,,,10.0,mg,2.1,mg,,,,,,,48.7,g,313.0,mg,1129.0,mg,1178.0,mg,1737.0,mg,1864.0,mg,621.0,mg,258.0,mg,961.0,mg,826.0,mg,1194.0,mg,1465.0,mg,759.0,mg,1265.0,mg,2054.0,mg,3326.0,mg,1311.0,mg,1049.0,mg,961.0,mg,,,,,,,,,,,,,,,,,,,3.0,g,,,110.0,mg,,,,,,,,,,,0.4,mg,0.19,mg,3.8,mg,,,,,,,,,,,,,,,,,,,,,,,,,,,,,,,,,,,,,,,,,,,,,,,,,,,,,,,,,,,,
7067,"Dồi lợn, chín",Thịt và sản phẩm chế biến,114.0,12.4,g,7.1,g,,,,,,,,,,,28.0,mg,,,,,,,,,78.9,g,,,,,,,,,,,,,,,,,,,,,,,,,,,,,,,,,,,,,,,,,,,,,,,,,,,,,,,1.6,g,,,23.0,mg,,,,,,,,,,,,,,,,,,,,,,,,,,,,,,,,,,,,,,,,,,,,,,,,,,,,,,,,,,,,,,,,,,,,,,,,,,,,
7068,"Giò bò, chín",Thịt và sản phẩm chế biến,335.0,18.2,g,29.0,g,,,,,,,,,,,17.8,mg,3.2,mg,,,,,,,50.3,g,,,,,,,,,,,,,,,,,,,,,,,,,,,,,,,,,,,,,,,,,,,,,,,,,,,,,,,3.9,g,,,12.2,mg,,,,,,,,,,,,,,,,,,,,,,,,,,,,,,,,,,,,,,,,,,,,,,,,,,,,,,,,,,,,,,,,,,,,,,,,,,,,
7069,"Giò lụa, chín",Thịt và sản phẩm chế biến,205.0,16.9,g,15.0,g,1.8,g,,,,,,,,,,,,,,,,,,,65.3,g,,,,,,,,,,,,,,,,,,,,,,,,,,,,,,,,,,,,,,,,,,,,,,,,,,,,,,,1.0,g,,,,,,,,,,,,,,,,,,,,,,,,,,,,,,,,,,,,,,,,,,,,,,,,,,,,,,,,,,,,,,,,,,,,,,,,,,,,,,,,
7070,"Giò thủ lợn, chín",Thịt và sản phẩm chế biến,553.0,16.0,g,54.3,g,,,,,,,,,,,,,,,,,,,,,29.0,g,,,,,,,,,,,,,,,,,,,,,,,,,,,,,,,,,,,,,,,,,,,,,,,,,,,,,,,0.7,g,,,,,,,,,,,,,,,,,,,,,,,,,,,,,,,,,,,,,,,,,,,,,,,,,,,,,,,,,,,,,,,,,,,,,,,,,,,,,,,,
7071,"Lạp xường, lạp sườn",Thịt và sản phẩm chế biến,585.0,20.8,g,55.0,g,1.7,g,,,,,,,,,52.0,mg,3.0,mg,,,,,,,18.8,g,,,,,,,,,,,,,,,,,,,,,,,,,,,,,,,,,,,,,,,,,,,,,,,,,,,,,,,3.7,g,,,175.0,mg,,,,,,,,,,,0.46,mg,0.24,mg,4.7,mg,,,,,,,,,,,,,,,,,,,,,,,,,,,,,,,,,,,,,,,,,,,,,,,,,,,,,,,,,,,,
7072,Nem chạo,Thịt và sản phẩm chế biến,116.0,12.1,g,1.6,g,12.9,g,,,,,,,,,23.8,mg,1.6,mg,70.0,mg,38.0,mg,,,71.5,g,,,,,,,,,,,,,,,,,,,,,,,,,,,,,,,,,,,,,,,,,,,,,,,,,,,,,,,1.9,g,65.0,mg,,,,,,,,,,,,,,,,,,,,,,,,,,,,,,,,,,,,,,,,,,,,,,,,,,,,,,,,,,,,,,,,,,,,,,,,,,,,,,
7073,Nem chua,Thịt và sản phẩm chế biến,125.0,20.7,g,3.3,g,3.2,g,,,,,,,,,24.0,mg,,,476.0,mg,194.0,mg,,,70.5,g,,,,,,,,,,,,,,,,,,,,,,,,,,,,,,,,,,,,,,,,,,,,,,,,,,,,,,,2.3,g,86.0,mg,78.0,mg,,,,,,,,,,,,,,,,,,,,,,,,,,,,,,,,,,,,,,,,,,,,,,,,,,,,,,,,,,,,,,,,,,,,,,,,,,,,
7074,Ruốc thịt lợn,Thịt và sản phẩm chế biến,369.0,46.6,g,20.3,g,,,,,,,,,,,28.5,mg,0.3,mg,1472.0,mg,371.0,mg,,,25.8,g,,,,,,,,,,,,,,,,,,,,,,,,,,,,,,,,,,,,,,,,,,,,,,,,,,,,,,,7.3,g,64.0,mg,15.5,mg,,,,,,,,,,,,,,,,,,,,,,,,,,,,,,,,,,,,,,,,,,,,,,,,,,,,,,,,,,,,,,,,,,,,,,,,,,,,
7075,Thịt bò khô,Thịt và sản phẩm chế biến,239.0,51.0,g,1.6,g,5.2,g,,,,,,,,,31.0,mg,8.1,mg,312.0,mg,135.0,mg,,,32.4,g,,,,,,,,,,,,,,,,,,,,,,,,,,,,,,,,,,,,,,,,,,,,,,,,,,,,,,,9.8,g,80.0,mg,476.0,mg,,,,,,,,,,,0.13,mg,0.19,mg,30.3,mg,,,,,,,,,,,,,,,,,,,,,,,,,,,,,,,,,,,,,,,,,,,,,,,,,,,,,,,,,,,,
7076,Thịt trâu khô,Thịt và sản phẩm chế biến,226.0,50.4,g,2.7,g,,,,,,,,,,,,,,,,,,,,,36.4,g,,,,,,,,,,,,,,,,,,,,,,,,,,,,,,,,,,,,,,,,,,,,,,,,,,,,,,,10.5,g,,,,,,,,,,,,,,,,,,,,,,,,,,,,,,,,,,,,,,,,,,,,,,,,,,,,,,,,,,,,,,,,,,,,,,,,,,,,,,,,
7077,Xúc xích,Thịt và sản phẩm chế biến,535.0,27.2,g,47.4,g,,,,,,,,,,,7.0,mg,1.9,mg,287.0,mg,219.0,mg,,,17.0,g,,,,,,,,,,,,,,,,,,,,,,,,,,,,,,,,,,,,,,,,,,,,,,,,,,,,,,,8.4,g,77.0,mg,139.0,mg,,,,,,,,,,,0.34,mg,,,,,,,,,,,,,,,,,,,,,,,,,,,,,,,,,,,,,,,,,,,,,,,,,,,,,,,,,,,,,,,,
7078,Bột cóc,Thịt và sản phẩm chế biến,342.0,55.4,g,13.4,g,,,,,,,,,,,,,7.7,mg,,,,,,,7.2,g,,,,,,,,,,,,,,,,,,,,,,,,,,,,,,,,,,,,,,,,,,,,,,,,,,,,,,,24.0,g,,,,,,,,,,,,,,,0.7,mg,1.3,mg,6.1,mg,,,0.6,mg,77.0,mcg,77.0,mcg,,,,,,,,,,,,,,,,,,,,,,,,,,,,,,,,,,,,,,,,,,,,,,,,,,,,
7079,"Châu chấu, sống",Thịt và sản phẩm chế biến,130.0,24.3,g,3.6,g,,,,,,,,,,,210.0,mg,0.4,mg,,,,,,,71.1,g,,,,,,,,,,,,,,,,,,,,,,,,,,,,,,,,,,,,,,,,,,,,,,,,,,,,,,,1.0,g,,,270.0,mg,,,,,,,,,,,,,,,,,,,,,,,,,,,,,,,,,,,,,,,,,,,,,,,,,,,,,,,,,,,,,,,,,,,,,,,,,,,,
7080,"Ếch (thịt đùi), tươi",Thịt và sản phẩm chế biến,90.0,20.0,g,1.1,g,,,15.0,mcg,15.0,mcg,,,,,18.0,mg,1.5,mg,58.0,mg,285.0,mg,1.0,mg,75.0,g,,,,,,,,,,,,,,,,,,,,,,,,,,,,,,,,,,,,,0.08,g,0.05,g,0.02,g,0.05,g,0.04,g,0.1,g,0.02,g,0.01,g,,,3.9,g,20.0,mg,147.0,mg,0.25,mg,,,14.1,mcg,,,1.0,mg,0.14,mg,0.25,mg,1.2,mg,,,0.12,mg,15.0,mcg,15.0,mcg,0.1,mcg,0.01,g,0.03,g,,,,,,,,,,,,,,,,,,,,,,,,,,,,,,,,,,,,,,,,,,,,,,
7081,"Nhộng, tươi",Thịt và sản phẩm chế biến,111.0,13.0,g,6.5,g,,,,,,,,,,,40.0,mg,,,,,,,,,79.7,g,,,,,,,,,,,,,,,,,,,,,,,,,,,,,,,,,,,,,,,,,,,,,,,,,,,,,,,0.8,g,,,109.0,mg,,,,,,,,,,,,,,,,,,,,,,,,,,,,,,,,,,,,,,,,,,,,,,,,,,,,,,,,,,,,,,,,,,,,,,,,,,,,
7082,"Lòng gà (cả bộ), tươi",Thịt và sản phẩm chế biến,119.0,17.88,g,4.47,g,1.79,g,2657.0,mcg,2657.0,mcg,,,16.2,mg,10.0,mg,5.86,mg,77.0,mg,228.0,mg,3.32,mg,74.87,g,204.0,mg,811.0,mg,897.0,mg,1430.0,mg,1305.0,mg,447.0,mg,238.0,mg,810.0,mg,587.0,mg,955.0,mg,1194.0,mg,417.0,mg,877.0,mg,1675.0,mg,2712.0,mg,985.0,mg,910.0,mg,782.0,mg,1.36,g,0.75,g,0.47,g,1.12,g,0.95,g,1.09,g,0.75,g,0.03,g,,,0.99,g,18.0,mg,197.0,mg,0.24,mg,0.15,mg,55.2,mcg,,,,,0.09,mg,0.99,mg,0.66,mg,3.21,mg,0.42,mg,345.0,mcg,345.0,mcg,,,0.16,g,0.27,g,,,,,,,,,,,,,,,,,,,,,,,,,,,,,,,,,,,,,,,,,,,,,,
7083,"Thịt lợn, nạc vai, tươi",Thịt và sản phẩm chế biến,149.0,20.83,g,7.29,g,,,1.1,mcg,1.1,mcg,,,,,23.7,mg,0.67,mg,,,,,2.38,mg,70.67,g,,,1398.85,mg,832.26,mg,1433.51,mg,1529.99,mg,562.49,mg,164.39,mg,856.82,mg,748.61,mg,855.83,mg,1258.18,mg,1546.21,mg,404.88,mg,1567.8,mg,987.54,mg,384.68,mg,,,1677.43,mg,,,,,,,,,,,,,,,,,,,1.24,g,,,432.1,mg,,,,,,,,,4.22,mg,0.61,mg,0.0,mg,,,,,,,,,,,,,,,,,,,,,,,,,,,,,,,,,,,,,,,,,,,,,,,,,,,,,,,,,,,,,,
7083002,"Thịt lợn nạc vai, luộc",Thịt và sản phẩm chế biến,126.0,17.65,g,6.18,g,,,,,0.93,mcg,,mcg,,mg,20.08,mg,0.57,mg,,mg,,mg,2.02,mg,75.12,g,,mg,1.19,mg,0.71,mg,1.21,mg,1.3,mg,0.48,mg,0.14,mg,0.73,mg,0.63,mg,0.73,mg,1.07,mg,1.31,mg,0.34,mg,1.33,mg,0.84,mg,0.33,mg,,mg,1.42,mg,,g,,g,,g,,g,,g,,g,,g,,g,,g,1.05,g,,mg,366.19,mg,,mg,,mg,,mcg,,mcg,2.86,mg,0.41,mg,0.0,mg,,mg,,mg,,mg,,mcg,,mcg,,mcg,,g,,g,,mcg,0.93,mcg,,g,,mg,,g,,mcg,,g,,g,,g,,g,,g,,g,,g,,g,,g,,mcg,,mcg,,mg,,mcg,,mg,,g,,g,,g
7084,"Thịt lợn, nạc mông, tươi",Thịt và sản phẩm chế biến,141.0,24.68,g,4.72,g,,,1.2,mcg,1.2,mcg,,,,,42.1,mg,0.66,mg,,,,,2.33,mg,69.28,g,,,1894.53,mg,1171.16,mg,1975.58,mg,2189.05,mg,787.56,mg,167.45,mg,1115.7,mg,977.06,mg,1157.89,mg,1670.29,mg,1918.31,mg,546.0,mg,2169.2,mg,1292.46,mg,538.1,mg,,,2266.22,mg,,,,,,,,,,,,,,,,,,,1.42,g,,,363.4,mg,,,,,,,,,1.28,mg,,,0.0,mg,,,,,,,,,,,,,,,,,,,,,,,,,,,,,,,,,,,,,,,,,,,,,,,,,,,,,,,,,,,,,,
7084002,"Thịt lợn nạc mông, luộc",Thịt và sản phẩm chế biến,120.0,20.92,g,4.0,g,,,,,1.02,mcg,,mcg,,mg,35.68,mg,0.56,mg,,mg,,mg,1.97,mg,73.88,g,,mg,1.61,mg,0.99,mg,1.67,mg,1.86,mg,0.67,mg,0.14,mg,0.95,mg,0.83,mg,0.98,mg,1.42,mg,1.63,mg,0.46,mg,1.84,mg,1.1,mg,0.46,mg,,mg,1.92,mg,,g,,g,,g,,g,,g,,g,,g,,g,,g,1.2,g,,mg,307.97,mg,,mg,,mg,,mcg,,mcg,0.87,mg,,mg,0.0,mg,,mg,,mg,,mg,,mcg,,mcg,,mcg,,g,,g,,mcg,1.02,mcg,,g,,mg,,g,,mcg,,g,,g,,g,,g,,g,,g,,g,,g,,g,,mcg,,mcg,,mg,,mcg,,mg,,g,,g,,g
7085,"Thịt lợn, nạc thăn, tươi",Thịt và sản phẩm chế biến,118.0,23.0,g,2.9,g,0.04,g,,,,,,,,,38.2,mg,0.72,mg,,,,,1.8,mg,72.9,g,,,1592.21,mg,889.01,mg,1629.99,mg,1718.72,mg,703.64,mg,281.08,mg,952.85,mg,878.93,mg,883.13,mg,1427.68,mg,1738.99,mg,413.3,mg,1956.24,mg,1284.73,mg,494.18,mg,,,2091.0,mg,,,,,,,,,,,,,,,,,,,1.16,g,,,407.7,mg,,,,,,,,,,,0.42,mg,0.0,mg,,,,,,,,,,,,,,,,,,,,,,,,,,,,,,,,,,,,,,,,,,,,,,,,,,,,,,,,,,,,,,
7085002,"Thịt lợn nạc thăn, luộc",Thịt và sản phẩm chế biến,100.0,19.49,g,2.46,g,0.03,g,,,,,,mcg,,mg,32.37,mg,0.61,mg,,mg,,mg,1.53,mg,77.03,g,,mg,1.35,mg,0.75,mg,1.38,mg,1.46,mg,0.6,mg,0.24,mg,0.81,mg,0.74,mg,0.75,mg,1.21,mg,1.47,mg,0.35,mg,1.66,mg,1.09,mg,0.42,mg,,mg,1.77,mg,,g,,g,,g,,g,,g,,g,,g,,g,,g,0.98,g,,mg,345.51,mg,,mg,,mg,,mcg,,mcg,,,0.28,mg,0.0,mg,,mg,,mg,,mg,,mcg,,mcg,,mcg,,g,,g,,mcg,,,,g,,mg,,g,,mcg,,g,,g,,g,,g,,g,,g,,g,,g,,g,,mcg,,mcg,,mg,,mcg,,mg,,g,,g,,g
7086,"Thịt lợn nửa nạc, nửa mỡ, nướng",Thịt và sản phẩm chế biến,401.0,20.5,g,35.2,g,0.56,g,,,,,,,,,53.1,mg,1.36,mg,,,,,2.76,mg,42.2,g,,,1467.22,mg,778.69,mg,1430.8,mg,1432.87,mg,592.81,mg,996.15,mg,882.41,mg,781.07,mg,797.45,mg,1244.11,mg,1979.46,mg,379.7,mg,1565.13,mg,1218.67,mg,374.59,mg,,,1767.19,mg,,,,,,,,,,,,,,,,,,,1.54,g,,,521.4,mg,,,,,,,,,,,0.1,mg,0.02,mg,,,,,,,,,,,,,,,,,,,,,,,,,,,,,,,,,,,,,,,,,,,,,,,,,,,,,,,,,,,,,,
7087,"Thịt gà công nghiệp, cánh, tươi",Thịt và sản phẩm chế biến,188.0,19.09,g,12.43,g,,,6.9,mcg,6.9,mcg,,,,,19.3,mg,1.07,mg,,,,,0.94,mg,67.51,g,,,1130.41,mg,622.57,mg,1041.68,mg,993.29,mg,558.66,mg,1615.21,mg,718.12,mg,601.09,mg,623.88,mg,938.94,mg,1926.6,mg,532.65,mg,1197.02,mg,1075.05,mg,267.36,mg,,,1235.25,mg,,,,,,,,,,,,,,,,,,,0.98,g,,,288.2,mg,,,,,,,,,9.78,mg,,,0.0,mg,,,,,,,,,,,,,,,,,,,,,,,,,,,,,,,,,,,,,,,,,,,,,,,,,,,,,,,,,,,,,,
7087002,"Thịt gà công nghiệp, cánh, luộc",Thịt và sản phẩm chế biến,261.0,26.51,g,17.26,g,,,,,9.58,mcg,,mcg,,mg,26.81,mg,1.49,mg,,mg,,mg,1.31,mg,54.86,g,,mg,1.57,mg,0.86,mg,1.45,mg,1.38,mg,0.78,mg,2.24,mg,1.0,mg,0.83,mg,0.87,mg,1.3,mg,2.68,mg,0.74,mg,1.66,mg,1.49,mg,0.37,mg,,mg,1.72,mg,,g,,g,,g,,g,,g,,g,,g,,g,,g,1.36,g,,mg,400.28,mg,,mg,,mg,,mcg,,mcg,10.87,mg,,mg,0.0,mg,,mg,,mg,,mg,,mcg,,mcg,,mcg,,g,,g,,mcg,9.58,mcg,,g,,mg,,g,,mcg,,g,,g,,g,,g,,g,,g,,g,,g,,g,,mcg,,mcg,,mg,,mcg,,mg,,g,,g,,g
7088,"Thịt gà công nghiệp, đùi, tươi",Thịt và sản phẩm chế biến,137.0,18.0,g,6.8,g,0.89,g,10.0,mcg,10.0,mcg,,,,,18.0,mg,0.75,mg,,,,,1.63,mg,73.2,g,,,889.57,mg,453.93,mg,778.94,mg,828.27,mg,403.92,mg,1793.95,mg,497.93,mg,416.22,mg,443.65,mg,687.64,mg,1245.57,mg,483.34,mg,1019.02,mg,723.54,mg,165.56,mg,,,1006.22,mg,,,,,,,,,,,,,,,,,,,1.11,g,,,316.4,mg,,,,,,,,,,,,,0.02,mg,,,,,,,,,,,,,,,,,,,,,,,,,,,,,,,,,,,,,,,,,,,,,,,,,,,,,,,,,,,,,,
7088002,"Thịt gà công nghiệp, đùi, luộc",Thịt và sản phẩm chế biến,190.0,25.0,g,9.44,g,1.24,g,,,13.89,mcg,,mcg,,mg,25.0,mg,1.04,mg,,mg,,mg,2.26,mg,62.78,g,,mg,1.24,mg,0.63,mg,1.08,mg,1.15,mg,0.56,mg,2.49,mg,0.69,mg,0.58,mg,0.62,mg,0.96,mg,1.73,mg,0.67,mg,1.42,mg,1.0,mg,0.23,mg,,mg,1.4,mg,,g,,g,,g,,g,,g,,g,,g,,g,,g,1.54,g,,mg,439.44,mg,,mg,,mg,,mcg,,mcg,,mg,,mg,0.02,mg,,mg,,mg,,mg,,mcg,,mcg,,mcg,,g,,g,,mcg,13.89,mcg,,g,,mg,,g,,mcg,,g,,g,,g,,g,,g,,g,,g,,g,,g,,mcg,,mcg,,mg,,mcg,,mg,,g,,g,,g
7089,"Thịt gà công nghiệp, lườn, raw",Thịt và sản phẩm chế biến,134.0,22.86,g,4.68,g,,,9.1,mcg,9.1,mcg,,,,,23.3,mg,0.69,mg,,,,,1.0,mg,71.2,g,,,1439.28,mg,628.34,mg,1315.29,mg,1261.94,mg,505.69,mg,1592.47,mg,769.61,mg,635.52,mg,675.62,mg,997.43,mg,2163.78,mg,169.96,mg,1602.54,mg,1089.99,mg,308.3,mg,,,1721.83,mg,,,,,,,,,,,,,,,,,,,1.27,g,,,347.9,mg,,,,,,,,,156.2,mg,,,0.0,mg,,,,,,,,,,,,,,,,,,,,,,,,,,,,,,,,,,,,,,,,,,,,,,,,,,,,,,,,,,,,,,
7090,"Thịt ngan, tươi",Thịt và sản phẩm chế biến,288.0,17.05,g,24.45,g,,,,,,,,,,,37.4,mg,2.83,mg,,,,,1.4,mg,57.6,g,,,708.67,mg,726.97,mg,1339.29,mg,1433.96,mg,544.68,mg,194.04,mg,780.78,mg,693.89,mg,723.45,mg,1063.29,mg,1680.96,mg,376.62,mg,1143.41,mg,968.01,mg,236.09,mg,,,1460.79,mg,,,,,,,,,,,,,,,,,,,0.92,g,,,388.7,mg,,,,,,,,,5.82,mg,1.73,mg,0.02,mg,,,,,,,,,,,,,,,,,,,,,,,,,,,,,,,,,,,,,,,,,,,,,,,,,,,,,,,,,,,,,,
7090002,"Thịt ngan, luộc",Thịt và sản phẩm chế biến,400.0,23.68,g,33.96,g,-0.03,g,,,,,,mcg,,mg,51.94,mg,3.93,mg,,mg,,mg,1.94,mg,41.11,g,,mg,0.98,mg,1.01,mg,1.86,mg,1.99,mg,0.76,mg,0.27,mg,1.08,mg,0.96,mg,1.0,mg,1.48,mg,2.33,mg,0.52,mg,1.59,mg,1.34,mg,0.33,mg,,mg,2.03,mg,,g,,g,,g,,g,,g,,g,,g,,g,,g,1.28,g,,mg,539.86,mg,,mg,,mg,,mcg,,mcg,6.47,mg,1.92,mg,0.02,mg,,mg,,mg,,mg,,mcg,,mcg,,mcg,,g,,g,,mcg,,,,g,,mg,,g,,mcg,,g,,g,,g,,g,,g,,g,,g,,g,,g,,mcg,,mcg,,mg,,mcg,,mg,,g,,g,,g
7091,"Chả lá lốt, rán",Thịt và sản phẩm chế biến,306.0,20.0,g,24.8,g,2.3,g,,,,,,,,,,,,,,,,,,,52.9,g,,,,,,,,,,,,,,,,,,,,,,,,,,,,,,,,,,,,,,,,,,,,,,,,,,,,,,,,,,,,,,,,,,,,,,,1.1,mg,0.07,mg,,,,,,,,,,,,,,,,,,,,,,,,,,,,,,,,,,,,,,,,,,,,,,,,,,,,,,,,,,,,,,
7094,"Thịt bò, bắp, sống",Thịt và sản phẩm chế biến,122.0,21.75,g,3.85,g,,,,,,,,,,,20.0,mg,2.32,mg,63.0,mg,387.0,mg,6.94,mg,73.03,g,0.24,mg,0.95,mg,0.98,mg,1.72,mg,1.81,mg,0.56,mg,0.24,mg,0.85,mg,0.73,mg,1.06,mg,1.38,mg,0.75,mg,1.31,mg,1.99,mg,3.27,mg,1.19,mg,0.96,mg,0.83,mg,1.28,g,0.77,g,0.37,g,1.76,g,,,0.15,g,,,,,,,1.44,g,14.0,mg,204.0,mg,0.07,mg,0.01,mg,17.7,mcg,,,,,0.1,mg,0.22,mg,5.74,mg,0.35,mg,0.47,mg,,,8.0,mcg,,,,,,,,,,,,,39.0,mg,1.52,g,3.33,mcg,,,,,,,,,,,0.09,g,0.16,g,0.11,g,0.01,g,,,,,,,8.0,mcg,,,,,,,,
7094003,"Thịt bò, bắp, hấp",Thịt và sản phẩm chế biến,182.0,32.46,g,5.75,g,,,,,,,,mcg,,,29.85,mg,3.46,mg,94.03,mg,577.61,mg,10.36,mg,59.64,g,0.36,mg,1.42,mg,1.46,mg,2.57,mg,2.7,mg,0.83,mg,0.36,mg,1.27,mg,1.09,mg,1.58,mg,2.05,mg,1.11,mg,1.96,mg,2.97,mg,4.88,mg,1.77,mg,1.43,mg,1.24,mg,1.91,g,1.15,g,0.55,g,2.63,g,,g,0.22,g,,g,,g,,g,2.15,g,20.9,mg,304.48,mg,0.11,mg,0.02,mg,26.42,mcg,,mcg,,mg,0.12,mg,0.26,mg,6.85,mg,0.42,mg,0.56,mg,,mcg,5.97,mcg,,mcg,,g,,g,,mcg,,,,,58.21,mg,2.27,g,3.98,mcg,,,,,,,,,,,0.13,g,0.24,g,0.16,g,0.01,g,,mcg,,mcg,,mg,5.97,mcg,,mg,,g,,g,,g
7095003,"Thịt bò, vai, hấp",Thịt và sản phẩm chế biến,191.0,32.46,g,6.69,g,0.24,g,,,2.99,mcg,,,,,19.4,mg,3.16,mg,119.4,mg,547.76,mg,8.1,mg,58.96,g,0.37,mg,1.47,mg,1.42,mg,2.69,mg,2.92,mg,0.95,mg,0.34,mg,1.27,mg,1.15,mg,1.5,mg,2.18,mg,1.07,mg,1.88,mg,2.99,mg,5.29,mg,1.44,mg,1.34,mg,1.27,mg,2.78,g,1.53,g,0.08,g,3.46,g,2.78,g,0.45,g,0.35,g,0.01,g,,,1.66,g,31.34,mg,317.91,mg,0.13,mg,0.02,mg,36.12,mcg,0.15,mcg,,mg,0.1,mg,0.2,mg,5.97,mg,0.79,mg,0.68,mg,2.24,mcg,2.24,mcg,2.24,mcg,,g,,g,,mcg,2.99,mcg,,,95.52,mg,3.12,g,2.75,mcg,,,,,,,,,,,0.17,g,0.24,g,0.37,g,0.01,g,,mcg,0.15,mcg,0.2,mg,2.24,mcg,107.16,mg,,,,g,0.34,g
7096,Nầm bò,Thịt và sản phẩm chế biến,1.0,,,,,,,,,,,,,,,,,,,,,,,,,,,,,,,,,,,,,,,,,,,,,,,,,,,,,,,,,,,,,,,,,,,,,,,,,,,,,,,,,,,,,,,,,,,,,,,,,,,,,,,,,,,,,,,,,,,,,,,,,,,,,,,,,,,,,,,,,,,,,,,,,,,,,,,,,,,,,,,,,,
7105002,"Thịt gà, ta, đùi, luộc",Thịt và sản phẩm chế biến,261.0,26.51,g,17.26,g,,,,,9.58,mcg,,mcg,,mg,26.81,mg,1.49,mg,,mg,,mg,1.31,mg,54.86,g,,mg,1.57,mg,0.86,mg,1.45,mg,1.38,mg,0.78,mg,2.24,mg,1.0,mg,0.83,mg,0.87,mg,1.3,mg,2.68,mg,0.74,mg,1.66,mg,1.49,mg,0.37,mg,,mg,1.72,mg,,g,,g,,g,,g,,g,,g,,g,,g,,g,1.36,g,,mg,400.28,mg,,mg,,mg,,mcg,,mcg,10.87,mg,,mg,0.0,mg,,mg,,mg,,mg,,mcg,,mcg,,mcg,,g,,g,,mcg,9.58,mcg,,g,,mg,,g,,mcg,,g,,g,,g,,g,,g,,g,,g,,g,,g,,mcg,,mcg,,mg,,mcg,,mg,,g,,g,,g
7106002,"Thịt gà, ta, lườn, đùi, luộc",Thịt và sản phẩm chế biến,186.0,31.75,g,6.5,g,,,,,12.64,mcg,,mcg,,mg,32.36,mg,0.96,mg,,mg,,mg,1.39,mg,59.99,g,,mg,2.0,mg,0.87,mg,1.83,mg,1.75,mg,0.7,mg,2.21,mg,1.07,mg,0.88,mg,0.94,mg,1.39,mg,3.01,mg,0.24,mg,2.23,mg,1.51,mg,0.43,mg,,mg,2.39,mg,,g,,g,,g,,g,,g,,g,,g,,g,,g,1.76,g,,mg,483.19,mg,,mg,,mg,,mcg,,mcg,173.56,mg,,mg,0.0,mg,,mg,,mg,,mg,,mcg,,mcg,,mcg,,g,,g,,mcg,12.64,mcg,,g,,mg,,g,,mcg,,g,,g,,g,,g,,g,,g,,g,,g,,g,,mcg,,mcg,,mg,,mcg,,mg,,g,,g,,g
7107002,"Thịt gà, ta, cánh, đùi, luộc",Thịt và sản phẩm chế biến,261.0,26.51,g,17.26,g,,,,,9.58,mcg,,mcg,,mg,26.81,mg,1.49,mg,,mg,,mg,1.31,mg,54.86,g,,mg,1.57,mg,0.86,mg,1.45,mg,1.38,mg,0.78,mg,2.24,mg,1.0,mg,0.83,mg,0.87,mg,1.3,mg,2.68,mg,0.74,mg,1.66,mg,1.49,mg,0.37,mg,,mg,1.72,mg,,g,,g,,g,,g,,g,,g,,g,,g,,g,1.36,g,,mg,400.28,mg,,mg,,mg,,mcg,,mcg,10.87,mg,,mg,0.0,mg,,mg,,mg,,mg,,mcg,,mcg,,mcg,,g,,g,,mcg,9.58,mcg,,g,,mg,,g,,mcg,,g,,g,,g,,g,,g,,g,,g,,g,,g,,mcg,,mcg,,mg,,mcg,,mg,,g,,g,,g
7108002,"Thịt gà, ta, chân, đùi, luộc",Thịt và sản phẩm chế biến,214.0,20.0,g,14.3,g,0.2,g,,,,,,,,,,,,,,,,,,,,,,mg,,mg,,mg,,mg,,mg,,mg,,mg,,mg,,mg,,mg,,mg,,mg,,mg,,mg,,mg,,mg,,mg,,mg,,,,,,,,,,,,,,,,,,,,,,,,,,mg,,,,,,,,,,,,,,,,,,,,,,,,,,,,,,,,,,,,,,,,,,,,,,,,,,,,,,,,,,,,,,,,,,,,,,,,,,
7111002,"Thịt gà, công nghiệp, cổ, luộc",Thịt và sản phẩm chế biến,188.0,19.09,g,12.43,g,,,6.9,mcg,6.9,mcg,,,,,19.3,mg,1.07,mg,,,,,0.94,mg,67.5,g,,mg,,mg,,mg,,mg,,mg,,mg,,mg,,mg,,mg,,mg,,mg,,mg,,mg,,mg,,mg,,mg,,mg,,mg,,,,,,,,,,,,,,,,,,,,,,,,,,mg,,,,,,,,,,,,,,,,,,,,,,,,,,,,,,,,,,,,,,,,,,,,,,,,,,,,,,,,,,,,,,,,,,,,,,,,,,
7112,"Thịt lợn, mông, sống",Thịt và sản phẩm chế biến,131.0,20.48,g,5.41,g,,,2.0,mcg,2.0,mcg,,,,,6.0,mg,1.01,mg,55.0,mg,369.0,mg,2.27,mg,72.9,g,0.26,mg,0.94,mg,0.96,mg,1.64,mg,1.84,mg,0.54,mg,0.26,mg,0.82,mg,0.71,mg,1.11,mg,1.27,mg,0.82,mg,1.19,mg,1.9,mg,3.21,mg,0.97,mg,0.82,mg,0.85,mg,1.87,g,1.19,g,0.58,g,2.44,g,,,0.58,g,,,,,,,1.05,g,25.0,mg,229.0,mg,0.08,mg,0.03,mg,35.4,mcg,0.6,mcg,,,0.88,mg,0.23,mg,5.34,mg,0.81,mg,0.5,mg,9.0,mcg,9.0,mcg,,,,,,,,,,,,,68.0,mg,2.22,g,0.71,mcg,,,,,,,0.01,g,0.01,g,0.07,g,0.17,g,0.47,g,0.02,g,,,0.6,mcg,0.17,mg,9.0,mcg,72.3,mg,,,,,,
7113002,"Thịt vịt, lườn, luộc",Thịt và sản phẩm chế biến,163.0,27.57,g,5.9,g,,,,,22.22,mcg,,mcg,4.31,mg,4.17,mg,6.26,mg,79.17,mg,372.22,mg,1.03,mg,64.68,g,0.38,mg,1.18,mg,1.42,mg,2.33,mg,2.36,mg,0.75,mg,0.42,mg,1.16,mg,1.05,mg,1.44,mg,1.76,mg,0.73,mg,1.75,mg,2.7,mg,4.31,mg,1.54,mg,1.35,mg,1.19,mg,1.83,g,0.96,g,0.57,g,1.68,g,,g,0.81,g,,g,,g,,g,1.85,g,30.56,mg,258.33,mg,0.46,mg,0.03,mg,19.31,mcg,,mcg,,mg,0.46,mg,0.34,mg,3.83,mg,,mg,0.7,mg,17.36,mcg,17.36,mcg,,mcg,,g,,g,,mcg,22.22,mcg,,,106.94,mg,1.43,g,0.84,mcg,,g,,g,,g,,,0.04,g,0.03,g,0.24,g,0.71,g,0.1,g,,mcg,,mcg,,mg,17.36,mcg,,mg,,g,,g,,g
7113003,"Thịt vịt, lườn, hấp",Thịt và sản phẩm chế biến,163.0,27.57,g,5.9,g,,,,,22.22,mcg,,mcg,4.31,mg,4.17,mg,6.26,mg,79.17,mg,372.22,mg,1.03,mg,64.68,g,0.38,mg,1.18,mg,1.42,mg,2.33,mg,2.36,mg,0.75,mg,0.42,mg,1.16,mg,1.05,mg,1.44,mg,1.76,mg,0.73,mg,1.75,mg,2.7,mg,4.31,mg,1.54,mg,1.35,mg,1.19,mg,1.83,g,0.96,g,0.57,g,1.68,g,,g,0.81,g,,g,,g,,g,1.85,g,30.56,mg,258.33,mg,0.46,mg,0.03,mg,19.31,mcg,,mcg,,mg,0.46,mg,0.34,mg,3.83,mg,,mg,0.7,mg,17.36,mcg,17.36,mcg,,mcg,,g,,g,,mcg,22.22,mcg,,,106.94,mg,1.43,g,0.84,mcg,,g,,g,,g,,,0.04,g,0.03,g,0.24,g,0.71,g,0.1,g,,mcg,,mcg,,mg,17.36,mcg,,mg,,g,,g,,g
7114002,"Thịt vịt, đùi, luộc",Thịt và sản phẩm chế biến,267.0,17.8,g,21.8,g,,,270.0,mcg,270.0,mcg,,,2.8,mg,13.0,mg,1.8,mg,63.0,mg,209.0,mg,1.36,mg,59.5,g,,mg,,mg,,mg,,mg,,mg,,mg,,mg,,mg,,mg,,mg,,mg,,mg,,mg,,mg,,mg,,mg,,mg,,mg,,,,,,,,,,,,,,,,,,,,,,,,,,mg,,,,,,,,,,,,,,,,,,,,,,,,,,,,,,,,,,,76.0,mg,,,,,,,,,,,,,,,,,,,,,,,,,,,,,,,,,,,,,,
7115003,"Thịt vịt, cánh, hấp",Thịt và sản phẩm chế biến,261.0,26.51,g,17.26,g,,,,,9.58,mcg,,mcg,,mg,26.81,mg,1.49,mg,,mg,,mg,1.31,mg,54.86,g,,mg,1.57,mg,0.86,mg,1.45,mg,1.38,mg,0.78,mg,2.24,mg,1.0,mg,0.83,mg,0.87,mg,1.3,mg,2.68,mg,0.74,mg,1.66,mg,1.49,mg,0.37,mg,,mg,1.72,mg,,g,,g,,g,,g,,g,,g,,g,,g,,g,1.36,g,,mg,400.28,mg,,mg,,mg,,mcg,,mcg,10.87,mg,,mg,0.0,mg,,mg,,mg,,mg,,mcg,,mcg,,mcg,,g,,g,,mcg,9.58,mcg,,g,,mg,,g,,mcg,,g,,g,,g,,g,,g,,g,,g,,g,,g,,mcg,,mcg,,mg,,mcg,,mg,,g,,g,,g
7118002,"Mọc, từ thịt lợn, nấu canh",Thịt và sản phẩm chế biến,286.0,14.4,g,22.2,g,8.06,g,,,,,,,,,,,,,,,,,,,53.7,g,,mg,,mg,,mg,,mg,,mg,,mg,,mg,,mg,,mg,,mg,,mg,,mg,,mg,,mg,,mg,,mg,,mg,,mg,,,,,,,,,,,,,,,,,,,,,,,,,,mg,,,,,,,,,,,,,,,,,,,,,,,,,,,,,,,,,,,,,,,,,,,,,,,,,,,,,,,,,,,,,,,,,,,,,,,,,,
7120,Xương cục,Thịt và sản phẩm chế biến,1.0,,,,,,,,,,,,,,,,,,,,,,,,,,,,,,,,,,,,,,,,,,,,,,,,,,,,,,,,,,,,,,,,,,,,,,,,,,,,,,,,,,,,,,,,,,,,,,,,,,,,,,,,,,,,,,,,,,,,,,,,,,,,,,,,,,,,,,,,,,,,,,,,,,,,,,,,,,,,,,,,,,
7123002,"Tiết ngan, luộc",Thịt và sản phẩm chế biến,50.0,12.17,g,0.06,g,0.06,g,,,,,,,,,,,,,,,,,,,86.8,g,,mg,,mg,,mg,,mg,,mg,,mg,,mg,,mg,,mg,,mg,,mg,,mg,,mg,,mg,,mg,,mg,,mg,,mg,,,,,,,,,,,,,,,,,,,,,,,,,,mg,,,,,,,,,,,,,,,,,,,,,,,,,,,,,,,,,,,,,,,,,,,,,,,,,,,,,,,,,,,,,,,,,,,,,,,,,,
7132,Nước hầm xương lợn,Thịt và sản phẩm chế biến,1.0,,,,,,,,,,,,,,,,,,,,,,,,,,,,,,,,,,,,,,,,,,,,,,,,,,,,,,,,,,,,,,,,,,,,,,,,,,,,,,,,,,,,,,,,,,,,,,,,,,,,,,,,,,,,,,,,,,,,,,,,,,,,,,,,,,,,,,,,,,,,,,,,,,,,,,,,,,,,,,,,,,
7140,Nước canh,Thịt và sản phẩm chế biến,1.0,,,,,,,,,,,,,,,,,,,,,,,,,,,,,,,,,,,,,,,,,,,,,,,,,,,,,,,,,,,,,,,,,,,,,,,,,,,,,,,,,,,,,,,,,,,,,,,,,,,,,,,,,,,,,,,,,,,,,,,,,,,,,,,,,,,,,,,,,,,,,,,,,,,,,,,,,,,,,,,,,,
7141,Nước dùng,Thịt và sản phẩm chế biến,1.0,,,,,,,,,,,,,,,,,,,,,,,,,,,,,,,,,,,,,,,,,,,,,,,,,,,,,,,,,,,,,,,,,,,,,,,,,,,,,,,,,,,,,,,,,,,,,,,,,,,,,,,,,,,,,,,,,,,,,,,,,,,,,,,,,,,,,,,,,,,,,,,,,,,,,,,,,,,,,,,,,,
7142,Thịt xá xíu,Thịt và sản phẩm chế biến,189.0,26.37,g,9.23,g,,,1.39,mcg,1.39,mcg,,mcg,,mg,30.0,mg,0.85,mg,,mg,,mg,3.01,mg,62.84,g,,,,,,,,,,,,,,,,,,,,,,,,,,,,,,,,,,,,,,,,,,,,,,,,,,,,,,,,,,,,,,,,,,,,,,,,,,,,,,,,,,,,,,,,,,,,,,,,g,,mg,,,,,,,,,,,,,,,,,,,,,,,,,,,,,,,,,,,,,,
7143,Xúc xích bò,Thịt và sản phẩm chế biến,178.0,10.2,g,8.83,g,13.5,g,,,,,,,,,,,,,,,,,,,,,,,,,,,,,,,,,,,,,,,,,,,,,,,,,,,,,,,,,,,,,,,,,,,,,,,,,,,,,,,,,,,,,,,,,,,,,,,,,,,,,,,,,,,,,,,,,,,,,,,,,,,,,,,,,,,,,,,,,,,,,,,,,,,,,,,,,,,,
7144,Tiết gà,Thịt và sản phẩm chế biến,25.0,5.7,g,0.1,g,0.2,g,25.83,mcg,25.83,mcg,,,,,7.0,mg,20.4,mg,,,,,,,91.9,g,,,268.0,mg,173.0,mg,473.0,mg,800.0,mg,134.0,mg,50.0,mg,410.0,mg,716.0,mg,608.0,mg,383.0,mg,593.0,mg,,,,,,,,,,,,,,,,,,,,,,,,,,,,,,,2.1,g,,,7.0,mg,,,,,,,,,,,,,0.1,mg,0.6,mg,,,,,,,,,,,,,,,,,,,,,,,,,,,,,,,,,,,,,,,,,,,,,,,,,,,,,,,,,,,,
7145,Tiết dê,Thịt và sản phẩm chế biến,25.0,5.7,g,0.1,g,0.2,g,25.83,mcg,25.83,mcg,,,,,7.0,mg,20.4,mg,,,,,,,91.9,g,,,268.0,mg,173.0,mg,473.0,mg,800.0,mg,134.0,mg,50.0,mg,410.0,mg,716.0,mg,608.0,mg,383.0,mg,593.0,mg,,,,,,,,,,,,,,,,,,,,,,,,,,,,,,,2.1,g,,,7.0,mg,,,,,,,,,,,,,0.1,mg,0.6,mg,,,,,,,,,,,,,,,,,,,,,,,,,,,,,,,,,,,,,,,,,,,,,,,,,,,,,,,,,,,,
8001,"Cá bống, tươi",Thủy sản và sản phẩm chế biến,70.0,15.8,g,0.8,g,,,,,,,,,,,51.0,mg,0.9,mg,,,,,,,81.9,g,176.0,mg,927.0,mg,897.0,mg,1555.0,mg,1944.0,mg,598.0,mg,260.0,mg,718.0,mg,718.0,mg,987.0,mg,957.0,mg,419.0,mg,1067.0,mg,2243.0,mg,2781.0,mg,777.0,mg,718.0,mg,718.0,mg,,,,,,,,,,,,,,,,,,,1.5,g,,,181.0,mg,,,,,,,,,,,0.02,mg,0.04,mg,3.2,mg,,,,,,,,,,,,,,,,,,,,,,,,,,,,,,,,,,,,,,,,,,,,,,,,,,,,,,,,,,,,
8002,"Cá chày, tươi",Thủy sản và sản phẩm chế biến,113.0,20.1,g,3.6,g,,,,,,,,,,,62.8,mg,0.2,mg,,,,,,,75.1,g,,,,,,,,,,,,,,,,,,,,,,,,,,,,,,,,,,,,,,,,,,,,,,,,,,,,,,,1.2,g,,,176.0,mg,,,,,,,,,,,,,,,,,,,,,,,,,,,,,,,,,,,,,,,,,,,,,,,,,,,,,,,,,,,,,,,,,,,,,,,,,,,,
8003,"Cá chép, tươi",Thủy sản và sản phẩm chế biến,96.0,16.0,g,3.6,g,,,181.0,mcg,8.0,mcg,,,,,17.0,mg,0.9,mg,49.0,mg,397.0,mg,1.48,mg,79.1,g,200.0,mg,686.0,mg,822.0,mg,1249.0,mg,1249.0,mg,476.0,mg,177.0,mg,566.0,mg,532.0,mg,1085.0,mg,927.0,mg,335.0,mg,975.0,mg,1505.0,mg,2255.0,mg,975.0,mg,945.0,mg,847.0,mg,0.7,g,0.42,g,0.12,g,1.44,g,0.74,g,0.92,g,0.33,g,0.17,g,,,1.3,g,30.0,mg,184.0,mg,0.06,mg,0.04,mg,12.6,mcg,24.7,mcg,0.63,mg,0.02,mg,0.04,mg,1.5,mg,0.75,mg,0.17,mg,13.0,mcg,13.0,mcg,0.1,mcg,0.42,g,0.1,g,,,,,,,,,,,,,,,,,,,,,,,,,,,,,,,,,,,,,,,,,,,,,,
8004,"Cá dưa, tươi",Thủy sản và sản phẩm chế biến,115.0,17.6,g,5.0,g,,,,,,,,,,,64.0,mg,,,,,,,,,75.6,g,,,,,,,,,,,,,,,,,,,,,,,,,,,,,,,,,,,,,,,,,,,,,,,,,,,,,,,1.8,g,,,70.0,mg,,,,,,,,,,,,,,,,,,,,,,,,,,,,,,,,,,,,,,,,,,,,,,,,,,,,,,,,,,,,,,,,,,,,,,,,,,,,
8005,"Cá dầu, tươi",Thủy sản và sản phẩm chế biến,96.0,18.9,g,2.3,g,,,,,,,,,,,527.0,mg,,,,,,,,,75.1,g,,,,,,,,,,,,,,,,,,,,,,,,,,,,,,,,,,,,,,,,,,,,,,,,,,,,,,,3.7,g,,,885.0,mg,,,,,,,,,,,,,,,,,,,,,,,,,,,,,,,,,,,,,,,,,,,,,,,,,,,,,,,,,,,,,,,,,,,,,,,,,,,,
8006,"Cá diếc, tươi",Thủy sản và sản phẩm chế biến,87.0,17.7,g,1.8,g,,,120.0,mcg,120.0,mcg,,,,,70.0,mg,0.8,mg,35.0,mg,271.0,mg,,,78.9,g,,,,,,,,,,,,,,,,,,,,,,,,,,,,,,,,,,,,,,,,,,,,,,,,,,,,,,,1.6,g,53.0,mg,152.0,mg,,,,,,,1.53,mcg,,,,,,,,,,,,,,,,,,,,,,,,,,,,,,,,,,,,,,,,,,,,,,,,,,,,,,,,,,,,,,,,,,,,
8007,"Cá đao, tươi",Thủy sản và sản phẩm chế biến,94.0,18.3,g,2.3,g,,,,,,,,,,,36.0,mg,,,,,,,,,78.3,g,,,,,,,,,,,,,,,,,,,,,,,,,,,,,,,,,,,,,,,,,,,,,,,,,,,,,,,1.1,g,,,50.0,mg,,,,,,,,,,,,,,,,,,,,,,,,,,,,,,,,,,,,,,,,,,,,,,,,,,,,,,,,,,,,,,,,,,,,,,,,,,,,
8008,"Cá đé, tươi",Thủy sản và sản phẩm chế biến,83.0,18.7,g,0.9,g,,,,,,,,,,,80.0,mg,,,,,,,,,78.8,g,,,,,,,,,,,,,,,,,,,,,,,,,,,,,,,,,,,,,,,,,,,,,,,,,,,,,,,1.6,g,,,130.0,mg,,,,,,,,,,,,,,,,,,,,,,,,,,,,,,,,,,,,,,,,,,,,,,,,,,,,,,,,,,,,,,,,,,,,,,,,,,,,
8009,"Cá đối, tươi",Thủy sản và sản phẩm chế biến,108.0,19.5,g,3.3,g,,,45.0,mcg,45.0,mcg,,,,,21.0,mg,1.0,mg,65.0,mg,357.0,mg,0.52,mg,76.0,g,217.0,mg,848.0,mg,892.0,mg,1573.0,mg,1777.0,mg,573.0,mg,207.0,mg,755.0,mg,653.0,mg,997.0,mg,1158.0,mg,570.0,mg,1170.0,mg,1981.0,mg,1889.0,mg,929.0,mg,684.0,mg,789.0,mg,1.12,g,0.75,g,0.1,g,1.08,g,0.29,g,0.72,g,0.09,g,0.03,g,,,1.2,g,29.0,mg,224.0,mg,0.05,mg,0.02,mg,36.5,mcg,,,1.0,mg,0.07,mg,0.15,mg,4.6,mg,0.76,mg,0.43,mg,9.0,mcg,9.0,mcg,0.1,mcg,0.56,g,0.1,g,,,,,,,,,,,,,,,,,,,,,,,,,,,,,,,,,,,,,,,,,,,,,,
8010,"Cá đồng tiền, tươi",Thủy sản và sản phẩm chế biến,98.0,20.1,g,2.0,g,,,,,,,,,,,90.0,mg,,,,,,,,,76.4,g,,,,,,,,,,,,,,,,,,,,,,,,,,,,,,,,,,,,,,,,,,,,,,,,,,,,,,,1.5,g,,,100.0,mg,,,,,,,,,,,,,,,,,,,,,,,,,,,,,,,,,,,,,,,,,,,,,,,,,,,,,,,,,,,,,,,,,,,,,,,,,,,,
8011,"Cá hồi, tươi",Thủy sản và sản phẩm chế biến,136.0,22.0,g,5.3,g,,,30.0,mcg,30.0,mcg,,,,,13.0,mg,1.1,mg,46.0,mg,423.0,mg,0.41,mg,71.3,g,242.0,mg,948.0,mg,996.0,mg,1757.0,mg,1985.0,mg,640.0,mg,232.0,mg,844.0,mg,730.0,mg,1114.0,mg,1294.0,mg,636.0,mg,1307.0,mg,2214.0,mg,3227.0,mg,1038.0,mg,764.0,mg,882.0,mg,1.13,g,0.67,g,0.19,g,1.91,g,1.08,g,1.78,g,0.18,g,0.14,g,,,1.4,g,31.0,mg,230.0,mg,0.05,mg,0.01,mg,36.5,mcg,10.88,mcg,0.65,mg,0.22,mg,0.07,mg,7.0,mg,0.82,mg,0.55,mg,9.0,mcg,9.0,mcg,0.1,mcg,0.45,g,0.12,g,,,,,,,,,,,,,,,,,,,,,,,,,,,,,,,,,,,,,,,,,,,,,,
8012,"Cá khô (chim, thu, nụ, đé), sống",Thủy sản và sản phẩm chế biến,208.0,43.3,g,3.9,g,,,,,,,,,,,120.0,mg,0.9,mg,,,,,,,37.8,g,,,,,,,,,,,,,,,,,,,,,,,,,,,,,,,,,,,,,,,,,,,,,,,,,,,,,,,15.0,g,,,95.0,mg,,,,,,,,,,,0.08,mg,0.31,mg,4.6,mg,,,,,,,,,,,,,,,,,,,,,,,,,,,,,,,,,,,,,,,,,,,,,,,,,,,,,,,,,,,,
8013,"Cá lác, tươi",Thủy sản và sản phẩm chế biến,71.0,16.7,g,0.5,g,,,,,,,,,,,80.0,mg,,,,,,,,,78.1,g,,,,,,,,,,,,,,,,,,,,,,,,,,,,,,,,,,,,,,,,,,,,,,,,,,,,,,,4.7,g,,,210.0,mg,,,,,,,,,,,,,,,,,,,,,,,,,,,,,,,,,,,,,,,,,,,,,,,,,,,,,,,,,,,,,,,,,,,,,,,,,,,,
8013002,"Cá lác, luộc",Thủy sản và sản phẩm chế biến,86.0,20.12,g,0.6,g,,,,,,,,,,,96.39,mg,,mg,,mg,,mg,,mg,73.61,g,,mg,,mg,,mg,,mg,,mg,,mg,,mg,,mg,,mg,,mg,,mg,,mg,,mg,,mg,,mg,,mg,,mg,,mg,,g,,g,,g,,g,,g,,g,,g,,g,,,5.66,g,,mg,253.01,mg,,mg,,mg,,mcg,,mcg,,mg,,mg,,mg,,mg,,mg,,mg,,mcg,,mcg,,mcg,,g,,g,,,,mcg,,,,mg,,g,,mcg,,g,,g,,g,,g,,g,,g,,g,,g,,g,,mcg,,mcg,,mg,,mcg,,mg,,g,,g,,g
8013008,"Cá lác, chiên giòn",Thủy sản và sản phẩm chế biến,94.0,21.97,g,0.66,g,,,,,,,,,,,105.26,mg,,mg,,mg,,mg,,mg,71.18,g,,mg,,mg,,mg,,mg,,mg,,mg,,mg,,mg,,mg,,mg,,mg,,mg,,mg,,mg,,mg,,mg,,mg,,mg,,g,,g,,g,,g,,g,,g,,g,,g,,,6.18,g,,mg,276.32,mg,,mg,,mg,,mcg,,mcg,,mg,,mg,,mg,,mg,,mg,,mg,,mcg,,mcg,,mcg,,g,,g,,,,mcg,,,,mg,,g,,mcg,,g,,g,,g,,g,,g,,g,,g,,g,,g,,mcg,,mcg,,mg,,mcg,,mg,,g,,g,,g
8014,"Cá mè, tươi",Thủy sản và sản phẩm chế biến,144.0,15.4,g,9.1,g,,,,,,,,,,,52.0,mg,,,31.0,mg,319.0,mg,,,74.7,g,,,,,,,,,,,,,,,,,,,,,,,,,,,,,,,,,,,,,,,,,,,,,,,,,,,,,,,0.8,g,39.0,mg,215.0,mg,,,,,,,,,,,,,,,,,,,,,,,,,,,,,,,,,,,,,,,,,,,,,,,,,,,,,,,,,,,,,,,,,,,,,,,,,,,,
8015,"Cá mòi (cá sardin), tươi",Thủy sản và sản phẩm chế biến,124.0,17.5,g,6.0,g,,,20.0,mcg,20.0,mcg,,,,,80.0,mg,3.0,mg,100.0,mg,,,,,75.3,g,240.0,mg,1120.0,mg,1190.0,mg,1870.0,mg,2280.0,mg,640.0,mg,220.0,mg,910.0,mg,810.0,mg,1450.0,mg,1310.0,mg,460.0,mg,1600.0,mg,2320.0,mg,3040.0,mg,1240.0,mg,850.0,mg,1100.0,mg,,,0.64,g,0.25,g,,,0.56,g,,,0.09,g,0.04,g,,,1.2,g,24.0,mg,240.0,mg,0.17,mg,,,58.0,mcg,,,,,0.02,mg,0.15,mg,10.07,mg,,,0.96,mg,,,,,,,0.39,g,0.05,g,,,,,,,,,,,,,,,,,,,,,,,,,,,,,,,,,,,,,,,,,,,,,,
8016,"Cá mỡ, tươi",Thủy sản và sản phẩm chế biến,151.0,16.8,g,9.3,g,,,30.0,mcg,,,,,,,42.0,mg,1.4,mg,,,,,,,72.7,g,,,,,,,,,,,,,,,,,,,,,,,,,,,,,,,,,,,,,,,,,,,,,,,,,,,,,,,1.2,g,,,173.0,mg,,,,,,,,,,,0.08,mg,0.21,mg,2.7,mg,,,,,,,,,,,,,,,,,,,,,,,,,,,,,,,,,,,,,,,,,,,,,,,,,,,,,,,,,,,,
8017,"Cá mối, tươi",Thủy sản và sản phẩm chế biến,116.0,22.1,g,3.1,g,,,,,,,,,,,60.0,mg,,,,,,,,,73.3,g,,,,,,,,,,,,,,,,,,,,,,,,,,,,,,,,,,,,,,,,,,,,,,,,,,,,,,,1.5,g,,,102.0,mg,,,,,,,,,,,,,,,,,,,,,,,,,,,,,,,,,,,,,,,,,,,,,,,,,,,,,,,,,,,,,,,,,,,,,,,,,,,,
8018,"Cá nạc, tươi",Thủy sản và sản phẩm chế biến,80.0,17.5,g,1.1,g,,,,,,,,,,,42.0,mg,1.4,mg,,,,,,,80.0,g,230.0,mg,750.0,mg,1100.0,mg,1260.0,mg,1420.0,mg,470.0,mg,,,610.0,mg,,,910.0,mg,930.0,mg,420.0,mg,,,,,,,,,,,,,,,,,,,,,,,,,,,,,,,1.4,g,,,173.0,mg,,,,,,,,,,,0.06,mg,0.08,mg,2.2,mg,,,,,,,,,,,,,,,,,,,,,,,,,,,,,,,,,,,,,,,,,,,,,,,,,,,,,,,,,,,,
8019,"Cá ngừ, tươi",Thủy sản và sản phẩm chế biến,87.0,21.0,g,0.3,g,,,5.0,mcg,5.0,mcg,,,1.0,mg,44.0,mg,1.0,mg,78.0,mg,518.0,mg,0.52,mg,77.5,g,262.0,mg,1025.0,mg,1077.0,mg,1900.0,mg,2147.0,mg,692.0,mg,251.0,mg,913.0,mg,789.0,mg,1204.0,mg,1399.0,mg,688.0,mg,1414.0,mg,2394.0,mg,3489.0,mg,1122.0,mg,827.0,mg,954.0,mg,0.11,g,0.06,g,0.03,g,0.07,g,0.05,g,0.09,g,0.01,g,0.0,g,,,1.2,g,50.0,mg,206.0,mg,0.06,mg,0.01,mg,36.5,mcg,,,0.5,mg,0.02,mg,0.08,mg,4.0,mg,0.75,mg,0.9,mg,2.0,mcg,2.0,mcg,0.1,mcg,0.01,g,0.01,g,,,,,,,,,,,,,,,,,,,,,,,,,,,,,,,,,,,,,,,,,0.0,g,0.0,g,,
8020,"Cá nục, tươi",Thủy sản và sản phẩm chế biến,111.0,20.2,g,3.3,g,,,15.0,mcg,15.0,mcg,,,,,85.0,mg,3.25,mg,104.0,mg,383.0,mg,1.72,mg,74.9,g,228.0,mg,892.0,mg,938.0,mg,1654.0,mg,1869.0,mg,602.0,mg,218.0,mg,794.0,mg,687.0,mg,1048.0,mg,1217.0,mg,599.0,mg,1231.0,mg,2084.0,mg,3038.0,mg,977.0,mg,720.0,mg,830.0,mg,0.87,g,0.49,g,0.17,g,0.81,g,0.43,g,1.12,g,0.07,g,,,,,1.6,g,41.0,mg,160.0,mg,0.21,mg,0.07,mg,36.5,mcg,,,0.57,mg,0.06,mg,0.26,mg,14.02,mg,0.65,mg,0.14,mg,9.0,mcg,9.0,mcg,0.1,mcg,0.27,g,0.0,g,,,,,,,,,,,,,,,,,,,,,,,,,,,,,,,,,,,,,,,,,,,,,,
8020002,"Cá nục, luộc",Thủy sản và sản phẩm chế biến,133.0,24.34,g,3.98,g,,,,,18.07,mcg,,,,,102.41,mg,3.92,mg,125.3,mg,461.45,mg,2.07,mg,69.76,g,0.27,mg,1.07,mg,1.13,mg,1.99,mg,2.25,mg,0.73,mg,0.26,mg,0.96,mg,0.83,mg,1.26,mg,1.47,mg,0.72,mg,1.48,mg,2.51,mg,3.66,mg,1.18,mg,0.87,mg,1.0,mg,1.54,g,0.86,g,0.3,g,1.42,g,,g,1.97,g,0.12,g,,,,,1.93,g,49.4,mg,192.77,mg,0.25,mg,0.08,mg,43.98,mcg,,mcg,0.69,mg,0.06,mg,0.31,mg,15.21,mg,0.62,mg,0.17,mg,10.84,mcg,,mcg,0.12,mcg,,g,0.01,g,,,18.07,mcg,,,72.29,mg,0.75,g,0.75,mcg,,g,,g,,g,,g,,g,,g,0.48,g,,g,,g,,mcg,,mcg,,mg,,mcg,,mg,,,,,,g
8020014,"Cá nục, nướng",Thủy sản và sản phẩm chế biến,138.0,25.25,g,4.13,g,,,,,18.75,mcg,,,,,106.25,mg,4.06,mg,130.0,mg,478.75,mg,2.15,mg,68.63,g,0.29,mg,1.12,mg,1.17,mg,2.07,mg,2.34,mg,0.75,mg,0.27,mg,0.99,mg,0.86,mg,1.31,mg,1.52,mg,0.75,mg,1.54,mg,2.61,mg,3.8,mg,1.22,mg,0.9,mg,1.04,mg,1.6,g,0.89,g,0.32,g,1.48,g,,g,2.05,g,0.12,g,,,,,2.0,g,51.25,mg,200.0,mg,0.26,mg,0.09,mg,45.63,mcg,,mcg,0.71,mg,0.06,mg,0.29,mg,15.78,mg,0.77,mg,0.16,mg,11.25,mcg,,mcg,0.13,mcg,,g,0.01,g,,,18.75,mcg,,,75.0,mg,0.78,g,0.78,mcg,,g,,g,,g,,g,,g,,g,0.5,g,,g,,g,,mcg,,mcg,,mg,,mcg,,mg,,,,,,g
8021,"Cá phèn, tươi",Thủy sản và sản phẩm chế biến,104.0,15.9,g,4.5,g,,,,,,,,,,,40.0,mg,,,,,,,,,78.2,g,,,,,,,,,,,,,,,,,,,,,,,,,,,,,,,,,,,,,,,,,,,,,,,,,,,,,,,1.4,g,,,50.0,mg,,,,,,,,,,,,,,,,,,,,,,,,,,,,,,,,,,,,,,,,,,,,,,,,,,,,,,,,,,,,,,,,,,,,,,,,,,,,
8022,"Cá quả, tươi",Thủy sản và sản phẩm chế biến,97.0,18.2,g,2.7,g,,,,,,,,,,,90.0,mg,,,,,,,,,78.0,g,,,,,,,,,,,,,,,,,,,,,,,,,,,,,,,,,,,,,,,,,,,,,,,,,,,,,,,1.1,g,,,240.0,mg,,,,,,,,,,,0.04,mg,0.12,mg,2.3,mg,,,,,,,,,,,,,,,,,,,,,,,,,,,,,,,,,,,,,,,,,,,,,,,,,,,,,,,,,,,,
8023,"Cá rô đồng, tươi",Thủy sản và sản phẩm chế biến,126.0,19.1,g,5.5,g,,,,,,,,,,,26.4,mg,0.25,mg,,,,,,,74.2,g,,,,,,,,,,,,,,,,,,,,,,,,,,,,,,,,,,,,,,,,,,,,,,,,,,,,,,,1.2,g,,,151.2,mg,,,,,,,,,,,,,,,,,,,,,,,,,,,,,,,,,,,,,,,,,,,,,,,,,,,,,,,,,,,,,,,,,,,,,,,,,,,,
8024,"Cá rô phi, tươi",Thủy sản và sản phẩm chế biến,100.0,19.7,g,2.3,g,,,,,,,,,,,49.7,mg,0.53,mg,,,,,,,76.8,g,,,,,,,,,,,,,,,,,,,,,,,,,,,,,,,,,,,,,,,,,,,,,,,,,,,,,,,1.2,g,,,147.5,mg,,,,,,,3.1,mcg,,,,,,,,,,,,,,,,,,,,,,,,,,,,,,,,,,,,,,,,,,,,,,,,,,,,,,,,,,,,,,,,,,,,
8024008,"Cá rô phi, chiên giòn",Thủy sản và sản phẩm chế biến,131.0,25.92,g,3.03,g,,,,,,,,,,,65.39,mg,0.7,mg,,,,,,mg,69.47,g,,mg,,,,mg,,mg,,mg,,mg,,mg,,mg,,mg,,mg,,mg,,mg,,mg,,mg,,mg,,mg,,mg,,mg,,g,,g,,g,,g,,g,,g,,g,,g,,,1.58,g,,mg,194.08,mg,,mg,,,,mcg,,,,,,mg,,mg,,mg,,mg,,mg,,mcg,,mcg,,mcg,,g,,g,,,,,,,,mg,,g,,mcg,,g,,g,,g,,g,,g,,g,,g,,g,,g,,mcg,,,,mg,,mcg,,mg,,g,,g,,g
8025,"Cá thờn bơn, tươi",Thủy sản và sản phẩm chế biến,73.0,17.4,g,0.4,g,,,,,,,,,,,36.0,mg,,,,,,,,,81.3,g,,,,,,,,,,,,,,,,,,,,,,,,,,,,,,,,,,,,,,,,,,,,,,,,,,,,,,,0.9,g,,,45.0,mg,,,,,,,,,,,,,,,,,,,,,,,,,,,,,,,,,,,,,,,,,,,,,,,,,,,,,,,,,,,,,,,,,,,,,,,,,,,,
8026,"Cá thu, tươi",Thủy sản và sản phẩm chế biến,166.0,18.2,g,10.3,g,,,10.0,mcg,10.0,mcg,,,,,50.0,mg,1.3,mg,110.0,mg,486.0,mg,,,70.2,g,190.0,mg,790.0,mg,900.0,mg,1400.0,mg,1600.0,mg,520.0,mg,140.0,mg,730.0,mg,640.0,mg,1100.0,mg,1000.0,mg,840.0,mg,1100.0,mg,1700.0,mg,2200.0,mg,840.0,mg,610.0,mg,730.0,mg,2.38,g,1.47,g,0.26,g,4.08,g,1.31,g,2.75,g,0.27,g,0.14,g,,,1.3,g,35.0,mg,90.0,mg,0.2,mg,,,,,,,,,0.07,mg,0.17,mg,6.6,mg,,,,,,,,,,,0.34,g,0.38,g,,,,,,,,,,,,,,,,,,,,,,,,,,,,,,,,,,,,,,,,,,,,,,
8027,"Cá thu đao, tươi",Thủy sản và sản phẩm chế biến,156.0,20.0,g,8.4,g,,,35.0,mcg,35.0,mcg,,,,,22.0,mg,3.0,mg,86.0,mg,406.0,mg,0.67,mg,70.3,g,225.0,mg,880.0,mg,925.0,mg,1631.0,mg,1843.0,mg,594.0,mg,215.0,mg,783.0,mg,678.0,mg,1034.0,mg,1201.0,mg,591.0,mg,1214.0,mg,2055.0,mg,2996.0,mg,963.0,mg,710.0,mg,819.0,mg,2.25,g,1.39,g,0.44,g,2.63,g,1.33,g,1.94,g,0.12,g,0.05,g,,,1.3,g,28.0,mg,190.0,mg,0.09,mg,0.02,mg,36.5,mcg,,,1.0,mg,0.05,mg,0.1,mg,6.0,mg,0.32,mg,0.33,mg,2.0,mcg,2.0,mcg,0.1,mcg,0.47,g,0.08,g,,,,,,,,,,,,,,,,,,,,,,,,,,,,,,,,,,,,,,,,,,,,,,
8028,"Cá trạch, tươi",Thủy sản và sản phẩm chế biến,110.0,20.4,g,3.2,g,,,,,,,,,,,108.9,mg,0.2,mg,,,,,,,74.2,g,,,,,,,,,,,,,,,,,,,,,,,,,,,,,,,,,,,,,,,,,,,,,,,,,,,,,,,2.2,g,,,230.5,mg,,,,,,,23.3,mcg,,,,,,,,,,,,,,,,,,,,,,,,,,,,,,,,,,,,,,,,,,,,,,,,,,,,,,,,,,,,,,,,,,,,
8029,"Cá trắm cỏ, tươi",Thủy sản và sản phẩm chế biến,91.0,17.0,g,2.6,g,,,,,,,,,,,56.6,mg,0.1,mg,26.0,mg,305.0,mg,,,79.4,g,,,,,,,,,,,,,,,,,,,,,,,,,,,,,,,,,,,,,,,,,,,,,,,,,,,,,,,1.0,g,34.0,mg,145.0,mg,,,,,,,24.7,mcg,,,,,,,,,,,,,,,,,,,,,,,,,,,,,,,,,,,,,,,,,,,,,,,,,,,,,,,,,,,,,,,,,,,,
8030,"Cá trê, tươi",Thủy sản và sản phẩm chế biến,173.0,16.5,g,11.9,g,,,93.33,mcg,,,,,,,20.0,mg,1.0,mg,53.0,mg,299.0,mg,0.74,mg,70.4,g,174.0,mg,682.0,mg,717.0,mg,1264.0,mg,1429.0,mg,460.0,mg,167.0,mg,607.0,mg,525.0,mg,801.0,mg,931.0,mg,458.0,mg,941.0,mg,1593.0,mg,2322.0,mg,747.0,mg,550.0,mg,635.0,mg,1.77,g,1.27,g,0.35,g,3.59,g,3.17,g,1.57,g,0.88,g,0.1,g,,,1.2,g,23.0,mg,210.0,mg,0.1,mg,0.02,mg,12.6,mcg,13.75,mcg,1.2,mg,0.1,mg,0.04,mg,1.4,mg,0.6,mg,0.19,mg,10.0,mcg,10.0,mcg,0.1,mcg,0.28,g,0.09,g,,,,,,,,,,,,,,,,,,,,,,,,,,,,,,,,,,,,,,,,,,,,,,
8031,"Cá trích, tươi",Thủy sản và sản phẩm chế biến,166.0,17.7,g,10.6,g,,,20.0,mcg,20.0,mcg,,,,,64.0,mg,2.8,mg,160.0,mg,423.0,mg,0.53,mg,70.5,g,184.0,mg,719.0,mg,755.0,mg,1332.0,mg,1506.0,mg,485.0,mg,176.0,mg,640.0,mg,553.0,mg,845.0,mg,981.0,mg,483.0,mg,991.0,mg,1679.0,mg,2447.0,mg,787.0,mg,580.0,mg,669.0,mg,2.49,g,1.54,g,0.2,g,5.25,g,2.22,g,1.85,g,0.15,g,0.04,g,,,1.2,g,32.0,mg,174.0,mg,0.3,mg,0.02,mg,36.5,mcg,4.18,mcg,,,0.02,mg,0.18,mg,5.0,mg,1.0,mg,0.45,mg,5.0,mcg,5.0,mcg,,,0.81,g,0.19,g,,,,,,,,,,,,,,,,,,,,,,,,,,,,,,,,,,,,,,,,,,,,,,
8032,"Cá trôi, tươi ",Thủy sản và sản phẩm chế biến,127.0,18.8,g,5.7,g,,,,,,,,,,,76.2,mg,1.24,mg,14.0,mg,314.0,mg,,,74.3,g,,,,,,,,,,,,,,,,,,,,,,,,,,,,,,,,,,,,,,,,,,,,,,,,,,,,,,,1.2,g,35.0,mg,184.5,mg,,,,,,,,,,,,,,,,,,,,,,,,,,,,,,,,,,,,,,,,,,,,,,,,,,,,,,,,,,,,,,,,,,,,,,,,,,,,
8033,"Cua bể, tươi",Thủy sản và sản phẩm chế biến,103.0,17.5,g,0.6,g,7.0,g,35.8,mcg,35.8,mcg,,,,,141.0,mg,3.8,mg,316.0,mg,322.0,mg,1.4,mg,72.2,g,278.0,mg,888.0,mg,800.0,mg,1540.0,mg,1526.0,mg,517.0,mg,283.0,mg,820.0,mg,806.0,mg,853.0,mg,1084.0,mg,407.0,mg,982.0,mg,2054.0,mg,2780.0,mg,811.0,mg,773.0,mg,839.0,mg,0.12,g,0.08,g,0.05,g,0.11,g,0.06,g,0.22,g,0.01,g,,,,,2.7,g,48.0,mg,191.0,mg,,,,,,,,,,,0.03,mg,0.71,mg,2.7,mg,,,,,,,,,,,0.03,g,0.03,g,,,,,,,,,,,,,,,,,,,,,,,,,,,,,,,,,,,,,,,,,,,,,,
8034,"Cua đồng, tươi",Thủy sản và sản phẩm chế biến,87.0,12.3,g,3.3,g,2.0,g,210.0,mcg,2.0,mcg,,,,,826.0,mg,1.4,mg,1484.0,mg,27.0,mg,,,74.4,g,,,,,,,,,,,,,,,,,,,,,,,,,,,,,,,,,,,,,,,,,,,,,,,,,,,,,,,8.0,g,154.0,mg,171.0,mg,,,,,,,,,,,0.01,mg,0.05,mg,2.1,mg,,,,,,,,,,,,,,,,,,,,,,,,,,,,,,,,,,,,,,,,,,,,,,,,,,,,,,,,,,,,
8035,"Cua ghẹ, tươi",Thủy sản và sản phẩm chế biến,54.0,11.9,g,0.7,g,,,2.0,mcg,2.0,mcg,,,,,89.0,mg,0.74,mg,293.0,mg,329.0,mg,3.54,mg,85.5,g,,,,,,,,,,,,,,,,,,,,,,,,,,,,,,,,,,,,,0.14,g,0.09,g,0.05,g,0.12,g,0.07,g,0.25,g,0.01,g,,,,,1.9,g,34.0,mg,229.0,mg,0.67,mg,0.15,mg,37.4,mcg,,,,,0.03,mg,0.71,mg,2.7,mg,0.35,mg,0.15,mg,44.0,mcg,44.0,mcg,,,0.04,g,0.04,g,,,,,,,,,,,,,,,,,,,,,,,,,,,,,,,,,,,,,,,,,,,,,,
8036,"Hải sâm, tươi",Thủy sản và sản phẩm chế biến,90.0,21.5,g,0.3,g,0.2,g,101.67,mcg,101.67,mcg,,,,,118.0,mg,1.4,mg,,,,,,,76.9,g,125.0,mg,1090.0,mg,715.0,mg,1090.0,mg,885.0,mg,335.0,mg,305.0,mg,510.0,mg,545.0,mg,920.0,mg,1325.0,mg,210.0,mg,1460.0,mg,2040.0,mg,3060.0,mg,3195.0,mg,1530.0,mg,1020.0,mg,,,,,,,,,,,,,,,,,,,1.1,g,,,22.0,mg,,,,,,,,,,,0.01,mg,0.02,mg,0.1,mg,,,,,,,,,,,,,,,,,,,,,,,,,,,,,,,,,,,,,,,,,,,,,,,,,,,,,,,,,,,,
8037,"Hến, tươi",Thủy sản và sản phẩm chế biến,45.0,4.5,g,0.7,g,5.1,g,,,,,,,,,144.0,mg,1.6,mg,86.0,mg,54.0,mg,,,88.8,g,42.0,mg,165.0,mg,194.0,mg,309.0,mg,330.0,mg,108.0,mg,59.0,mg,194.0,mg,151.0,mg,151.0,mg,467.0,mg,45.0,mg,266.0,mg,438.0,mg,618.0,mg,244.0,mg,179.0,mg,201.0,mg,,,,,,,,,,,,,,,,,,,0.9,g,91.0,mg,86.0,mg,,,,,,,,,,,,,0.12,mg,2.3,mg,,,,,,,,,,,,,,,,,,,,,,,,,,,,,,,,,,,,,,,,,,,,,,,,,,,,,,,,,,,,
8038,"Lươn, tươi",Thủy sản và sản phẩm chế biến,130.0,18.4,g,1.5,g,10.7,g,1800.0,mcg,1800.0,mcg,,,,,35.0,mg,1.0,mg,51.0,mg,272.0,mg,1.62,mg,68.3,g,30.0,mg,1340.0,mg,1360.0,mg,1320.0,mg,1040.0,mg,700.0,mg,158.0,mg,1260.0,mg,672.0,mg,1140.0,mg,1190.0,mg,495.0,mg,922.0,mg,170.0,mg,2840.0,mg,815.0,mg,658.0,mg,957.0,mg,0.3,g,0.2,g,0.02,g,0.92,g,0.36,g,0.12,g,0.03,g,0.06,g,,,1.1,g,20.0,mg,164.0,mg,0.02,mg,0.04,mg,6.5,mcg,23.3,mcg,4.0,mg,0.15,mg,0.31,mg,3.8,mg,0.24,mg,0.07,mg,15.0,mcg,15.0,mcg,,,0.16,g,0.01,g,,,,,,,,,,,,,,,,,,,,,,,,,,,,,,,,,,,,,,,,,,,,,,
8039,"Mực khô, sống",Thủy sản và sản phẩm chế biến,291.0,60.1,g,4.5,g,2.5,g,,,,,,,,,27.0,mg,5.6,mg,445.0,mg,1368.0,mg,,,26.2,g,,,,,,,,,,,,,,,,,,,,,,,,,,,,,,,,,,,,,,,,,,,,,,,,,,,,,,,6.7,g,269.0,mg,287.0,mg,,,,,,,,,,,0.13,mg,0.17,mg,6.8,mg,,,,,,,,,,,,,,,,,,,,,,,,,,,,,,,,,,,,,,,,,,,,,,,,,,,,,,,,,,,,
8040,"Mực, tươi",Thủy sản và sản phẩm chế biến,73.0,16.3,g,0.9,g,,,10.0,mcg,10.0,mcg,,,4.7,mg,14.0,mg,0.6,mg,44.0,mg,273.0,mg,0.7,mg,81.4,g,174.0,mg,670.0,mg,678.0,mg,1096.0,mg,1164.0,mg,351.0,mg,204.0,mg,558.0,mg,498.0,mg,680.0,mg,1136.0,mg,299.0,mg,942.0,mg,1503.0,mg,2118.0,mg,974.0,mg,635.0,mg,698.0,mg,0.36,g,0.26,g,0.06,g,0.11,g,0.05,g,0.52,g,0.0,g,0.0,g,,,1.4,g,33.0,mg,150.0,mg,1.89,mg,0.04,mg,44.8,mcg,,,1.2,mg,0.01,mg,0.06,mg,1.0,mg,0.5,mg,0.06,mg,5.0,mcg,5.0,mcg,,,0.01,g,0.01,g,,,,,,,,,,,,,,,,,,,,,,,,,,,,,,,,,,,,,,,,,,,,,,
8040003,"Mực tươi, hấp",Thủy sản và sản phẩm chế biến,115.0,25.47,g,1.41,g,,,,,15.63,mcg,,,7.34,mg,21.88,mg,0.94,mg,68.75,mg,426.56,mg,1.09,mg,70.94,g,0.27,mg,1.05,mg,1.06,mg,1.71,mg,1.82,mg,0.55,mg,0.32,mg,0.87,mg,0.78,mg,1.06,mg,1.78,mg,0.47,mg,1.47,mg,2.35,mg,3.31,mg,1.52,mg,0.99,mg,1.09,mg,0.56,g,0.41,g,0.09,g,0.17,g,,g,0.82,g,0.0,g,0.01,g,,g,2.19,g,51.56,mg,234.38,mg,2.95,mg,0.05,mg,70.0,mcg,,,1.88,mg,0.01,mg,0.09,mg,1.41,mg,0.63,mg,0.09,mg,7.81,mcg,,mcg,,,,g,0.01,g,,,15.63,mcg,,,364.06,mg,0.07,g,2.03,mcg,,g,,g,,g,,g,,g,,g,0.01,g,,g,,g,,mcg,,mcg,,mg,,mcg,,mg,,,,,,g
8040014,"Mực tươi, nướng",Thủy sản và sản phẩm chế biến,115.0,25.47,g,1.41,g,,,,,15.63,mcg,,,7.34,mg,21.88,mg,0.94,mg,68.75,mg,426.56,mg,1.09,mg,70.94,g,0.27,mg,1.05,mg,1.06,mg,1.71,mg,1.82,mg,0.55,mg,0.32,mg,0.87,mg,0.78,mg,1.06,mg,1.78,mg,0.47,mg,1.47,mg,2.35,mg,3.31,mg,1.52,mg,0.99,mg,1.09,mg,0.56,g,0.41,g,0.09,g,0.17,g,,g,0.82,g,0.0,g,0.01,g,,g,2.19,g,51.56,mg,234.38,mg,2.95,mg,0.05,mg,70.0,mcg,,,1.88,mg,0.01,mg,0.08,mg,1.41,mg,0.74,mg,0.08,mg,7.81,mcg,,mcg,,,,g,0.01,g,,,15.63,mcg,,,364.06,mg,0.07,g,2.03,mcg,,g,,g,,g,,g,,g,,g,0.01,g,,g,,g,,mcg,,mcg,,mg,,mcg,,mg,,,,,,g
8041,"Ốc bươu, tươi",Thủy sản và sản phẩm chế biến,84.0,11.1,g,0.7,g,8.3,g,,,,,,,,,1310.0,mg,,,,,,,,,76.8,g,,,,,,,,,,,,,,,,,,,,,,,,,,,,,,,,,,,,,,,,,,,,,,,,,,,,,,,3.1,g,,,64.0,mg,,,,,,,,,,,,,,,,,,,,,,,,,,,,,,,,,,,,,,,,,,,,,,,,,,,,,,,,,,,,,,,,,,,,,,,,,,,,
8041002,"Ốc bươu, luộc",Thủy sản và sản phẩm chế biến,336.0,44.4,g,2.8,g,33.2,g,,,,,,,,,5240.0,mg,,mg,,mg,,mg,,mg,7.2,g,,mg,,mg,,mg,,mg,,mg,,mg,,mg,,mg,,mg,,mg,,mg,,mg,,mg,,mg,,mg,,mg,,mg,,mg,,g,,g,,g,,g,,g,,g,,g,,g,,g,12.4,g,,mg,256.0,mg,,mg,,mg,,mcg,,mcg,,mg,,mg,,mg,,mg,,mg,,mg,,mcg,,mcg,,mcg,,g,,g,,,,mcg,,,,mg,,g,,mcg,,g,,g,,g,,g,,g,,g,,g,,g,,g,,mcg,,mcg,,mg,,mcg,,mg,,g,,g,,g
8042,"Ốc đá, tươi",Thủy sản và sản phẩm chế biến,63.0,11.2,g,0.3,g,3.9,g,,,,,,,,,1660.0,mg,,,,,,,,,80.3,g,,,,,,,,,,,,,,,,,,,,,,,,,,,,,,,,,,,,,,,,,,,,,,,,,,,,,,,4.3,g,,,83.0,mg,,,,,,,,,,,,,,,,,,,,,,,,,,,,,,,,,,,,,,,,,,,,,,,,,,,,,,,,,,,,,,,,,,,,,,,,,,,,
8043,"Ốc nhồi, tươi",Thủy sản và sản phẩm chế biến,84.0,11.9,g,0.7,g,7.6,g,,,,,,,,,11.0,mg,,,,,,,1.1,mg,77.6,g,,,,,,,,,,,,,,,,,,,,,,,,,,,,,,,,,,,,,,,,,,,,,,,,,,,,,,,2.2,g,,,191.0,mg,,,,,,,,,,,0.05,mg,0.17,mg,2.2,mg,,,,,,,,,,,,,,,,,,,,,,,,,,,,,,,,,,,,,,,,,,,,,,,,,,,,,,,,,,,,
8043003,"Ốc nhồi, hấp",Thủy sản và sản phẩm chế biến,337.0,47.6,g,2.8,g,30.4,g,,,,,,,,,44.0,mg,,mg,,mg,,mg,4.4,mg,10.4,g,,mg,,mg,,mg,,mg,,mg,,mg,,mg,,mg,,mg,,mg,,mg,,mg,,mg,,mg,,mg,,mg,,mg,,mg,,g,,g,,g,,g,,g,,g,,g,,g,,g,8.8,g,,mg,764.0,mg,,mg,,mg,,mcg,,mcg,,mg,0.18,mg,0.68,mg,7.92,mg,,mg,,mg,,mcg,,mcg,,mcg,,g,,g,,,,mcg,,,,mg,,g,2.0,mcg,,g,,g,,g,,g,,g,,g,,g,,g,,g,,mcg,,mcg,,mg,,mcg,,mg,,g,,g,,g
8044,"Ốc vặn, raw",Thủy sản và sản phẩm chế biến,72.0,12.2,g,0.7,g,4.3,g,,,,,,,,,10.0,mg,,,,,,,1.0,mg,79.1,g,,,,,,,,,,,,,,,,,,,,,,,,,,,,,,,,,,,,,,,,,,,,,,,,,,,,,,,3.7,g,,,51.0,mg,,,,,,,,,,,,,,,,,,,,,,,,,,,,,,,,,,,,,,,,,,,,,,,,,,,,,,,,,,,,,,,,,,,,,,,,,,,,
8044002,"Ốc vặn, luộc",Thủy sản và sản phẩm chế biến,289.0,48.8,g,2.8,g,17.2,g,,,,,,,,,40.0,mg,,mg,,mg,,mg,4.0,mg,16.4,g,,mg,,mg,,mg,,mg,,mg,,mg,,mg,,mg,,mg,,mg,,mg,,mg,,mg,,mg,,mg,,mg,,mg,,mg,,g,,g,,g,,g,,g,,g,,g,,g,,g,14.8,g,,mg,204.0,mg,,mg,,mg,,mcg,,mcg,,mg,,mg,,mg,,mg,,mg,,mg,,mcg,,mcg,,mcg,,g,,g,,,,mcg,,,,mg,,g,2.0,mcg,,g,,g,,g,,g,,g,,g,,g,,g,,g,,mcg,,mcg,,mg,,mcg,,mg,,g,,g,,g
8044003,"Ốc vặn, hấp",Thủy sản và sản phẩm chế biến,289.0,48.8,g,2.8,g,17.2,g,,,,,,,,,40.0,mg,,mg,,mg,,mg,4.0,mg,16.4,g,,mg,,mg,,mg,,mg,,mg,,mg,,mg,,mg,,mg,,mg,,mg,,mg,,mg,,mg,,mg,,mg,,mg,,mg,,g,,g,,g,,g,,g,,g,,g,,g,,g,14.8,g,,mg,204.0,mg,,mg,,mg,,mcg,,mcg,,mg,,mg,,mg,,mg,,mg,,mg,,mcg,,mcg,,mcg,,g,,g,,,,mcg,,,,mg,,g,2.0,mcg,,g,,g,,g,,g,,g,,g,,g,,g,,g,,mcg,,mcg,,mg,,mcg,,mg,,g,,g,,g
8044014,"Ốc vặn, nướng",Thủy sản và sản phẩm chế biến,289.0,48.8,g,2.8,g,17.2,g,,,,,,,,,40.0,mg,,mg,,mg,,mg,4.0,mg,16.4,g,,mg,,mg,,mg,,mg,,mg,,mg,,mg,,mg,,mg,,mg,,mg,,mg,,mg,,mg,,mg,,mg,,mg,,mg,,g,,g,,g,,g,,g,,g,,g,,g,,g,14.8,g,,mg,204.0,mg,,mg,,mg,,mcg,,mcg,,mg,,mg,,mg,,mg,,mg,,mg,,mcg,,mcg,,mcg,,g,,g,,,,mcg,,,,mg,,g,2.0,mcg,,g,,g,,g,,g,,g,,g,,g,,g,,g,,mcg,,mcg,,mg,,mcg,,mg,,g,,g,,g
8045,"Rạm, muối, đồ",Thủy sản và sản phẩm chế biến,83.0,14.2,g,2.9,g,,,,,,,,,,,4820.0,mg,,,,,,,,,64.4,g,,,,,,,,,,,,,,,,,,,,,,,,,,,,,,,,,,,,,,,,,,,,,,,,,,,,,,,18.5,g,,,330.0,mg,,,,,,,,,,,,,,,,,,,,,,,,,,,,,,,,,,,,,,,,,,,,,,,,,,,,,,,,,,,,,,,,,,,,,,,,,,,,
8046,"Rạm, tươi",Thủy sản và sản phẩm chế biến,77.0,12.9,g,2.8,g,,,,,,,,,,,3520.0,mg,,,,,,,,,78.2,g,,,,,,,,,,,,,,,,,,,,,,,,,,,,,,,,,,,,,,,,,,,,,,,,,,,,,,,6.1,g,,,180.0,mg,,,,,,,,,,,,,,,,,,,,,,,,,,,,,,,,,,,,,,,,,,,,,,,,,,,,,,,,,,,,,,,,,,,,,,,,,,,,
8047,"Rươi, tươi",Thủy sản và sản phẩm chế biến,89.0,12.4,g,4.4,g,,,,,,,,,,,66.0,mg,1.8,mg,,,,,,,81.9,g,,,,,,,,,,,,,,,,,,,,,,,,,,,,,,,,,,,,,,,,,,,,,,,,,,,,,,,1.3,g,,,57.0,mg,,,,,,,,,,,,,,,,,,,,,,,,,,,,,,,,,,,,,,,,,,,,,,,,,,,,,,,,,,,,,,,,,,,,,,,,,,,,
8048,"Sò, tươi",Thủy sản và sản phẩm chế biến,51.0,8.8,g,0.4,g,3.0,g,52.5,mcg,52.5,mcg,,,,,37.0,mg,1.9,mg,380.0,mg,223.0,mg,13.4,mg,83.8,g,87.0,mg,419.0,mg,762.0,mg,833.0,mg,722.0,mg,245.0,mg,148.0,mg,425.0,mg,228.0,mg,484.0,mg,767.0,mg,153.0,mg,522.0,mg,827.0,mg,1489.0,mg,458.0,mg,632.0,mg,425.0,mg,0.09,g,0.06,g,0.01,g,0.06,g,0.03,g,0.16,g,0.01,g,0.01,g,,,4.0,g,42.0,mg,82.0,mg,1.58,mg,0.6,mg,77.0,mcg,,,,,0.03,mg,0.15,mg,1.7,mg,0.5,mg,0.05,mg,10.0,mcg,10.0,mcg,,,0.02,g,0.01,g,,,,,,,,,,,,,,,,,,,,,,,,,,,,,,,,,,,,,,,,,,,,,,
8049,"Tép gạo, tươi",Thủy sản và sản phẩm chế biến,58.0,11.7,g,1.2,g,,,,,,,,,,,910.0,mg,,,,,,,,,84.5,g,,,,,,,,,,,,,,,,,,,,,,,,,,,,,,,,,,,,,,,,,,,,,,,,,,,,,,,2.6,g,,,218.0,mg,,,,,,,,,,,,,,,,,,,,,,,,,,,,,,,,,,,,,,,,,,,,,,,,,,,,,,,,,,,,,,,,,,,,,,,,,,,,
8050,"Tép khô, sống",Thủy sản và sản phẩm chế biến,269.0,59.8,g,3.0,g,0.7,g,,,,,,,,,2000.0,mg,5.5,mg,,,,,,,23.0,g,,,,,,,,,,,,,,,,,,,,,,,,,,,,,,,,,,,,,,,,,,,,,,,,,,,,,,,13.5,g,,,605.0,mg,,,,,,,,,,,0.03,mg,0.07,mg,2.5,mg,,,,,,,,,,,,,,,,,,,,,,,,,,,,,,,,,,,,,,,,,,,,,,,,,,,,,,,,,,,,
8051,"Tôm biển, tươi",Thủy sản và sản phẩm chế biến,82.0,17.6,g,0.9,g,0.9,g,20.0,mcg,20.42,mcg,5.0,mcg,,,79.0,mg,1.6,mg,148.0,mg,185.0,mg,1.11,mg,79.2,g,,,,,,,,,,,,,,,,,,,,,,,,,,,,,,,,,,,,,0.12,g,0.06,g,0.04,g,0.08,g,0.05,g,0.13,g,0.04,g,0.0,g,,,1.4,g,37.0,mg,184.0,mg,0.26,mg,0.05,mg,38.0,mcg,0.05,mcg,1.1,mg,0.04,mg,0.08,mg,2.3,mg,0.28,mg,0.1,mg,3.0,mcg,3.0,mcg,,,0.01,g,0.02,g,,,,,,,,,,,,,,,,,,,,,,,,,,,,,,,,,,,,,,,,,0.0,g,,,,
8051002,"Tôm biển, luộc",Thủy sản và sản phẩm chế biến,82.0,17.6,g,0.9,g,0.9,g,,,20.42,mcg,5.0,mcg,,,79.0,mg,1.6,mg,148.0,mg,185.0,mg,1.11,mg,79.2,g,,mg,,mg,,mg,,mg,,mg,,mg,,mg,,mg,,mg,,mg,,mg,,mg,,mg,,mg,,mg,,mg,,mg,,mg,0.33,g,0.18,g,0.1,g,0.25,g,,g,0.67,g,0.03,g,0.01,g,,g,1.4,g,37.0,mg,184.0,mg,0.26,mg,0.05,mg,38.0,mcg,0.05,mcg,1.1,mg,0.04,mg,0.08,mg,2.07,mg,0.22,mg,0.1,mg,3.0,mcg,,mcg,,,,g,0.09,g,,mcg,20.0,mcg,,,152.0,mg,0.15,g,1.16,mcg,,g,,g,,g,,g,,g,,g,0.08,g,,g,,g,,mcg,,mcg,,mg,,mcg,,mg,,,,,,g
8051014,"Tôm biển, nướng",Thủy sản và sản phẩm chế biến,124.0,26.67,g,1.36,g,1.36,g,,,30.93,mcg,7.58,mcg,,,119.7,mg,2.42,mg,224.24,mg,280.3,mg,1.68,mg,68.48,g,,mg,,mg,,mg,,mg,,mg,,mg,,mg,,mg,,mg,,mg,,mg,,mg,,mg,,mg,,mg,,mg,,mg,,mg,0.5,g,0.28,g,0.16,g,0.38,g,,g,1.01,g,0.04,g,0.02,g,,g,2.12,g,56.06,mg,278.79,mg,0.4,mg,0.08,mg,57.58,mcg,0.08,mcg,1.67,mg,0.05,mg,0.11,mg,3.14,mg,0.4,mg,0.14,mg,4.55,mcg,,mcg,,,,g,0.13,g,,mcg,30.3,mcg,,,230.3,mg,0.22,g,1.76,mcg,,g,,g,,g,,g,,g,,g,0.13,g,,g,,g,,mcg,,mcg,,mg,,mcg,,mg,,,,,,g
8052,"Tôm đồng, tươi",Thủy sản và sản phẩm chế biến,90.0,18.4,g,1.8,g,,,15.0,mcg,15.0,mcg,,,,,73.0,mg,2.2,mg,418.0,mg,316.0,mg,,,76.9,g,180.0,mg,750.0,mg,980.0,mg,1560.0,mg,1560.0,mg,630.0,mg,200.0,mg,830.0,mg,556.0,mg,940.0,mg,1730.0,mg,400.0,mg,961.0,mg,1872.0,mg,2844.0,mg,1141.0,mg,644.0,mg,674.0,mg,,,,,,,,,,,,,,,,,,,2.9,g,42.0,mg,150.0,mg,,,,,58.8,mcg,,,,,0.02,mg,0.03,mg,3.2,mg,,,,,,,,,,,,,,,,,,,,,,,,,,,,,,,,,,,,,,,,,,,,,,,,,,,,,,,,,,,,
8052002,"Tôm đồng, luộc",Thủy sản và sản phẩm chế biến,90.0,18.4,g,1.8,g,,,,,15.0,mcg,,mcg,,,73.0,mg,2.2,mg,418.0,mg,316.0,mg,,mg,76.9,g,0.18,mg,0.75,mg,0.98,mg,1.56,mg,1.56,mg,0.63,mg,0.2,mg,0.83,mg,0.56,mg,0.94,mg,1.73,mg,0.4,mg,0.96,mg,1.87,mg,2.84,mg,1.14,mg,0.64,mg,0.67,mg,,g,,g,,g,,g,,g,,g,,g,,g,,,2.9,g,42.0,mg,150.0,mg,,mg,,mg,58.8,mcg,,mcg,,mg,0.02,mg,0.03,mg,2.88,mg,,mg,,mg,,mcg,,mcg,,mcg,,g,,g,,mcg,15.0,mcg,,,,mg,,g,,mcg,,g,,g,,g,,g,,g,,g,,g,,g,,g,,mcg,,mcg,,mg,,mcg,,mg,,g,,g,,g
8052014,"Tôm đồng, nướng",Thủy sản và sản phẩm chế biến,136.0,27.88,g,2.73,g,,,,,22.73,mcg,,mcg,,,110.61,mg,3.33,mg,633.33,mg,478.79,mg,,mg,65.0,g,0.27,mg,1.14,mg,1.48,mg,2.36,mg,2.36,mg,0.95,mg,0.3,mg,1.26,mg,0.84,mg,1.42,mg,2.62,mg,0.61,mg,1.46,mg,2.84,mg,4.31,mg,1.73,mg,0.98,mg,1.02,mg,,g,,g,,g,,g,,g,,g,,g,,g,,,4.39,g,63.64,mg,227.27,mg,,mg,,mg,89.09,mcg,,mcg,,mg,0.03,mg,0.04,mg,4.36,mg,,mg,,mg,,mcg,,mcg,,mcg,,g,,g,,mcg,22.73,mcg,,,,mg,,g,,mcg,,g,,g,,g,,g,,g,,g,,g,,g,,g,,mcg,,mcg,,mg,,mcg,,mg,,g,,g,,g
8053,"Tôm biển, khô",Thủy sản và sản phẩm chế biến,347.0,75.6,g,3.8,g,2.5,g,,,,,,,,,236.0,mg,4.6,mg,,,,,,,12.6,g,,,,,,,,,,,,,,,,,,,,,,,,,,,,,,,,,,,,,,,,,,,,,,,,,,,,,,,5.5,g,,,995.0,mg,,,,,,,,,,,0.16,mg,0.34,mg,9.5,mg,,,,,,,,,,,,,,,,,,,,,,,,,,,,,,,,,,,,,,,,,,,,,,,,,,,,,,,,,,,,
8054,"Trai, nước ngọt, tươi",Thủy sản và sản phẩm chế biến,38.0,4.6,g,1.1,g,2.5,g,90.0,mcg,90.0,mcg,,,,,668.0,mg,1.5,mg,56.0,mg,314.0,mg,1.37,mg,89.9,g,50.0,mg,340.0,mg,270.0,mg,270.0,mg,200.0,mg,120.0,mg,,,250.0,mg,,,250.0,mg,240.0,mg,60.0,mg,,,,,,,,,,,,,0.09,g,0.06,g,0.02,g,0.08,g,0.03,g,0.28,g,0.02,g,0.0,g,,,1.9,g,9.0,mg,107.0,mg,0.34,mg,0.5,mg,24.3,mcg,,,0.31,mg,0.02,mg,0.46,mg,3.1,mg,0.36,mg,0.06,mg,16.0,mcg,16.0,mcg,0.2,mcg,0.02,g,0.04,g,,,,,,,,,,,,,,,,,,,,,,,,,,,,,,,,,,,,,,,,,,,,,,
8055,"Bánh phồng tôm, rán",Thủy sản và sản phẩm chế biến,676.0,1.6,g,59.2,g,34.1,g,,,,,,,,,175.0,mg,,,,,,,,,3.8,g,,,,,,,,,,,,,,,,,,,,,,,,,,,,,,,,,,,,,,,,,,,,,,,,,,,,,,,1.3,g,,,30.0,mg,,,,,,,,,,,,,,,,,,,,,,,,,,,,,,,,,,,,,,,,,,,,,,,,,,,,,,,,,,,,,,,,,,,,,,,,,,,,
8056,"Bánh phồng tôm, sống",Thủy sản và sản phẩm chế biến,381.0,3.4,g,7.4,g,75.3,g,,,,,,,,,258.0,mg,,,418.0,mg,195.0,mg,,,12.0,g,,,,,,,,,,,,,,,,,,,,,,,,,,,,,,,,,,,,,,,,,,,,,,,,,,,,,,,1.9,g,138.0,mg,50.0,mg,,,,,,,,,,,,,,,,,,,,,,,,,,,,,,,,,,,,,,,,,,,,,,,,,,,,,,,,,,,,,,,,,,,,,,,,,,,,
8057,"Bột cá, sống",Thủy sản và sản phẩm chế biến,323.0,71.2,g,2.9,g,3.0,g,,,,,,,,,505.0,mg,50.0,mg,,,,,,,11.6,g,,,,,,,,,,,,,,,,,,,,,,,,,,,,,,,,,,,,,,,,,,,,,,,,,,,,,,,11.3,g,,,207.0,mg,,,,,,,,,,,0.03,mg,0.38,mg,,,,,,,,,,,,,,,,,,,,,,,,,,,,,,,,,,,,,,,,,,,,,,,,,,,,,,,,,,,,,,
8058,Ruốc cá quả,Thủy sản và sản phẩm chế biến,312.0,65.7,g,4.1,g,3.0,g,,,,,,,,,26.0,mg,,,,,,,,,14.0,g,,,,,,,,,,,,,,,,,,,,,,,,,,,,,,,,,,,,,,,,,,,,,,,,,,,,,,,13.2,g,,,654.0,mg,,,,,,,,,,,,,,,,,,,,,,,,,,,,,,,,,,,,,,,,,,,,,,,,,,,,,,,,,,,,,,,,,,,,,,,,,,,,
8059,Ruốc tôm,Thủy sản và sản phẩm chế biến,305.0,65.5,g,3.1,g,3.7,g,,,,,,,,,330.0,mg,6.7,mg,,,,,4.6,mg,13.1,g,,,,,,,,,,,,,,,,,,,,,,,,,,,,,,,,,,,,,,,,,,,,,,,,,,,,,,,14.6,g,,,,,,,,,,,,,,,0.17,mg,0.33,mg,9.6,mg,,,0.44,mg,12.5,mcg,12.5,mcg,,,,,,,,,,,,,,,,,,,,,,,,,,,,,,,,,,,,,,,,,,,,,,,,,,,,
8060,Cá chim,Thủy sản và sản phẩm chế biến,143.0,17.7,g,6.4,g,3.6,g,2.3,mcg,2.3,mcg,,,,,74.7,mg,1.03,mg,,,,,0.81,mg,71.2,g,,,1051.29,mg,484.1,mg,906.83,mg,1002.58,mg,449.57,mg,1095.03,mg,591.24,mg,369.41,mg,504.65,mg,696.51,mg,1800.73,mg,486.8,mg,1112.52,mg,713.2,mg,149.29,mg,,,1056.86,mg,,,,,,,,,,,,,,,,,,,1.1,g,,,469.4,mg,,,,,,,,,35.58,mg,,,0.01,mg,,,,,,,,,,,,,,,,,,,,,,,,,,,,,,,,,,,,,,,,,,,,,,,,,,,,,,,,,,,,,,
8061,Cá chim trắng,Thủy sản và sản phẩm chế biến,247.0,15.1,g,19.2,g,3.42,g,19.8,mcg,19.8,mcg,,,,,91.3,mg,1.05,mg,,,,,1.05,mg,61.5,g,,,1337.31,mg,553.44,mg,1028.94,mg,1161.91,mg,499.23,mg,137.34,mg,629.27,mg,526.18,mg,586.23,mg,917.84,mg,1946.31,mg,293.32,mg,1319.52,mg,822.96,mg,176.27,mg,,,1307.12,mg,,,,,,,,,,,,,,,,,,,0.78,g,,,363.3,mg,,,,,,,,,23.47,mg,1.79,mg,0.24,mg,,,,,,,,,,,,,,,,,,,,,,,,,,,,,,,,,,,,,,,,,,,,,,,,,,,,,,,,,,,,,,
8062,Cá điêu hồng,Thủy sản và sản phẩm chế biến,111.0,17.1,g,3.3,g,3.11,g,3.3,mcg,3.3,mcg,,,,,101.1,mg,0.96,mg,,,,,0.7,mg,75.2,g,,,1374.64,mg,374.98,mg,866.36,mg,940.67,mg,350.74,mg,840.75,mg,504.79,mg,351.23,mg,462.28,mg,735.62,mg,3067.97,mg,89.85,mg,1286.94,mg,780.12,mg,126.99,mg,,,1324.08,mg,,,,,,,,,,,,,,,,,,,1.29,g,,,368.3,mg,,,,,,,,,15.84,mg,0.06,mg,0.01,mg,,,,,,,,,,,,,,,,,,,,,,,,,,,,,,,,,,,,,,,,,,,,,,,,,,,,,,,,,,,,,,
8063,"Cá basa, phi lê",Thủy sản và sản phẩm chế biến,67.0,9.7,g,0.8,g,5.32,g,1.7,mcg,1.7,mcg,,,,,34.2,mg,0.2,mg,,,,,0.26,mg,82.9,g,,,604.5,mg,303.8,mg,633.86,mg,601.27,mg,267.45,mg,217.0,mg,403.34,mg,336.83,mg,306.25,mg,477.94,mg,828.21,mg,114.16,mg,770.0,mg,540.87,mg,90.96,mg,,,822.28,mg,,,,,,,,,,,,,,,,,,,1.28,g,,,372.1,mg,,,,,,,,,32.8,mg,0.19,mg,0.0,mg,,,,,,,,,,,,,,,,,,,,,,,,,,,,,,,,,,,,,,,,,,,,,,,,,,,,,,,,,,,,,,
8064,Chả cá basa,Thủy sản và sản phẩm chế biến,186.0,11.1,g,13.0,g,6.12,g,0.3,mcg,0.3,mcg,,,,,75.7,mg,0.6,mg,,,,,0.44,mg,67.8,g,,,573.39,mg,273.65,mg,558.71,mg,543.25,mg,202.68,mg,169.5,mg,340.79,mg,274.9,mg,283.68,mg,459.49,mg,892.9,mg,152.55,mg,701.15,mg,487.54,mg,76.25,mg,,,801.06,mg,,,,,,,,,,,,,,,,,,,1.98,g,,,506.8,mg,,,,,,,,,28.89,mg,0.08,mg,0.0,mg,,,,,,,,,,,,,,,,,,,,,,,,,,,,,,,,,,,,,,,,,,,,,,,,,,,,,,,,,,,,,,
8064008,"Chả cá basa, rán",Thủy sản và sản phẩm chế biến,186.0,11.1,g,13.0,g,6.12,g,,,0.3,mcg,0.3,mcg,,,75.7,mg,0.6,mg,,,,,0.44,mg,67.8,g,,mg,0.57,mg,0.27,mg,0.56,mg,0.54,mg,0.2,mg,0.17,mg,0.34,mg,0.27,mg,0.28,mg,0.46,mg,0.89,mg,0.15,mg,0.7,mg,0.49,mg,0.08,mg,,mg,0.8,mg,,,,g,,g,,g,,g,,g,,g,,g,,g,1.98,g,,mg,506.8,mg,,,,,,mcg,,,28.89,mg,0.06,mg,0.0,mg,,mg,,,,mg,,mcg,,mcg,,mcg,,g,,g,,mcg,,mcg,,,,mg,,g,,mcg,,g,,g,,g,,g,,g,,g,,g,,g,,g,,mcg,,mcg,,mg,,mcg,,mg,,g,,g,,g
8065,Con trùng trục,Thủy sản và sản phẩm chế biến,108.0,14.4,g,1.3,g,9.65,g,,,,,,,,,749.4,mg,81.57,mg,,,,,7.03,mg,72.7,g,,,,,,,,,,,,,,,,,,,,,,,,,,,,,,,,,,,,,,,,,,,,,,,,,,,,,,,1.95,g,,,559.7,mg,,,,,,,,,,,,,0.07,mg,,,,,,,,,,,,,,,,,,,,,,,,,,,,,,,,,,,,,,,,,,,,,,,,,,,,,,,,,,,,,,
8066,Ngao biển trắng,Thủy sản và sản phẩm chế biến,42.0,5.37,g,0.44,g,4.03,g,,,,,,,,,116.97,mg,,,,,,,,,87.52,g,,,,,,,,,,,,,,,,,,,,,,,,,,,,,,,,,,,,,,,,,,,,,,,,,,,,,,,2.64,g,,,,,,,,,,,,,,,,,,,,,,,,,12.8,mcg,12.8,mcg,,,,,,,,,,,,,,,,,,,,,,,,,,,,,,,,,,,,,,,,,,,,,,,,,,,,
8069,Thịt cua,Thủy sản và sản phẩm chế biến,103.0,17.5,g,0.6,g,7.0,g,35.8,mcg,35.8,mcg,,,,,141.0,mg,3.8,mg,316.0,mg,322.0,mg,1.4,mg,72.2,g,0.28,mg,0.89,mg,0.8,mg,1.54,mg,1.53,mg,0.52,mg,0.28,mg,0.82,mg,0.81,mg,0.85,mg,1.08,mg,0.41,mg,0.98,mg,2.05,mg,2.78,mg,0.81,mg,0.77,mg,0.84,mg,0.22,g,0.14,g,0.08,g,0.19,g,,,0.39,g,0.01,g,,,,,2.7,g,48.0,mg,191.0,mg,,,,,,,,,,,0.03,mg,0.71,mg,2.7,mg,,,,,,,,,,,,,0.06,g,,,,,,,78.0,mg,0.1,g,,,,,,,,,,,,,,,0.06,g,,,,,,,,,,,,,,,,,,,,
8070002,"Sò huyết, luộc",Thủy sản và sản phẩm chế biến,316.0,54.0,g,2.8,g,18.8,g,,,,mcg,,mcg,,mg,120.0,mg,64.8,mg,,mg,,mg,,mg,15.2,g,,mg,,mg,,mg,,mg,,mg,,mg,,mg,,mg,,mg,,mg,,mg,,mg,,mg,,mg,,mg,,mg,,mg,,mg,,g,,g,,g,,g,,g,,g,,g,,g,,g,9.2,g,,mg,,mg,,mg,,mg,,mcg,,mcg,,mg,0.04,mg,0.8,mg,11.52,mg,,mg,,mg,,mcg,,mcg,,mcg,,g,,g,,mcg,,mcg,,g,,mg,,g,,mcg,,g,,g,,g,,g,,g,,g,,g,,g,,g,,mcg,,mcg,,mg,,mcg,,mg,,g,,g,,g
8074002,"Ốc móng tay, luộc",Thủy sản và sản phẩm chế biến,123.0,15.89,g,5.65,g,2.05,g,,,,,,,,,,,,,,,,,,,,,,mg,,mg,,mg,,mg,,mg,,mg,,mg,,mg,,mg,,mg,,mg,,mg,,mg,,mg,,mg,,mg,,mg,,mg,,,,,,,,,,,,,,,,,,,,,,,,,,mg,,,,,,,,,,,,,,,,,,,,,,,,,,,,,,,,,,,,,,,,,,,,,,,,,,,,,,,,,,,,,,,,,,,,,,,,,,
8074014,"Ốc móng tay, nướng",Thủy sản và sản phẩm chế biến,123.0,15.89,g,5.65,g,2.05,g,,,,,,,,,,,,,,,,,,,,,,mg,,mg,,mg,,mg,,mg,,mg,,mg,,mg,,mg,,mg,,mg,,mg,,mg,,mg,,mg,,mg,,mg,,mg,,,,,,,,,,,,,,,,,,,,,,,,,,mg,,,,,,,,,,,,,,,,,,,,,,,,,,,,,,,,,,,,,,,,,,,,,,,,,,,,,,,,,,,,,,,,,,,,,,,,,,
8075002,"Ốc hương, luộc",Thủy sản và sản phẩm chế biến,94.0,22.4,g,2.7,g,2.4,g,,,,,,,,,,,,,,,,,,,67.1,g,,mg,,mg,,mg,,mg,,mg,,mg,,mg,,mg,,mg,,mg,,mg,,mg,,mg,,mg,,mg,,mg,,mg,,mg,,,,,,,,,,,,,,,,,,,,,,,,,,mg,,,,,,,,,,,,,,,,,,,,,,,,,,,,,,,,,,,,,,,,,,,,,,,,,,,,,,,,,,,,,,,,,,,,,,,,,,
8075003,"Ốc hương, hấp",Thủy sản và sản phẩm chế biến,94.0,22.4,g,2.7,g,2.4,g,,,,,,,,,,,,,,,,,,,67.1,g,,mg,,mg,,mg,,mg,,mg,,mg,,mg,,mg,,mg,,mg,,mg,,mg,,mg,,mg,,mg,,mg,,mg,,mg,,,,,,,,,,,,,,,,,,,,,,,,,,mg,,,,,,,,,,,,,,,,,,,,,,,,,,,,,,,,,,,,,,,,,,,,,,,,,,,,,,,,,,,,,,,,,,,,,,,,,,
8075014,"Ốc hương, nướng",Thủy sản và sản phẩm chế biến,94.0,22.4,g,2.7,g,2.4,g,,,,,,,,,,,,,,,,,,,67.1,g,,mg,,mg,,mg,,mg,,mg,,mg,,mg,,mg,,mg,,mg,,mg,,mg,,mg,,mg,,mg,,mg,,mg,,mg,,,,,,,,,,,,,,,,,,,,,,,,,,mg,,,,,,,,,,,,,,,,,,,,,,,,,,,,,,,,,,,,,,,,,,,,,,,,,,,,,,,,,,,,,,,,,,,,,,,,,,
8076003,"Ốc len, hấp",Thủy sản và sản phẩm chế biến,94.0,22.4,g,2.7,g,2.4,g,,,,,,,,,,,,,,,,,,,67.1,g,,mg,,mg,,mg,,mg,,mg,,mg,,mg,,mg,,mg,,mg,,mg,,mg,,mg,,mg,,mg,,mg,,mg,,mg,,,,,,,,,,,,,,,,,,,,,,,,,,mg,,,,,,,,,,,,,,,,,,,,,,,,,,,,,,,,,,,,,,,,,,,,,,,,,,,,,,,,,,,,,,,,,,,,,,,,,,
8076014,"Ốc len, nướng",Thủy sản và sản phẩm chế biến,94.0,22.4,g,2.7,g,2.4,g,,,,,,,,,,,,,,,,,,,67.1,g,,mg,,mg,,mg,,mg,,mg,,mg,,mg,,mg,,mg,,mg,,mg,,mg,,mg,,mg,,mg,,mg,,mg,,mg,,,,,,,,,,,,,,,,,,,,,,,,,,mg,,,,,,,,,,,,,,,,,,,,,,,,,,,,,,,,,,,,,,,,,,,,,,,,,,,,,,,,,,,,,,,,,,,,,,,,,,
8079002,"Sò dương, luộc",Thủy sản và sản phẩm chế biến,261.0,48.24,g,1.96,g,12.72,g,,,4.0,mcg,,mcg,,,24.0,mg,1.52,mg,1568.0,mg,820.0,mg,3.64,mg,30.12,g,0.41,mg,1.48,mg,1.62,mg,2.88,mg,2.96,mg,1.14,mg,0.48,mg,1.4,mg,1.18,mg,1.52,mg,2.58,mg,0.74,mg,2.14,mg,3.69,mg,5.62,mg,4.14,mg,1.14,mg,1.44,mg,0.51,g,0.32,g,0.12,g,0.19,g,0.12,g,0.52,g,0.03,g,0.01,g,,,6.96,g,88.0,mg,1336.0,mg,0.09,mg,0.07,mg,51.2,mcg,,mcg,,mg,0.03,mg,0.06,mg,2.53,mg,0.69,mg,0.29,mg,64.0,mcg,64.0,mcg,,mcg,0.02,g,,g,,mcg,4.0,mcg,,,96.0,mg,0.12,g,5.68,mcg,,g,,g,,g,,g,0.0,g,0.03,g,0.04,g,0.03,g,0.01,g,,mcg,,mcg,,mg,64.0,mcg,260.0,mg,0.0,g,0.0,g,0.02,g
8079003,"Sò dương, hấp",Thủy sản và sản phẩm chế biến,261.0,48.24,g,1.96,g,12.72,g,,,4.0,mcg,,mcg,,,24.0,mg,1.52,mg,1568.0,mg,820.0,mg,3.64,mg,30.12,g,0.41,mg,1.48,mg,1.62,mg,2.88,mg,2.96,mg,1.14,mg,0.48,mg,1.4,mg,1.18,mg,1.52,mg,2.58,mg,0.74,mg,2.14,mg,3.69,mg,5.62,mg,4.14,mg,1.14,mg,1.44,mg,0.51,g,0.32,g,0.12,g,0.19,g,0.12,g,0.52,g,0.03,g,0.01,g,,,6.96,g,88.0,mg,1336.0,mg,0.09,mg,0.07,mg,51.2,mcg,,mcg,,mg,0.03,mg,0.06,mg,2.53,mg,0.69,mg,0.29,mg,64.0,mcg,64.0,mcg,,mcg,0.02,g,,g,,mcg,4.0,mcg,,,96.0,mg,0.12,g,5.68,mcg,,g,,g,,g,,g,0.0,g,0.03,g,0.04,g,0.03,g,0.01,g,,mcg,,mcg,,mg,64.0,mcg,260.0,mg,0.0,g,0.0,g,0.02,g
8079014,"Sò dương, nướng",Thủy sản và sản phẩm chế biến,261.0,48.24,g,1.96,g,12.72,g,,,4.0,mcg,,mcg,,,24.0,mg,1.52,mg,1568.0,mg,820.0,mg,3.64,mg,30.12,g,0.41,mg,1.48,mg,1.62,mg,2.88,mg,2.96,mg,1.14,mg,0.48,mg,1.4,mg,1.18,mg,1.52,mg,2.58,mg,0.74,mg,2.14,mg,3.69,mg,5.62,mg,4.14,mg,1.14,mg,1.44,mg,0.51,g,0.32,g,0.12,g,0.19,g,0.12,g,0.52,g,0.03,g,0.01,g,,,6.96,g,88.0,mg,1336.0,mg,0.09,mg,0.07,mg,51.2,mcg,,mcg,,mg,0.03,mg,0.05,mg,2.53,mg,0.82,mg,0.26,mg,64.0,mcg,64.0,mcg,,mcg,0.02,g,,g,,mcg,4.0,mcg,,,96.0,mg,0.12,g,5.68,mcg,,g,,g,,g,,g,0.0,g,0.03,g,0.04,g,0.03,g,0.01,g,,mcg,,mcg,,mg,64.0,mcg,260.0,mg,0.0,g,0.0,g,0.02,g
8080002,"Sò điệp, luộc",Thủy sản và sản phẩm chế biến,69.0,12.1,g,0.49,g,3.18,g,,,,,,,,,6.0,mg,0.38,mg,292.0,mg,205.0,mg,0.91,mg,82.5,g,,,,,,,,,,,,,,,,,,,,,,,,,,,,,,,,,,,,,,,,,,,,,,,,,,,,,,,,,,,,,,,,,,,,,,,,,,,,,,,,,,,,,,,,,,,,,,,,,,,,,,,,,,,,,,,,,,,,,,,,,,,,,,,,,,,,,,,,
8080003,"Sò điệp, hấp",Thủy sản và sản phẩm chế biến,69.0,12.1,g,0.49,g,3.18,g,,,,,,,,,6.0,mg,0.38,mg,292.0,mg,205.0,mg,0.91,mg,82.5,g,,mg,,mg,,mg,,mg,,mg,,mg,,mg,,mg,,mg,,mg,,mg,,mg,,mg,,mg,,mg,,mg,,mg,,mg,,,,,,,,,,,,,,,,,,,,,,,,,,mg,,,,,,,,,,,,,,,,,,,,,,,,,,,,,,,,,,,,,,,,,,,,,,,,,,,,,,,,,,,,,,,,,,,,,,,,,,
8080014,"Sò điệp, nướng",Thủy sản và sản phẩm chế biến,69.0,12.1,g,0.49,g,3.18,g,,,,,,,,,6.0,mg,0.38,mg,292.0,mg,205.0,mg,0.91,mg,82.5,g,,mg,,mg,,mg,,mg,,mg,,mg,,mg,,mg,,mg,,mg,,mg,,mg,,mg,,mg,,mg,,mg,,mg,,mg,,,,,,,,,,,,,,,,,,,,,,,,,,mg,,,,,,,,,,,,,,,,,,,,,,,,,,,,,,,,,,,,,,,,,,,,,,,,,,,,,,,,,,,,,,,,,,,,,,,,,,
8081003,"Sò lông, hấp",Thủy sản và sản phẩm chế biến,316.0,54.0,g,2.8,g,18.8,g,,,,mcg,,mcg,,mg,120.0,mg,64.8,mg,,mg,,mg,,mg,15.2,g,,mg,,mg,,mg,,mg,,mg,,mg,,mg,,mg,,mg,,mg,,mg,,mg,,mg,,mg,,mg,,mg,,mg,,mg,,g,,g,,g,,g,,g,,g,,g,,g,,g,9.2,g,,mg,,mg,,mg,,mg,,mcg,,mcg,,mg,0.04,mg,0.8,mg,11.52,mg,,mg,,mg,,mcg,,mcg,,mcg,,g,,g,,mcg,,mcg,,g,,mg,,g,,mcg,,g,,g,,g,,g,,g,,g,,g,,g,,g,,mcg,,mcg,,mg,,mcg,,mg,,g,,g,,g
8081014,"Sò lông, nướng",Thủy sản và sản phẩm chế biến,316.0,54.0,g,2.8,g,18.8,g,,,,mcg,,mcg,,mg,120.0,mg,64.8,mg,,mg,,mg,,mg,15.2,g,,mg,,mg,,mg,,mg,,mg,,mg,,mg,,mg,,mg,,mg,,mg,,mg,,mg,,mg,,mg,,mg,,mg,,mg,,g,,g,,g,,g,,g,,g,,g,,g,,g,9.2,g,,mg,,mg,,mg,,mg,,mcg,,mcg,,mg,0.04,mg,0.8,mg,11.52,mg,,mg,,mg,,mcg,,mcg,,mcg,,g,,g,,mcg,,mcg,,g,,mg,,g,,mcg,,g,,g,,g,,g,,g,,g,,g,,g,,g,,mcg,,mcg,,mg,,mcg,,mg,,g,,g,,g
8092,"Cá basa, tươi",Thủy sản và sản phẩm chế biến,119.0,15.2,g,5.94,g,,,,,,,,,,,8.0,mg,0.23,mg,98.0,mg,302.0,mg,0.48,mg,79.1,g,0.18,mg,0.69,mg,0.68,mg,1.15,mg,1.39,mg,0.45,mg,0.16,mg,0.61,mg,0.51,mg,0.74,mg,0.95,mg,0.33,mg,0.86,mg,1.49,mg,2.16,mg,0.77,mg,0.57,mg,0.58,mg,1.31,g,0.94,g,0.28,g,2.57,g,2.31,g,1.12,g,0.76,g,0.05,g,,,1.05,g,19.0,mg,204.0,mg,0.03,mg,0.02,mg,8.2,mcg,0.2,mcg,,,0.02,mg,0.08,mg,2.1,mg,0.67,mg,0.15,mg,10.0,mcg,10.0,mcg,2.1,mcg,0.13,g,,,,,,,,,55.0,mg,2.33,g,2.88,mcg,,,,,,,,,0.0,g,0.06,g,0.14,g,0.8,g,0.07,g,,,0.2,mcg,0.81,mg,10.0,mcg,65.0,mg,0.01,g,0.0,g,0.05,g
8093,Tôm tít (bề bề),Thủy sản và sản phẩm chế biến,82.0,17.6,g,0.9,g,0.9,g,20.0,mcg,20.42,mcg,5.0,mcg,,,79.0,mg,1.6,mg,148.0,mg,185.0,mg,1.11,mg,79.2,g,,,,,,,,,,,,,,,,,,,,,,,,,,,,,,,,,,,,,0.12,g,0.06,g,0.04,g,0.08,g,0.05,g,0.13,g,0.04,g,0.0,g,,,1.4,g,37.0,mg,184.0,mg,0.26,mg,0.05,mg,38.0,mcg,0.05,mcg,1.1,mg,0.04,mg,0.08,mg,2.3,mg,0.28,mg,0.1,mg,3.0,mcg,3.0,mcg,,,0.01,g,0.02,g,,,,,,,,,,,,,,,,,,,,,,,,,,,,,,,,,,,,,,,,,0.0,g,,,,
8094,Tu hài,Thủy sản và sản phẩm chế biến,42.0,5.37,g,0.44,g,4.03,g,,,,,,,,,116.97,mg,,,,,,,,,87.52,g,,,,,,,,,,,,,,,,,,,,,,,,,,,,,,,,,,,,,,,,,,,,,,,,,,,,,,,2.64,g,,,,,,,,,,,,,,,,,,,,,,,,,12.8,mcg,12.8,mcg,,,,,,,,,,,,,,,,,,,,,,,,,,,,,,,,,,,,,,,,,,,,,,,,,,,,
9001,Trứng gà ta,Trứng và sản phẩm chế biến,150.0,12.96,g,10.33,g,1.25,g,165.98,mcg,165.98,mcg,,,,,55.0,mg,2.7,mg,158.0,mg,176.0,mg,0.9,mg,74.5,g,188.0,mg,598.0,mg,746.0,mg,1080.0,mg,796.0,mg,428.0,mg,280.0,mg,703.0,mg,514.0,mg,876.0,mg,778.0,mg,290.0,mg,744.0,mg,1084.0,mg,1068.0,mg,436.0,mg,488.0,mg,963.0,mg,3.1,g,2.23,g,0.78,g,3.81,g,3.47,g,1.36,g,1.15,g,0.03,g,0.77,g,0.96,g,11.0,mg,210.0,mg,0.06,mg,0.04,mg,31.7,mcg,0.88,mcg,8.35,mg,0.09,mg,0.31,mg,0.2,mg,1.44,mg,0.14,mg,14.35,mcg,14.35,mcg,0.3,mcg,0.3,g,0.14,g,,,55.0,mcg,,,,,,,,,,,,,,,,,,,,,,,,,,,,,,,,,,,,,0.01,g,0.01,g,,
9002,Lòng đỏ trứng gà,Trứng và sản phẩm chế biến,327.0,13.6,g,29.8,g,1.0,g,960.0,mcg,970.29,mcg,88.0,mcg,,,134.0,mg,7.0,mg,108.0,mg,169.0,mg,3.7,mg,54.0,g,238.0,mg,883.0,mg,934.0,mg,1387.0,mg,1104.0,mg,414.0,mg,290.0,mg,709.0,mg,701.0,mg,994.0,mg,1130.0,mg,391.0,mg,817.0,mg,1361.0,mg,1995.0,mg,692.0,mg,678.0,mg,1351.0,mg,9.55,g,6.86,g,2.42,g,11.74,g,10.7,g,4.2,g,3.54,g,0.1,g,0.56,g,1.6,g,14.0,mg,532.0,mg,0.13,mg,0.06,mg,18.3,mcg,2.68,mcg,2.58,mg,0.32,mg,0.52,mg,0.03,mg,2.99,mg,0.35,mg,146.0,mcg,146.0,mcg,0.7,mcg,0.92,g,,,,,1094.0,mcg,,,,,,,,,,,,,,,,,,,,,,,,,,,,,,,,,,,,,0.03,g,0.04,g,,
9003,Lòng trắng trứng gà,Trứng và sản phẩm chế biến,46.0,10.3,g,0.1,g,1.0,g,,,,,,,,,19.0,mg,0.3,mg,215.0,mg,172.0,mg,0.2,mg,88.0,g,166.0,mg,481.0,mg,659.0,mg,940.0,mg,665.0,mg,420.0,mg,268.0,mg,679.0,mg,434.0,mg,809.0,mg,631.0,mg,245.0,mg,697.0,mg,956.0,mg,1507.0,mg,404.0,mg,406.0,mg,797.0,mg,,,,,,,,,,,,,,,,,0.71,g,0.6,g,7.0,mg,16.0,mg,0.03,mg,0.01,mg,6.8,mcg,,,,,0.01,mg,0.26,mg,0.07,mg,0.19,mg,0.01,mg,4.0,mcg,4.0,mcg,,,,,,,,,,,,,,,,,,,,,,,,,,,,,,,,,,,,,,,,,,,,,,,,,,,,
9004,Trứng vịt,Trứng và sản phẩm chế biến,172.0,13.02,g,12.02,g,2.94,g,230.74,mcg,232.41,mcg,14.0,mcg,,,71.0,mg,3.2,mg,191.0,mg,258.0,mg,0.8,mg,70.85,g,260.0,mg,736.0,mg,598.0,mg,1097.0,mg,951.0,mg,576.0,mg,285.0,mg,840.0,mg,613.0,mg,885.0,mg,765.0,mg,320.0,mg,631.0,mg,777.0,mg,1789.0,mg,422.0,mg,480.0,mg,963.0,mg,3.68,g,3.0,g,0.63,g,6.53,g,6.08,g,1.22,g,0.56,g,0.1,g,0.93,g,1.17,g,17.0,mg,210.0,mg,0.06,mg,0.04,mg,36.4,mcg,1.73,mcg,9.19,mg,0.2,mg,0.2,mg,0.1,mg,1.86,mg,0.25,mg,16.75,mcg,16.75,mcg,0.4,mcg,0.44,g,0.32,g,,,459.0,mcg,,,,,,,,,,,,,,,,,,,,,,,,,,,,,,,,,,,,,,,,,,
9005,Lòng đỏ trứng vịt,Trứng và sản phẩm chế biến,364.0,13.6,g,32.3,g,4.8,g,1625.0,mcg,1682.92,mcg,695.0,mcg,,,146.0,mg,5.6,mg,,,,,,,47.5,g,204.0,mg,868.0,mg,827.0,mg,1315.0,mg,1180.0,mg,434.0,mg,191.0,mg,679.0,mg,705.0,mg,963.0,mg,801.0,mg,447.0,mg,705.0,mg,1398.0,mg,1736.0,mg,462.0,mg,1059.0,mg,1207.0,mg,,,,,,,,,,,,,,,,,,,1.8,g,,,328.0,mg,,,,,,,,,,,0.54,mg,0.94,mg,0.2,mg,,,,,,,,,,,,,,,,,,,,,,,,,,,,,,,,,,,,,,,,,,,,,,,,,,,,,,,,,,,,
9006,Lòng trắng trứng vịt,Trứng và sản phẩm chế biến,47.0,10.7,g,0.1,g,0.8,g,,,,,,,,,6.0,mg,,mg,,,,,,,87.8,g,150.0,mg,802.0,mg,535.0,mg,1026.0,mg,759.0,mg,694.0,mg,203.0,mg,780.0,mg,588.0,mg,845.0,mg,428.0,mg,267.0,mg,493.0,mg,1069.0,mg,1635.0,mg,407.0,mg,780.0,mg,994.0,mg,,,,,,,,,,,,,,,,,,,0.6,g,,,8.0,mg,,,,,,,,,,,,,0.2,mg,0.2,mg,,,,,,,,,,,,,,,,,,,,,,,,,,,,,,,,,,,,,,,,,,,,,,,,,,,,,,,,,,,,
9007,Trứng chim cút,Trứng và sản phẩm chế biến,157.0,12.78,g,10.47,g,2.89,g,299.2,mcg,300.53,mcg,11.0,mcg,,,59.83,mg,3.65,mg,141.0,mg,132.0,mg,1.47,mg,72.67,g,209.0,mg,641.0,mg,816.0,mg,1146.0,mg,881.0,mg,421.0,mg,311.0,mg,737.0,mg,543.0,mg,940.0,mg,835.0,mg,315.0,mg,762.0,mg,1294.0,mg,1662.0,mg,434.0,mg,518.0,mg,992.0,mg,3.56,g,2.67,g,0.84,g,4.32,g,3.85,g,1.32,g,0.94,g,0.04,g,0.41,g,1.19,g,13.0,mg,226.0,mg,0.06,mg,0.04,mg,32.0,mcg,1.38,mcg,1.08,mg,0.13,mg,0.79,mg,0.15,mg,1.76,mg,0.15,mg,105.7,mcg,105.7,mcg,0.3,mcg,0.47,g,0.12,g,,,369.0,mcg,,,,,,,,,,,,,,,,,,,,,,,,,,,,,,,,,,,,,,,,,,
9008,Trứng cá,Trứng và sản phẩm chế biến,171.0,20.5,g,9.9,g,,,,,,,,,24.0,mg,28.0,mg,1.1,mg,,,,,,,64.9,g,,,,,,,,,,,,,,,,,,,,,,,,,,,,,,,,,,,,,,,1.1,g,0.16,g,,,,,,,0.24,g,0.37,g,,,4.7,g,,,230.0,mg,,,,,,,,,,,0.93,mg,0.65,mg,1.5,mg,,,,,,,,,,,,,,,,,,,,,,,,,,,,,,,,,,,,,,,,,,,,,,,,,,,,,,,,,,,,
9009,Trứng cá muối,Trứng và sản phẩm chế biến,274.0,24.6,g,17.9,g,3.5,g,561.0,mcg,561.0,mcg,,,,,275.0,mg,11.88,mg,1500.0,mg,181.0,mg,0.95,mg,47.5,g,323.0,mg,1263.0,mg,1035.0,mg,2133.0,mg,1834.0,mg,646.0,mg,449.0,mg,1071.0,mg,968.0,mg,1263.0,mg,1590.0,mg,649.0,mg,1653.0,mg,2385.0,mg,3633.0,mg,740.0,mg,1200.0,mg,1897.0,mg,4.06,g,3.56,g,0.29,g,4.63,g,3.17,g,7.41,g,0.08,g,0.02,g,,,6.5,g,300.0,mg,356.0,mg,0.11,mg,0.05,mg,65.5,mcg,5.8,mcg,7.0,mg,0.19,mg,0.62,mg,0.12,mg,3.5,mg,0.32,mg,50.0,mcg,50.0,mcg,0.7,mcg,1.04,g,0.51,g,,,720.0,mcg,,,,,,,,,,,,,,,,,,,,,,,,,,,,,,,,,,,,,,,,,,
9010,Trứng vịt lộn,Trứng và sản phẩm chế biến,182.0,13.6,g,12.4,g,4.0,g,875.0,mcg,911.25,mcg,435.0,mcg,3.0,mg,81.0,mg,3.0,mg,94.0,mg,131.0,mg,,,67.0,g,,,,,,,,,,,,,,,,,,,,,,,,,,,,,,,,,,,,,,,,,,,,,,,,,,,,,,,3.0,g,15.0,mg,212.0,mg,,,,,,,,,,,0.12,mg,0.25,mg,0.8,mg,,,,,,,,,,,,,,,,,,,,,,,,,,,,,,,,,,,,,,,,,,,,,,,,,,,,,,,,,,,,
9011,Bột trứng,Trứng và sản phẩm chế biến,563.0,44.0,g,42.2,g,1.8,g,1340.0,mcg,1404.17,mcg,770.0,mcg,,,186.0,mg,9.3,mg,,,,,,,8.5,g,,,,,,,,,,,,,,,,,,,,,,,,,,,,,,,,,,,,,,,,,,,,,,,,,,,,,,,3.5,g,,,786.0,mg,,,,,,,,,,,0.35,mg,1.23,mg,0.2,mg,,,,,,,,,,,,,,,,,,,,,,,,,,,,,,,,,,,,,,,,,,,,,,,,,,,,,,,,,,,,
9012,Trứng gà công nghiệp,Trứng và sản phẩm chế biến,132.0,12.79,g,8.17,g,1.89,g,166.4,mcg,166.4,mcg,,,,,,,,,,,,,,,76.23,g,,,,,,,,,,,,,,,,,,,,,,,,,,,,,,,,,,,,,,,,,,,,,,,,,,,,,,,0.92,g,,,,,,,,,,,2.05,mcg,9.18,mg,0.09,mg,0.18,mg,,,,,,,16.6,mcg,16.6,mcg,,,,,,,,,,,,,,,,,,,,,,,,,,,,,,,,,,,,,,,,,,,,,,,,,,,,
